ttr,avg_sentence_length,diff_ratio,clause_density,advanced_ratio,flesch_kincaid,gunning_fog,verb_ratio,noun_ratio,adj_ratio,avg_dep_distance,word_count,sentence_count,sent_len_std,punct_density,stopword_ratio,avg_word_length,syllables_per_word,cefr_a1_ratio,cefr_a2_ratio,cefr_b1_ratio,cefr_b2_ratio,cefr_c1_ratio,cefr_c2_ratio,label_id,label_name
0.5656565656565656,10.421052631578947,0.5050505050505051,0.0,0.0707070707070707,4.15,4.37,0.0,0.0,0.0,3.090909090909091,198.0,19.0,4.922670716248388,0.18686868686868688,0.5656565656565656,4.2272727272727275,1.3282828282828283,0.6767676767676768,0.16161616161616163,0.050505050505050504,0.04040404040404041,0.0,0.0707070707070707,0,Literal
0.6368421052631579,19.0,4.736842105263158,0.0,0.11578947368421053,10.51,9.49,0.0,0.0,0.0,4.3052631578947365,190.0,10.0,7.671375365604267,0.17894736842105263,0.47368421052631576,4.926315789473684,1.5842105263157895,0.5263157894736842,0.1631578947368421,0.14210526315789473,0.05263157894736842,0.021052631578947368,0.09473684210526316,0,Literal
0.6242038216560509,26.166666666666668,0.6369426751592357,0.0,0.11464968152866242,9.8,10.72,0.0,0.0,0.0,4.961783439490445,157.0,6.0,5.527707983925667,0.1910828025477707,0.6050955414012739,3.9044585987261144,1.286624203821656,0.6305732484076433,0.17834394904458598,0.025477707006369428,0.050955414012738856,0.0,0.11464968152866242,0,Literal
0.6833333333333333,16.363636363636363,2.7777777777777777,0.0,0.08333333333333333,6.85,7.66,0.0,0.0,0.0,3.25,180.0,11.0,13.585359158707377,0.16666666666666666,0.5333333333333333,4.466666666666667,1.3611111111111112,0.6777777777777778,0.12777777777777777,0.07777777777777778,0.027777777777777776,0.022222222222222223,0.06111111111111111,0,Literal
0.7058823529411765,19.125,1.9607843137254901,0.0,0.058823529411764705,7.6,8.43,0.0,0.0,0.0,3.803921568627451,153.0,8.0,15.495463045678887,0.1568627450980392,0.5032679738562091,4.281045751633987,1.3333333333333333,0.6993464052287581,0.1111111111111111,0.0784313725490196,0.0392156862745098,0.013071895424836602,0.0457516339869281,0,Literal
0.6756756756756757,37.0,4.72972972972973,0.0,0.033783783783783786,15.58,16.69,0.0,0.0,0.0,4.614864864864865,148.0,4.0,18.261982367749674,0.14864864864864866,0.5878378378378378,4.472972972972973,1.4189189189189189,0.6959459459459459,0.13513513513513514,0.060810810810810814,0.06756756756756757,0.0,0.033783783783783786,2,Evaluative
0.625,19.555555555555557,0.0,0.0,0.05113636363636364,5.98,7.82,0.0,0.0,0.0,3.4431818181818183,176.0,9.0,9.226906440900752,0.16477272727272727,0.6647727272727273,3.5454545454545454,1.1818181818181819,0.7386363636363636,0.11931818181818182,0.0625,0.028409090909090908,0.005681818181818182,0.045454545454545456,0,Literal
0.56,8.823529411764707,1.3333333333333335,0.0,0.013333333333333334,4.21,4.06,0.0,0.0,0.0,2.3866666666666667,150.0,17.0,4.780294036214128,0.13333333333333333,0.4266666666666667,4.52,1.3866666666666667,0.6866666666666666,0.19333333333333333,0.05333333333333334,0.05333333333333334,0.0,0.013333333333333334,0,Literal
0.6965174129353234,20.1,1.9900497512437811,0.0,0.03980099502487562,7.81,8.84,0.0,0.0,0.0,4.482587064676617,201.0,10.0,13.661991070118587,0.22885572139303484,0.5870646766169154,4.248756218905473,1.318407960199005,0.6567164179104478,0.1691542288557214,0.08955223880597014,0.03482587064676617,0.014925373134328358,0.024875621890547265,0,Literal
0.5513513513513514,20.555555555555557,7.027027027027027,0.0,0.010810810810810811,11.69,11.03,0.0,0.0,0.0,3.0108108108108107,185.0,9.0,5.656854249492381,0.11891891891891893,0.5405405405405406,5.0864864864864865,1.6324324324324324,0.6486486486486487,0.20540540540540542,0.10810810810810811,0.02702702702702703,0.0,0.010810810810810811,0,Literal
0.5113636363636364,17.6,0.0,0.0,0.017045454545454544,4.95,7.04,0.0,0.0,0.0,4.5397727272727275,176.0,10.0,8.101851640211638,0.2897727272727273,0.6193181818181818,3.721590909090909,1.1590909090909092,0.8295454545454546,0.10227272727272728,0.022727272727272728,0.028409090909090908,0.005681818181818182,0.011363636363636364,0,Literal
0.6263736263736264,14.0,6.043956043956044,0.0,0.07142857142857142,8.8,8.02,0.0,0.0,0.0,3.1373626373626373,182.0,13.0,5.313820319744783,0.14835164835164835,0.5,4.824175824175824,1.6043956043956045,0.5384615384615384,0.23076923076923078,0.12637362637362637,0.03296703296703297,0.016483516483516484,0.054945054945054944,0,Literal
0.6041666666666666,21.333333333333332,3.6458333333333335,0.0,0.057291666666666664,11.78,9.99,0.0,0.0,0.0,3.0208333333333335,192.0,9.0,12.260545977007753,0.08854166666666667,0.5885416666666666,4.932291666666667,1.6145833333333333,0.625,0.16145833333333334,0.08854166666666667,0.06770833333333333,0.0,0.057291666666666664,0,Literal
0.6964285714285714,12.923076923076923,2.976190476190476,0.0,0.017857142857142856,5.96,6.36,0.0,0.0,0.0,3.1666666666666665,168.0,13.0,5.608531118017903,0.17261904761904762,0.5059523809523809,4.714285714285714,1.3988095238095237,0.6011904761904762,0.20833333333333334,0.10714285714285714,0.06547619047619048,0.0,0.017857142857142856,0,Literal
0.6136363636363636,22.0,15.340909090909092,0.0,0.0,14.58,14.94,0.0,0.0,0.0,3.3125,176.0,8.0,12.569805089976535,0.14772727272727273,0.5170454545454546,5.25,1.8295454545454546,0.5738636363636364,0.3125,0.07386363636363637,0.03977272727272727,0.0,0.0,1,Inferential
0.6257668711656442,13.583333333333334,1.2269938650306749,0.0,0.03680981595092025,4.91,5.92,0.0,0.0,0.0,3.6319018404907975,163.0,12.0,8.210342393726476,0.20245398773006135,0.6073619631901841,4.03680981595092,1.2883435582822085,0.7239263803680982,0.1656441717791411,0.03680981595092025,0.03680981595092025,0.024539877300613498,0.012269938650306749,0,Literal
0.5759162303664922,14.692307692307692,2.094240837696335,0.0,0.005235602094240838,6.94,6.71,0.0,0.0,0.0,3.5916230366492146,191.0,13.0,8.65717884545134,0.225130890052356,0.612565445026178,4.104712041884817,1.4240837696335078,0.7486910994764397,0.16753926701570682,0.03664921465968586,0.041884816753926704,0.0,0.005235602094240838,0,Literal
0.5777777777777777,15.0,0.0,0.0,0.044444444444444446,5.67,6.0,0.0,0.0,0.0,3.5944444444444446,180.0,12.0,6.593346814950827,0.18888888888888888,0.5777777777777777,4.055555555555555,1.3055555555555556,0.7166666666666667,0.14444444444444443,0.05,0.044444444444444446,0.0,0.044444444444444446,0,Literal
0.6043956043956044,26.0,6.593406593406594,0.0,0.027472527472527472,13.35,13.04,0.0,0.0,0.0,3.532967032967033,182.0,7.0,8.757504070853773,0.07142857142857142,0.5439560439560439,4.824175824175824,1.5934065934065933,0.6153846153846154,0.1978021978021978,0.0989010989010989,0.06043956043956044,0.0,0.027472527472527472,1,Inferential
0.5978835978835979,47.25,6.878306878306878,0.0,0.015873015873015872,21.88,21.65,0.0,0.0,0.0,4.084656084656085,189.0,4.0,11.76860229593982,0.06878306878306878,0.544973544973545,4.894179894179894,1.6137566137566137,0.6243386243386243,0.17989417989417988,0.10582010582010581,0.07407407407407407,0.005291005291005291,0.010582010582010581,2,Evaluative
0.5649717514124294,25.285714285714285,2.824858757062147,0.0,0.07909604519774012,10.54,11.24,0.0,0.0,0.0,3.3446327683615817,177.0,7.0,5.469768491164756,0.11864406779661017,0.6101694915254238,4.361581920903955,1.3785310734463276,0.6497175141242938,0.0903954802259887,0.12429378531073447,0.05084745762711865,0.0,0.07909604519774012,0,Literal
0.573170731707317,11.714285714285714,1.2195121951219512,0.0,0.006097560975609756,6.1,5.17,0.0,0.0,0.0,2.5548780487804876,164.0,14.0,6.249897958350673,0.11585365853658537,0.6158536585365854,4.317073170731708,1.451219512195122,0.6280487804878049,0.20121951219512196,0.13414634146341464,0.03048780487804878,0.0,0.006097560975609756,0,Literal
0.6310160427807486,31.166666666666668,3.2085561497326207,0.0,0.016042780748663103,14.74,13.75,0.0,0.0,0.0,4.593582887700535,187.0,6.0,13.359349618234496,0.11764705882352941,0.5935828877005348,4.491978609625669,1.5401069518716577,0.6149732620320856,0.18716577540106952,0.13368983957219252,0.0481283422459893,0.0,0.016042780748663103,1,Inferential
0.6387434554973822,19.1,8.37696335078534,0.0,0.08900523560209424,10.89,10.99,0.0,0.0,0.0,3.1780104712041886,191.0,10.0,13.370115930686616,0.14659685863874344,0.5602094240837696,4.7643979057591626,1.612565445026178,0.612565445026178,0.13089005235602094,0.08900523560209424,0.06806282722513089,0.020942408376963352,0.06806282722513089,0,Literal
0.5751295336787565,12.0625,4.145077720207254,0.0,0.08290155440414508,5.13,6.48,0.0,0.0,0.0,3.3575129533678756,193.0,16.0,6.368562926594978,0.27461139896373055,0.5025906735751295,4.507772020725389,1.3575129533678756,0.689119170984456,0.14507772020725387,0.046632124352331605,0.031088082901554404,0.015544041450777202,0.06735751295336788,0,Literal
0.6045197740112994,29.5,1.1299435028248588,0.0,0.03389830508474576,10.98,12.25,0.0,0.0,0.0,4.440677966101695,177.0,6.0,28.241026106633512,0.1694915254237288,0.5932203389830508,4.203389830508475,1.2768361581920904,0.711864406779661,0.1751412429378531,0.04519774011299435,0.03389830508474576,0.022598870056497175,0.011299435028248588,0,Literal
0.5088757396449705,13.0,7.100591715976331,0.0,0.029585798816568046,7.7,8.04,0.0,0.0,0.0,4.189349112426036,169.0,13.0,8.127679348844486,0.1834319526627219,0.5384615384615384,4.627218934911243,1.544378698224852,0.650887573964497,0.10650887573964497,0.08284023668639054,0.1301775147928994,0.011834319526627219,0.01775147928994083,0,Literal
0.7013888888888888,28.8,5.555555555555555,0.0,0.027777777777777776,15.31,13.74,0.0,0.0,0.0,3.5694444444444446,144.0,5.0,17.338973441354593,0.10416666666666667,0.5486111111111112,5.048611111111111,1.6666666666666667,0.5416666666666666,0.1875,0.1527777777777778,0.09027777777777778,0.013888888888888888,0.013888888888888888,2,Evaluative
0.5625,19.555555555555557,1.1363636363636365,0.0,0.005681818181818182,7.26,8.28,0.0,0.0,0.0,3.710227272727273,176.0,9.0,7.931808132255443,0.13068181818181818,0.6363636363636364,4.034090909090909,1.2897727272727273,0.7897727272727273,0.14204545454545456,0.03977272727272727,0.022727272727272728,0.0,0.005681818181818182,0,Literal
0.7062146892655368,19.666666666666668,1.1299435028248588,0.0,0.062146892655367235,7.75,8.32,0.0,0.0,0.0,3.768361581920904,177.0,9.0,11.33442260560586,0.1864406779661017,0.5649717514124294,4.135593220338983,1.3276836158192091,0.6892655367231638,0.12994350282485875,0.05649717514124294,0.05084745762711865,0.0,0.062146892655367235,0,Literal
0.6181818181818182,12.692307692307692,1.8181818181818181,0.0,0.06060606060606061,4.88,5.8,0.0,0.0,0.0,3.709090909090909,165.0,13.0,5.343801363987202,0.18787878787878787,0.509090909090909,4.236363636363636,1.3151515151515152,0.7333333333333333,0.10909090909090909,0.06060606060606061,0.03636363636363636,0.006060606060606061,0.05454545454545454,0,Literal
0.5508982035928144,18.555555555555557,2.9940119760479043,0.0,0.0658682634730539,9.66,8.62,0.0,0.0,0.0,3.1197604790419162,167.0,9.0,5.286834334831253,0.11976047904191617,0.47904191616766467,4.532934131736527,1.526946107784431,0.5389221556886228,0.16167664670658682,0.10778443113772455,0.07784431137724551,0.011976047904191617,0.05389221556886228,0,Literal
0.4606741573033708,22.25,5.617977528089887,0.0,0.011235955056179775,10.52,11.15,0.0,0.0,0.0,4.786516853932584,178.0,8.0,8.774074025217704,0.15730337078651685,0.5842696629213483,4.387640449438202,1.4775280898876404,0.6235955056179775,0.1797752808988764,0.1404494382022472,0.0449438202247191,0.0,0.011235955056179775,0,Literal
0.5921052631578947,30.4,5.921052631578947,0.0,0.02631578947368421,15.05,14.53,0.0,0.0,0.0,4.019736842105263,152.0,5.0,25.09183134009951,0.13815789473684212,0.5723684210526315,4.6381578947368425,1.5921052631578947,0.625,0.20394736842105263,0.07894736842105263,0.06578947368421052,0.013157894736842105,0.013157894736842105,2,Evaluative
0.6,14.090909090909092,0.6451612903225806,0.0,0.03225806451612903,4.14,5.89,0.0,0.0,0.0,3.470967741935484,155.0,11.0,8.135220844071672,0.18064516129032257,0.5870967741935483,3.761290322580645,1.206451612903226,0.7290322580645161,0.13548387096774195,0.05161290322580645,0.05161290322580645,0.012903225806451613,0.01935483870967742,0,Literal
0.5511363636363636,16.0,6.25,0.0,0.03977272727272727,10.43,8.9,0.0,0.0,0.0,2.772727272727273,176.0,11.0,10.50540986176343,0.10227272727272728,0.45454545454545453,5.068181818181818,1.6761363636363635,0.6079545454545454,0.1590909090909091,0.14204545454545456,0.05113636363636364,0.022727272727272728,0.017045454545454544,0,Literal
0.5617283950617284,13.5,0.6172839506172839,0.0,0.11728395061728394,4.46,5.65,0.0,0.0,0.0,4.901234567901234,162.0,12.0,4.527692569068709,0.4074074074074074,0.5123456790123457,4.209876543209877,1.2530864197530864,0.6666666666666666,0.11728395061728394,0.037037037037037035,0.06172839506172839,0.04938271604938271,0.06790123456790123,0,Literal
0.6524390243902439,18.22222222222222,0.6097560975609756,0.0,0.054878048780487805,6.91,7.53,0.0,0.0,0.0,3.518292682926829,164.0,9.0,9.134117295362048,0.17073170731707318,0.524390243902439,4.201219512195122,1.3048780487804879,0.6646341463414634,0.1524390243902439,0.10365853658536585,0.024390243902439025,0.012195121951219513,0.042682926829268296,0,Literal
0.6770186335403726,20.125,1.2422360248447204,0.0,0.055900621118012424,7.06,8.55,0.0,0.0,0.0,3.987577639751553,161.0,8.0,12.613856468186087,0.17391304347826086,0.546583850931677,4.149068322981367,1.2546583850931676,0.6956521739130435,0.14906832298136646,0.055900621118012424,0.043478260869565216,0.006211180124223602,0.049689440993788817,0,Literal
0.5935483870967742,38.75,12.258064516129032,0.0,0.025806451612903226,20.76,20.4,0.0,0.0,0.0,4.529032258064516,155.0,4.0,15.628499608087784,0.18064516129032257,0.45161290322580644,5.445161290322581,1.8,0.4838709677419355,0.3032258064516129,0.12258064516129032,0.06451612903225806,0.0064516129032258064,0.01935483870967742,2,Evaluative
0.625,14.4,4.166666666666666,0.0,0.0625,6.99,7.43,0.0,0.0,0.0,3.2152777777777777,144.0,10.0,9.82089608946149,0.1388888888888889,0.5763888888888888,4.4375,1.4375,0.6736111111111112,0.13194444444444445,0.04861111111111111,0.041666666666666664,0.0,0.0625,0,Literal
0.6045197740112994,25.285714285714285,0.0,0.0,0.022598870056497175,8.8,10.11,0.0,0.0,0.0,4.141242937853107,177.0,7.0,9.160696881075085,0.2033898305084746,0.6440677966101694,3.7175141242937855,1.231638418079096,0.7344632768361582,0.15819209039548024,0.05084745762711865,0.03389830508474576,0.0,0.022598870056497175,0,Literal
0.6510067114093959,21.285714285714285,2.684563758389262,0.0,0.04697986577181208,9.1,9.59,0.0,0.0,0.0,3.4832214765100673,149.0,7.0,13.82396617531765,0.12751677852348994,0.6845637583892618,4.100671140939597,1.389261744966443,0.6845637583892618,0.18120805369127516,0.06040268456375839,0.026845637583892617,0.013422818791946308,0.03355704697986577,0,Literal
0.5513513513513514,13.214285714285714,4.864864864864865,0.0,0.032432432432432434,7.81,7.23,0.0,0.0,0.0,2.7567567567567566,185.0,14.0,6.0693273674994295,0.12432432432432433,0.5621621621621622,4.691891891891892,1.545945945945946,0.6432432432432432,0.11351351351351352,0.10270270270270271,0.10810810810810811,0.0,0.032432432432432434,0,Literal
0.7218934911242604,28.166666666666668,3.5502958579881656,0.0,0.0650887573964497,12.43,12.69,0.0,0.0,0.0,3.698224852071006,169.0,6.0,10.730279068546581,0.11242603550295859,0.5739644970414202,4.568047337278107,1.4437869822485208,0.6331360946745562,0.17751479289940827,0.047337278106508875,0.07692307692307693,0.01775147928994083,0.047337278106508875,1,Inferential
0.5736040609137056,24.625,5.0761421319796955,0.0,0.005076142131979695,11.56,11.88,0.0,0.0,0.0,3.8934010152284264,197.0,8.0,9.151502608861563,0.12690355329949238,0.6142131979695431,4.553299492385787,1.4873096446700507,0.6192893401015228,0.20812182741116753,0.1116751269035533,0.05583756345177665,0.0,0.005076142131979695,0,Literal
0.5519125683060109,45.75,0.546448087431694,0.0,0.04918032786885246,16.31,18.52,0.0,0.0,0.0,5.382513661202186,183.0,4.0,19.803724397193573,0.11475409836065574,0.6885245901639344,3.6885245901639343,1.1912568306010929,0.7103825136612022,0.16939890710382513,0.03825136612021858,0.03278688524590164,0.00546448087431694,0.04371584699453552,2,Evaluative
0.6205128205128205,17.727272727272727,1.0256410256410255,0.0,0.046153846153846156,5.73,7.5,0.0,0.0,0.0,3.394871794871795,195.0,11.0,7.522967587482619,0.15384615384615385,0.5948717948717949,4.0,1.2205128205128206,0.717948717948718,0.1641025641025641,0.02564102564102564,0.046153846153846156,0.010256410256410256,0.035897435897435895,0,Literal
0.5608465608465608,21.0,0.5291005291005291,0.0,0.026455026455026454,6.21,8.61,0.0,0.0,0.0,3.7936507936507935,189.0,9.0,6.342099196813483,0.13756613756613756,0.6349206349206349,3.804232804232804,1.1534391534391535,0.783068783068783,0.1111111111111111,0.037037037037037035,0.042328042328042326,0.015873015873015872,0.010582010582010581,0,Literal
0.6270270270270271,23.125,0.5405405405405406,0.0,0.07567567567567568,9.12,9.47,0.0,0.0,0.0,3.5891891891891894,185.0,8.0,10.391553060057962,0.15675675675675677,0.5297297297297298,4.291891891891892,1.3297297297297297,0.6648648648648648,0.15675675675675677,0.06486486486486487,0.03783783783783784,0.0,0.07567567567567568,0,Literal
0.6214689265536724,16.09090909090909,2.2598870056497176,0.0,0.03389830508474576,6.02,7.34,0.0,0.0,0.0,2.9604519774011298,177.0,11.0,9.746370377591347,0.14124293785310735,0.6497175141242938,4.27683615819209,1.2994350282485876,0.7175141242937854,0.11864406779661017,0.07909604519774012,0.04519774011299435,0.0,0.03389830508474576,0,Literal
0.7443181818181818,22.0,2.272727272727273,0.0,0.05113636363636364,9.55,9.71,0.0,0.0,0.0,3.789772727272727,176.0,8.0,11.478240283248997,0.19318181818181818,0.5852272727272727,4.346590909090909,1.4034090909090908,0.6363636363636364,0.20454545454545456,0.0625,0.03977272727272727,0.005681818181818182,0.045454545454545456,0,Literal
0.5,9.333333333333334,0.5102040816326531,0.0,0.025510204081632654,3.1,3.94,0.0,0.0,0.0,3.0153061224489797,196.0,21.0,4.902218480621404,0.2602040816326531,0.5918367346938775,3.806122448979592,1.2755102040816326,0.7397959183673469,0.1326530612244898,0.05612244897959184,0.025510204081632654,0.0,0.025510204081632654,0,Literal
0.6026490066225165,25.166666666666668,4.635761589403973,0.0,0.059602649006622516,11.89,11.92,0.0,0.0,0.0,3.6026490066225167,151.0,6.0,9.529194905948536,0.13245033112582782,0.5960264900662252,4.576158940397351,1.4966887417218544,0.6556291390728477,0.13245033112582782,0.10596026490066225,0.039735099337748346,0.013245033112582781,0.046357615894039736,0,Literal
0.6145833333333334,27.428571428571427,5.208333333333334,0.0,0.026041666666666668,13.54,13.05,0.0,0.0,0.0,3.6927083333333335,192.0,7.0,14.271421421419632,0.10416666666666667,0.6354166666666666,4.546875,1.5625,0.609375,0.1875,0.10416666666666667,0.07291666666666667,0.005208333333333333,0.020833333333333332,1,Inferential
0.6369426751592356,22.428571428571427,7.006369426751593,0.0,0.025477707006369428,9.17,11.77,0.0,0.0,0.0,3.1464968152866244,157.0,7.0,6.540298938434056,0.11464968152866242,0.6114649681528662,4.2165605095541405,1.356687898089172,0.7133757961783439,0.08917197452229299,0.07006369426751592,0.10191082802547771,0.0,0.025477707006369428,0,Literal
0.6237113402061856,21.555555555555557,3.608247422680412,0.0,0.04639175257731959,10.03,10.07,0.0,0.0,0.0,3.5257731958762886,194.0,9.0,9.3571125650788,0.12886597938144329,0.5515463917525774,4.422680412371134,1.458762886597938,0.711340206185567,0.1134020618556701,0.07216494845360824,0.05670103092783505,0.010309278350515464,0.03608247422680412,0,Literal
0.5783783783783784,18.5,4.324324324324325,0.0,0.03783783783783784,8.91,9.13,0.0,0.0,0.0,3.135135135135135,185.0,10.0,4.738143096192854,0.10810810810810811,0.4540540540540541,4.794594594594595,1.4648648648648648,0.5945945945945946,0.21621621621621623,0.13513513513513514,0.016216216216216217,0.0,0.03783783783783784,0,Literal
0.5674157303370787,14.833333333333334,7.865168539325842,0.0,0.07303370786516854,8.82,9.08,0.0,0.0,0.0,2.842696629213483,178.0,12.0,6.249444419750891,0.12359550561797752,0.4887640449438202,4.921348314606742,1.5786516853932584,0.6741573033707865,0.11797752808988764,0.0898876404494382,0.0449438202247191,0.011235955056179775,0.06179775280898876,0,Literal
0.5492957746478874,20.285714285714285,0.0,0.0,0.007042253521126761,5.53,8.11,0.0,0.0,0.0,4.471830985915493,142.0,7.0,13.284946214357337,0.19014084507042253,0.5915492957746479,3.852112676056338,1.119718309859155,0.795774647887324,0.14788732394366197,0.035211267605633804,0.014084507042253521,0.0,0.007042253521126761,0,Literal
0.553763440860215,23.25,0.0,0.0,0.053763440860215055,7.94,9.3,0.0,0.0,0.0,3.89247311827957,186.0,8.0,11.22218784373172,0.12365591397849462,0.6182795698924731,3.8548387096774195,1.2258064516129032,0.7634408602150538,0.11827956989247312,0.04838709677419355,0.016129032258064516,0.0,0.053763440860215055,0,Literal
0.49101796407185627,10.4375,0.5988023952095809,0.0,0.05389221556886228,3.39,4.41,0.0,0.0,0.0,2.6706586826347305,167.0,16.0,3.6223050327105253,0.16167664670658682,0.48502994011976047,4.251497005988024,1.2634730538922156,0.6946107784431138,0.0658682634730539,0.059880239520958084,0.08982035928143713,0.005988023952095809,0.04790419161676647,0,Literal
0.4789473684210526,31.666666666666668,3.1578947368421053,0.0,0.06315789473684211,13.34,13.93,0.0,0.0,0.0,4.673684210526316,190.0,6.0,11.954775893619532,0.1368421052631579,0.5736842105263158,4.268421052631579,1.4052631578947368,0.6,0.1736842105263158,0.10526315789473684,0.05789473684210526,0.005263157894736842,0.05789473684210526,1,Inferential
0.644808743169399,36.6,0.546448087431694,0.0,0.01639344262295082,13.51,14.86,0.0,0.0,0.0,4.497267759562842,183.0,5.0,17.29277305697383,0.16393442622950818,0.6939890710382514,3.808743169398907,1.2568306010928962,0.726775956284153,0.19672131147540983,0.04371584699453552,0.01639344262295082,0.00546448087431694,0.01092896174863388,1,Inferential
0.4631578947368421,4.871794871794871,0.0,0.0,0.09473684210526316,1.53,1.95,0.0,0.0,0.0,2.0157894736842104,190.0,39.0,1.7004466288809492,0.22631578947368422,0.5052631578947369,3.6842105263157894,1.2894736842105263,0.7421052631578947,0.1368421052631579,0.005263157894736842,0.021052631578947368,0.005263157894736842,0.08947368421052632,0,Literal
0.6222222222222222,16.363636363636363,0.0,0.0,0.044444444444444446,5.8,6.55,0.0,0.0,0.0,4.388888888888889,180.0,11.0,12.50057849901025,0.22777777777777777,0.5722222222222222,4.022222222222222,1.2722222222222221,0.7555555555555555,0.12777777777777777,0.027777777777777776,0.044444444444444446,0.005555555555555556,0.03888888888888889,0,Literal
0.520618556701031,8.818181818181818,0.5154639175257731,0.0,0.0979381443298969,2.51,3.73,0.0,0.0,0.0,2.6030927835051547,194.0,22.0,2.3088045634909626,0.15463917525773196,0.5567010309278351,4.144329896907217,1.2422680412371134,0.6649484536082474,0.15463917525773196,0.04639175257731959,0.03608247422680412,0.005154639175257732,0.09278350515463918,0,Literal
0.7065217391304348,36.8,7.065217391304348,0.0,0.07608695652173914,17.62,17.55,0.0,0.0,0.0,4.005434782608695,184.0,5.0,3.4409301068170506,0.14130434782608695,0.5054347826086957,4.831521739130435,1.5978260869565217,0.6032608695652174,0.17391304347826086,0.08695652173913043,0.05434782608695652,0.0,0.07608695652173914,2,Evaluative
0.6347305389221557,27.833333333333332,4.191616766467066,0.0,0.0658682634730539,12.36,12.81,0.0,0.0,0.0,4.191616766467066,167.0,6.0,14.556403707265366,0.16167664670658682,0.5389221556886228,4.610778443113772,1.4491017964071857,0.6167664670658682,0.11377245508982035,0.1497005988023952,0.05389221556886228,0.005988023952095809,0.059880239520958084,1,Inferential
0.6473684210526316,13.571428571428571,0.5263157894736842,0.0,0.05263157894736842,5.35,5.64,0.0,0.0,0.0,3.373684210526316,190.0,14.0,8.155691639735343,0.1736842105263158,0.531578947368421,4.121052631578947,1.3263157894736841,0.6473684210526316,0.16842105263157894,0.042105263157894736,0.06842105263157895,0.010526315789473684,0.042105263157894736,0,Literal
0.5777777777777777,15.0,5.555555555555555,0.0,0.05555555555555555,10.58,8.22,0.0,0.0,0.0,3.422222222222222,180.0,12.0,9.004242827072629,0.14444444444444443,0.5222222222222223,4.911111111111111,1.7222222222222223,0.5722222222222222,0.2,0.10555555555555556,0.06666666666666667,0.005555555555555556,0.05,0,Literal
0.5226130653266332,24.875,2.512562814070352,0.0,0.01507537688442211,8.82,10.96,0.0,0.0,0.0,4.261306532663316,199.0,8.0,11.67194820927509,0.19597989949748743,0.6231155778894473,3.85929648241206,1.2462311557788945,0.7688442211055276,0.135678391959799,0.04522613065326633,0.035175879396984924,0.005025125628140704,0.010050251256281407,0,Literal
0.5662650602409639,33.2,6.626506024096386,0.0,0.024096385542168676,17.33,15.93,0.0,0.0,0.0,3.7289156626506026,166.0,5.0,14.386104406683554,0.13253012048192772,0.5602409638554217,5.054216867469879,1.6927710843373494,0.6144578313253012,0.14457831325301204,0.13253012048192772,0.08433734939759036,0.012048192771084338,0.012048192771084338,2,Evaluative
0.6774193548387096,31.0,1.935483870967742,0.0,0.05806451612903226,13.4,13.17,0.0,0.0,0.0,3.8129032258064517,155.0,5.0,12.544321424453376,0.13548387096774195,0.6193548387096774,4.406451612903226,1.4322580645161291,0.6451612903225806,0.12258064516129032,0.1032258064516129,0.03870967741935484,0.01935483870967742,0.03870967741935484,1,Inferential
0.5533333333333333,10.714285714285714,12.0,0.0,0.013333333333333334,9.91,9.09,0.0,0.0,0.0,2.88,150.0,14.0,4.401414429429685,0.20666666666666667,0.4666666666666667,5.413333333333333,1.8066666666666666,0.6266666666666667,0.18666666666666668,0.09333333333333334,0.08,0.006666666666666667,0.006666666666666667,0,Literal
0.5705882352941176,21.25,8.823529411764707,0.0,0.1,13.31,12.03,0.0,0.0,0.0,4.188235294117647,170.0,8.0,12.348456381264826,0.2,0.5352941176470588,5.117647058823529,1.7470588235294118,0.5352941176470588,0.1,0.10588235294117647,0.08235294117647059,0.0,0.1,1,Inferential
0.6470588235294118,28.333333333333332,1.1764705882352942,0.0,0.047058823529411764,9.76,11.8,0.0,0.0,0.0,4.511764705882353,170.0,6.0,12.694049349553076,0.1411764705882353,0.6235294117647059,3.9235294117647057,1.2117647058823529,0.6647058823529411,0.1411764705882353,0.08235294117647059,0.06470588235294118,0.0,0.047058823529411764,0,Literal
0.6648351648351648,14.0,1.6483516483516485,0.0,0.038461538461538464,5.62,6.26,0.0,0.0,0.0,3.631868131868132,182.0,13.0,7.697690424395001,0.23076923076923078,0.554945054945055,4.214285714285714,1.335164835164835,0.6373626373626373,0.17582417582417584,0.09340659340659341,0.054945054945054944,0.0,0.038461538461538464,0,Literal
0.6686746987951807,9.764705882352942,6.024096385542169,0.0,0.03614457831325301,4.85,6.32,0.0,0.0,0.0,4.156626506024097,166.0,17.0,6.487677966570464,0.3253012048192771,0.5240963855421686,4.656626506024097,1.4096385542168675,0.6626506024096386,0.14457831325301204,0.05421686746987952,0.07228915662650602,0.012048192771084338,0.024096385542168676,0,Literal
0.5129533678756477,12.0625,0.0,0.0,0.010362694300518135,2.01,4.83,0.0,0.0,0.0,3.2797927461139897,193.0,16.0,6.159025389621315,0.19689119170984457,0.6010362694300518,3.5544041450777204,1.0932642487046633,0.7564766839378239,0.16580310880829016,0.025906735751295335,0.04145077720207254,0.0,0.010362694300518135,0,Literal
0.5234899328859061,13.545454545454545,1.342281879194631,0.0,0.006711409395973154,3.31,5.96,0.0,0.0,0.0,3.8926174496644297,149.0,11.0,10.686362669656969,0.26174496644295303,0.6241610738255033,3.704697986577181,1.1543624161073827,0.7248322147651006,0.1610738255033557,0.08053691275167785,0.026845637583892617,0.0,0.006711409395973154,0,Literal
0.5748502994011976,20.875,8.383233532934131,0.0,0.08982035928143713,12.69,11.7,0.0,0.0,0.0,3.5748502994011977,167.0,8.0,6.959705453537527,0.17365269461077845,0.4431137724550898,5.017964071856287,1.7065868263473054,0.48502994011976047,0.17365269461077845,0.1317365269461078,0.10179640718562874,0.005988023952095809,0.08383233532934131,1,Inferential
0.5392670157068062,9.095238095238095,1.0471204188481675,0.0,0.0,3.09,4.06,0.0,0.0,0.0,2.696335078534031,191.0,21.0,4.36331854817345,0.15706806282722513,0.5759162303664922,4.12565445026178,1.2827225130890052,0.8743455497382199,0.09424083769633508,0.02617801047120419,0.005235602094240838,0.0,0.0,0,Literal
0.6358024691358025,20.25,14.814814814814813,0.0,0.030864197530864196,15.11,14.03,0.0,0.0,0.0,3.1666666666666665,162.0,8.0,3.7332961307670196,0.13580246913580246,0.3950617283950617,5.845679012345679,1.9320987654320987,0.5,0.19135802469135801,0.12962962962962962,0.14814814814814814,0.012345679012345678,0.018518518518518517,2,Evaluative
0.5328947368421053,10.133333333333333,0.0,0.0,0.02631578947368421,1.71,4.05,0.0,0.0,0.0,2.763157894736842,152.0,15.0,2.3626726862225804,0.2236842105263158,0.5526315789473685,3.7171052631578947,1.131578947368421,0.8092105263157895,0.09868421052631579,0.02631578947368421,0.039473684210526314,0.0,0.02631578947368421,0,Literal
0.6418918918918919,29.6,6.756756756756757,0.0,0.02027027027027027,16.05,14.54,0.0,0.0,0.0,3.925675675675676,148.0,5.0,12.505998560690786,0.12162162162162163,0.5,5.081081081081081,1.7027027027027026,0.5878378378378378,0.16891891891891891,0.12837837837837837,0.0945945945945946,0.02027027027027027,0.0,2,Evaluative
0.6494252873563219,24.857142857142858,5.747126436781609,0.0,0.034482758620689655,11.67,12.24,0.0,0.0,0.0,4.626436781609195,174.0,7.0,14.848898811641464,0.16091954022988506,0.5862068965517241,4.563218390804598,1.4885057471264367,0.7068965517241379,0.12643678160919541,0.07471264367816093,0.034482758620689655,0.005747126436781609,0.028735632183908046,0,Literal
0.6193181818181818,25.142857142857142,8.522727272727272,0.0,0.045454545454545456,13.39,13.47,0.0,0.0,0.0,3.090909090909091,176.0,7.0,8.692008997243576,0.07386363636363637,0.5454545454545454,4.755681818181818,1.625,0.5511363636363636,0.17045454545454544,0.14772727272727273,0.0625,0.011363636363636364,0.03409090909090909,1,Inferential
0.6433566433566433,23.833333333333332,1.3986013986013985,0.0,0.03496503496503497,9.38,10.09,0.0,0.0,0.0,3.972027972027972,143.0,6.0,5.557777333511022,0.1958041958041958,0.5734265734265734,4.2027972027972025,1.3286713286713288,0.6573426573426573,0.1888111888111888,0.08391608391608392,0.03496503496503497,0.0,0.03496503496503497,0,Literal
0.6126760563380281,71.0,1.4084507042253522,0.0,0.035211267605633804,26.97,28.96,0.0,0.0,0.0,5.359154929577465,142.0,2.0,5.5,0.13380281690140844,0.6619718309859155,4.063380281690141,1.2605633802816902,0.704225352112676,0.1267605633802817,0.07042253521126761,0.056338028169014086,0.014084507042253521,0.02112676056338028,2,Evaluative
0.6130653266331658,14.214285714285714,7.035175879396985,0.0,0.06532663316582915,8.93,8.5,0.0,0.0,0.0,3.236180904522613,199.0,14.0,6.047431568147635,0.1457286432160804,0.5226130653266332,4.849246231155779,1.6080402010050252,0.6482412060301508,0.1658291457286432,0.08040201005025126,0.04020100502512563,0.005025125628140704,0.06030150753768844,0,Literal
0.6368159203980099,28.714285714285715,2.4875621890547266,0.0,0.009950248756218905,11.75,12.48,0.0,0.0,0.0,4.218905472636816,201.0,7.0,10.619581451454744,0.12437810945273632,0.5671641791044776,4.288557213930348,1.3681592039800996,0.7164179104477612,0.11442786069651742,0.0945273631840796,0.04975124378109453,0.004975124378109453,0.004975124378109453,0,Literal
0.5944444444444444,30.0,8.88888888888889,0.0,0.05555555555555555,16.1,15.56,0.0,0.0,0.0,4.133333333333334,180.0,6.0,13.152946437965905,0.12222222222222222,0.5222222222222223,4.933333333333334,1.6944444444444444,0.5666666666666667,0.2111111111111111,0.07777777777777778,0.08888888888888889,0.005555555555555556,0.05,2,Evaluative
0.654639175257732,17.636363636363637,7.216494845360824,0.0,0.10309278350515463,8.93,9.94,0.0,0.0,0.0,3.5670103092783507,194.0,11.0,7.56569028056843,0.13917525773195877,0.5721649484536082,4.61340206185567,1.4948453608247423,0.634020618556701,0.12886597938144329,0.07731958762886598,0.05670103092783505,0.015463917525773196,0.08762886597938144,0,Literal
0.4887640449438202,7.739130434782608,1.6853932584269662,0.0,0.0,2.28,3.77,0.0,0.0,0.0,2.651685393258427,178.0,23.0,2.4610385561886794,0.16853932584269662,0.5393258426966292,3.949438202247191,1.2584269662921348,0.8089887640449438,0.14606741573033707,0.016853932584269662,0.028089887640449437,0.0,0.0,0,Literal
0.5721925133689839,26.714285714285715,12.834224598930483,0.0,0.0427807486631016,14.89,15.82,0.0,0.0,0.0,3.7754010695187166,187.0,7.0,17.766053390137735,0.08021390374331551,0.5614973262032086,5.0,1.7005347593582887,0.5614973262032086,0.21390374331550802,0.10160427807486631,0.08021390374331551,0.026737967914438502,0.016042780748663103,1,Inferential
0.5965909090909091,25.142857142857142,12.5,0.0,0.045454545454545456,14.26,15.06,0.0,0.0,0.0,3.4886363636363638,176.0,7.0,16.33951014678025,0.11931818181818182,0.5625,4.971590909090909,1.6988636363636365,0.6193181818181818,0.16477272727272727,0.10227272727272728,0.06818181818181818,0.017045454545454544,0.028409090909090908,1,Inferential
0.6,22.5,5.0,0.0,0.06111111111111111,10.89,11.0,0.0,0.0,0.0,3.0166666666666666,180.0,8.0,6.7592529172978875,0.1111111111111111,0.5444444444444444,4.588888888888889,1.5,0.6333333333333333,0.16111111111111112,0.07777777777777778,0.044444444444444446,0.0,0.06111111111111111,0,Literal
0.6473988439306358,24.714285714285715,12.716763005780345,0.0,0.017341040462427744,15.33,14.97,0.0,0.0,0.0,3.485549132947977,173.0,7.0,9.911856433543804,0.09826589595375723,0.4913294797687861,5.369942196531792,1.8034682080924855,0.5202312138728323,0.13872832369942195,0.24277456647398843,0.08092485549132948,0.017341040462427744,0.0,2,Evaluative
0.6510067114093959,21.285714285714285,6.0402684563758395,0.0,0.10067114093959731,12.67,10.93,0.0,0.0,0.0,4.147651006711409,149.0,7.0,8.547585886658052,0.16778523489932887,0.48322147651006714,4.97986577181208,1.691275167785235,0.5436241610738255,0.174496644295302,0.1476510067114094,0.03355704697986577,0.026845637583892617,0.0738255033557047,1,Inferential
0.5739644970414202,10.5625,0.591715976331361,0.0,0.04142011834319527,3.12,4.46,0.0,0.0,0.0,3.0118343195266273,169.0,16.0,5.488624600025037,0.20118343195266272,0.5739644970414202,4.14792899408284,1.2366863905325445,0.7100591715976331,0.15976331360946747,0.047337278106508875,0.04142011834319527,0.03550295857988166,0.005917159763313609,0,Literal
0.6073619631901841,14.818181818181818,0.0,0.0,0.07975460122699386,4.09,5.93,0.0,0.0,0.0,3.6564417177914113,163.0,11.0,9.341987329938275,0.25153374233128833,0.6319018404907976,3.6932515337423313,1.177914110429448,0.6748466257668712,0.1656441717791411,0.03680981595092025,0.04294478527607362,0.0,0.07975460122699386,0,Literal
0.6377551020408163,16.333333333333332,5.612244897959184,0.0,0.05102040816326531,8.06,8.78,0.0,0.0,0.0,3.4744897959183674,196.0,12.0,10.631125685144228,0.12755102040816327,0.6122448979591837,4.38265306122449,1.4642857142857142,0.6530612244897959,0.16326530612244897,0.08163265306122448,0.05102040816326531,0.01020408163265306,0.04081632653061224,0,Literal
0.60431654676259,34.75,7.913669064748201,0.0,0.050359712230215826,17.23,17.07,0.0,0.0,0.0,4.086330935251799,139.0,4.0,8.440971508067067,0.11510791366906475,0.5755395683453237,4.58273381294964,1.6330935251798562,0.6546762589928058,0.1223021582733813,0.10071942446043165,0.050359712230215826,0.007194244604316547,0.04316546762589928,2,Evaluative
0.5978260869565217,13.142857142857142,3.260869565217391,0.0,0.08152173913043478,6.47,6.56,0.0,0.0,0.0,3.2065217391304346,184.0,14.0,6.017406723287814,0.16847826086956522,0.5489130434782609,4.456521739130435,1.434782608695652,0.625,0.18478260869565216,0.04891304347826087,0.059782608695652176,0.06521739130434782,0.016304347826086956,0,Literal
0.6269430051813472,27.571428571428573,4.66321243523316,0.0,0.046632124352331605,11.98,12.89,0.0,0.0,0.0,3.9689119170984455,193.0,7.0,11.721252283866292,0.12953367875647667,0.6062176165803109,4.233160621761658,1.4248704663212435,0.6580310880829016,0.18134715025906736,0.05699481865284974,0.05181347150259067,0.0,0.046632124352331605,0,Literal
0.5130890052356021,14.692307692307692,0.5235602094240838,0.0,0.020942408376963352,4.84,6.09,0.0,0.0,0.0,3.256544502617801,191.0,13.0,10.324326417560197,0.15706806282722513,0.6387434554973822,3.738219895287958,1.2460732984293195,0.7591623036649214,0.17801047120418848,0.020942408376963352,0.010471204188481676,0.0,0.020942408376963352,0,Literal
0.6687116564417178,27.166666666666668,6.748466257668712,0.0,0.04294478527607362,13.83,13.57,0.0,0.0,0.0,4.177914110429448,163.0,6.0,11.799246680285238,0.19631901840490798,0.5644171779141104,4.766871165644171,1.5950920245398772,0.6196319018404908,0.12883435582822086,0.09202453987730061,0.1165644171779141,0.006134969325153374,0.03680981595092025,1,Inferential
0.5829145728643216,24.875,5.527638190954774,0.0,0.07035175879396985,12.49,12.16,0.0,0.0,0.0,3.0954773869346734,199.0,8.0,10.154278654833144,0.12060301507537688,0.5527638190954773,4.773869346733668,1.5577889447236182,0.6180904522613065,0.135678391959799,0.10552763819095477,0.07035175879396985,0.0,0.07035175879396985,1,Inferential
0.6267605633802817,15.777777777777779,2.112676056338028,0.0,0.007042253521126761,7.76,7.16,0.0,0.0,0.0,3.028169014084507,142.0,9.0,8.612365500033823,0.11971830985915492,0.5704225352112676,4.549295774647887,1.4577464788732395,0.6267605633802817,0.176056338028169,0.13380281690140844,0.056338028169014086,0.0,0.007042253521126761,0,Literal
0.47513812154696133,12.066666666666666,1.1049723756906076,0.0,0.0055248618784530384,5.09,5.27,0.0,0.0,0.0,3.1712707182320443,181.0,15.0,4.138706185378335,0.18232044198895028,0.5469613259668509,4.011049723756906,1.3535911602209945,0.7403314917127072,0.09392265193370165,0.10497237569060773,0.011049723756906077,0.0,0.0055248618784530384,0,Literal
0.6346153846153846,19.5,0.641025641025641,0.0,0.00641025641025641,7.45,8.06,0.0,0.0,0.0,3.730769230769231,156.0,8.0,10.700467279516348,0.15384615384615385,0.6282051282051282,3.948717948717949,1.3076923076923077,0.7371794871794872,0.16025641025641027,0.07051282051282051,0.02564102564102564,0.0,0.00641025641025641,0,Literal
0.5729166666666666,27.428571428571427,3.125,0.0,0.078125,11.09,12.22,0.0,0.0,0.0,4.161458333333333,192.0,7.0,14.984345572793561,0.14583333333333334,0.6145833333333334,4.333333333333333,1.3541666666666667,0.6666666666666666,0.16145833333333334,0.06770833333333333,0.026041666666666668,0.005208333333333333,0.07291666666666667,0,Literal
0.6644295302013423,13.545454545454545,2.013422818791946,0.0,0.0738255033557047,5.61,6.22,0.0,0.0,0.0,3.9395973154362416,149.0,11.0,9.422147287329583,0.2751677852348993,0.5838926174496645,4.067114093959732,1.348993288590604,0.6644295302013423,0.1610738255033557,0.040268456375838924,0.06040268456375839,0.006711409395973154,0.06711409395973154,0,Literal
0.6685714285714286,29.166666666666668,5.714285714285714,0.0,0.08,13.99,13.95,0.0,0.0,0.0,4.64,175.0,6.0,12.854960132182441,0.16,0.6285714285714286,4.651428571428571,1.542857142857143,0.5828571428571429,0.2057142857142857,0.09714285714285714,0.03428571428571429,0.017142857142857144,0.06285714285714286,1,Inferential
0.6291390728476821,16.77777777777778,4.635761589403973,0.0,0.08609271523178808,7.44,8.57,0.0,0.0,0.0,3.165562913907285,151.0,9.0,7.80471525726042,0.11920529801324503,0.5165562913907285,4.456953642384106,1.3973509933774835,0.695364238410596,0.11920529801324503,0.052980132450331126,0.039735099337748346,0.026490066225165563,0.059602649006622516,0,Literal
0.6236559139784946,23.25,1.6129032258064515,0.0,0.08602150537634409,9.53,9.95,0.0,0.0,0.0,3.5053763440860215,186.0,8.0,10.74418447347215,0.13440860215053763,0.5698924731182796,4.17741935483871,1.3602150537634408,0.6989247311827957,0.12903225806451613,0.053763440860215055,0.03225806451612903,0.026881720430107527,0.05913978494623656,0,Literal
0.5828571428571429,15.909090909090908,4.571428571428571,0.0,0.06285714285714286,7.88,8.19,0.0,0.0,0.0,3.9257142857142857,175.0,11.0,6.1402344693702835,0.19428571428571428,0.4685714285714286,4.714285714285714,1.4628571428571429,0.6057142857142858,0.1657142857142857,0.10857142857142857,0.05142857142857143,0.0,0.06285714285714286,0,Literal
0.5941176470588235,34.0,3.5294117647058822,0.0,0.029411764705882353,13.91,15.01,0.0,0.0,0.0,4.894117647058824,170.0,5.0,18.183509012289132,0.11764705882352941,0.6235294117647059,4.076470588235294,1.3764705882352941,0.6705882352941176,0.16470588235294117,0.07647058823529412,0.058823529411764705,0.011764705882352941,0.01764705882352941,1,Inferential
0.5,26.571428571428573,11.29032258064516,0.0,0.010752688172043012,16.41,15.14,0.0,0.0,0.0,3.806451612903226,186.0,7.0,11.172122740581228,0.1989247311827957,0.5,5.198924731182796,1.8333333333333333,0.4946236559139785,0.26344086021505375,0.10752688172043011,0.12365591397849462,0.005376344086021506,0.005376344086021506,2,Evaluative
0.564625850340136,6.681818181818182,1.3605442176870748,0.0,0.006802721088435374,1.46,3.22,0.0,0.0,0.0,2.82312925170068,147.0,22.0,2.9906880271992695,0.2653061224489796,0.5374149659863946,3.891156462585034,1.2244897959183674,0.782312925170068,0.16326530612244897,0.02040816326530612,0.006802721088435374,0.0,0.006802721088435374,0,Literal
0.569060773480663,30.166666666666668,7.734806629834254,0.0,0.0718232044198895,14.89,15.16,0.0,0.0,0.0,4.43646408839779,181.0,6.0,11.126794486983012,0.20441988950276244,0.5524861878453039,4.745856353591161,1.5856353591160222,0.6519337016574586,0.11049723756906077,0.07734806629834254,0.0718232044198895,0.0055248618784530384,0.06629834254143646,1,Inferential
0.4497354497354497,15.75,5.291005291005291,0.0,0.010582010582010581,8.72,8.42,0.0,0.0,0.0,2.6825396825396823,189.0,12.0,8.564704703996902,0.1111111111111111,0.544973544973545,4.412698412698413,1.5396825396825398,0.783068783068783,0.10052910052910052,0.042328042328042326,0.05291005291005291,0.005291005291005291,0.005291005291005291,0,Literal
0.6871508379888268,29.833333333333332,2.793296089385475,0.0,0.05027932960893855,11.87,13.05,0.0,0.0,0.0,5.145251396648045,179.0,6.0,9.79228721437892,0.20670391061452514,0.5754189944134078,4.335195530726257,1.3407821229050279,0.7541899441340782,0.1452513966480447,0.0335195530726257,0.01675977653631285,0.0,0.05027932960893855,0,Literal
0.5913978494623656,46.5,3.225806451612903,0.0,0.03225806451612903,19.1,19.89,0.0,0.0,0.0,10.059139784946236,186.0,4.0,31.115711465431737,0.22043010752688172,0.489247311827957,4.478494623655914,1.403225806451613,0.6129032258064516,0.13978494623655913,0.13440860215053763,0.07526881720430108,0.0,0.03225806451612903,2,Evaluative
0.6770833333333334,10.105263157894736,3.6458333333333335,0.0,0.0625,5.87,5.5,0.0,0.0,0.0,2.6354166666666665,192.0,19.0,3.7423976493960374,0.18229166666666666,0.4583333333333333,4.755208333333333,1.484375,0.5416666666666666,0.234375,0.11458333333333333,0.036458333333333336,0.026041666666666668,0.036458333333333336,0,Literal
0.7111111111111111,30.0,2.2222222222222223,0.0,0.11666666666666667,14.4,12.89,0.0,0.0,0.0,4.066666666666666,180.0,6.0,13.32187007226171,0.14444444444444443,0.4666666666666667,4.833333333333333,1.55,0.5277777777777778,0.15555555555555556,0.08333333333333333,0.1,0.011111111111111112,0.10555555555555556,1,Inferential
0.572139303482587,9.136363636363637,1.4925373134328357,0.0,0.0,3.65,4.25,0.0,0.0,0.0,2.5970149253731343,201.0,22.0,3.374980869244831,0.19900497512437812,0.5920398009950248,4.2388059701492535,1.328358208955224,0.7761194029850746,0.14925373134328357,0.05970149253731343,0.004975124378109453,0.0,0.0,0,Literal
0.6196319018404908,20.375,6.748466257668712,0.0,0.04294478527607362,11.18,10.85,0.0,0.0,0.0,3.7607361963190185,163.0,8.0,11.70202973846845,0.10429447852760736,0.558282208588957,4.865030674846626,1.5950920245398772,0.558282208588957,0.1901840490797546,0.1411042944785276,0.06748466257668712,0.006134969325153374,0.03680981595092025,0,Literal
0.4295774647887324,5.68,0.0,0.0,0.0,0.84,2.27,0.0,0.0,0.0,2.8098591549295775,142.0,25.0,2.1331666601557413,0.5,0.4788732394366197,3.859154929577465,1.204225352112676,0.6901408450704225,0.11267605633802817,0.11971830985915492,0.07746478873239436,0.0,0.0,0,Literal
0.6127167630057804,28.833333333333332,0.0,0.0,0.028901734104046242,10.87,11.53,0.0,0.0,0.0,3.6763005780346822,173.0,6.0,7.916228058025278,0.09248554913294797,0.5317919075144508,4.271676300578035,1.2890173410404624,0.6589595375722543,0.16184971098265896,0.09826589595375723,0.05202312138728324,0.0,0.028901734104046242,0,Literal
0.632258064516129,22.142857142857142,1.935483870967742,0.0,0.03225806451612903,8.88,9.63,0.0,0.0,0.0,3.47741935483871,155.0,7.0,8.773801447305193,0.12258064516129032,0.7096774193548387,4.012903225806451,1.3419354838709678,0.7290322580645161,0.12903225806451613,0.07741935483870968,0.03225806451612903,0.0,0.03225806451612903,0,Literal
0.5894039735099338,25.166666666666668,3.3112582781456954,0.0,0.013245033112582781,11.18,11.39,0.0,0.0,0.0,3.6357615894039736,151.0,6.0,12.436505404118419,0.12582781456953643,0.5894039735099338,4.357615894039735,1.4370860927152318,0.6887417218543046,0.11920529801324503,0.11920529801324503,0.059602649006622516,0.0,0.013245033112582781,0,Literal
0.6506024096385542,27.666666666666668,12.650602409638553,0.0,0.08433734939759036,17.95,16.13,0.0,0.0,0.0,3.5481927710843375,166.0,6.0,8.902246907382429,0.16265060240963855,0.4457831325301205,5.518072289156627,1.927710843373494,0.4397590361445783,0.20481927710843373,0.1566265060240964,0.10843373493975904,0.012048192771084338,0.07228915662650602,2,Evaluative
0.6512820512820513,32.5,5.641025641025641,0.0,0.07179487179487179,15.42,15.26,0.0,0.0,0.0,4.18974358974359,195.0,6.0,15.026827860714835,0.1282051282051282,0.5384615384615384,4.6,1.5538461538461539,0.6615384615384615,0.13846153846153847,0.06153846153846154,0.06153846153846154,0.010256410256410256,0.06153846153846154,2,Evaluative
0.6223404255319149,14.461538461538462,3.1914893617021276,0.0,0.026595744680851064,6.68,7.06,0.0,0.0,0.0,3.1595744680851063,188.0,13.0,6.401737929711748,0.1595744680851064,0.5957446808510638,4.414893617021277,1.4095744680851063,0.648936170212766,0.22340425531914893,0.0425531914893617,0.05851063829787234,0.005319148936170213,0.02127659574468085,0,Literal
0.6628571428571428,14.583333333333334,7.428571428571429,0.0,0.017142857142857144,9.99,8.8,0.0,0.0,0.0,2.822857142857143,175.0,12.0,6.672393373695329,0.12,0.5028571428571429,5.034285714285715,1.6857142857142857,0.5771428571428572,0.2342857142857143,0.11428571428571428,0.05714285714285714,0.0,0.017142857142857144,0,Literal
0.6419753086419753,20.25,4.938271604938271,0.0,0.05555555555555555,11.83,10.08,0.0,0.0,0.0,3.382716049382716,162.0,8.0,5.695392874947259,0.13580246913580246,0.4567901234567901,4.919753086419753,1.654320987654321,0.5617283950617284,0.14814814814814814,0.12345679012345678,0.10493827160493827,0.030864197530864196,0.024691358024691357,0,Literal
0.6257309941520468,10.058823529411764,2.3391812865497075,0.0,0.04678362573099415,4.69,4.96,0.0,0.0,0.0,3.7953216374269005,171.0,17.0,8.914433690800648,0.29239766081871343,0.6081871345029239,4.017543859649122,1.3859649122807018,0.6900584795321637,0.14619883040935672,0.05263157894736842,0.03508771929824561,0.005847953216374269,0.04093567251461988,0,Literal
0.5942857142857143,35.0,8.0,0.0,0.022857142857142857,16.81,17.2,0.0,0.0,0.0,3.5885714285714285,175.0,5.0,18.8,0.09714285714285714,0.5428571428571428,4.76,1.5885714285714285,0.5714285714285714,0.19428571428571428,0.13142857142857142,0.07428571428571429,0.011428571428571429,0.011428571428571429,2,Evaluative
0.6624203821656051,17.444444444444443,1.2738853503184715,0.0,0.07643312101910828,6.62,7.49,0.0,0.0,0.0,3.0127388535031847,157.0,9.0,7.086763875156433,0.12738853503184713,0.5159235668789809,4.273885350318471,1.305732484076433,0.6305732484076433,0.14012738853503184,0.07006369426751592,0.07643312101910828,0.044585987261146494,0.03184713375796178,0,Literal
0.5449438202247191,22.25,2.8089887640449436,0.0,0.05056179775280899,9.26,10.02,0.0,0.0,0.0,3.9101123595505616,178.0,8.0,7.79322622538317,0.20224719101123595,0.5842696629213483,4.247191011235955,1.3707865168539326,0.7303370786516854,0.1348314606741573,0.06741573033707865,0.011235955056179775,0.028089887640449437,0.02247191011235955,0,Literal
0.6410256410256411,19.5,1.282051282051282,0.0,0.0641025641025641,8.05,8.31,0.0,0.0,0.0,3.621794871794872,156.0,8.0,10.04676564870506,0.1858974358974359,0.5641025641025641,4.064102564102564,1.358974358974359,0.6987179487179487,0.1282051282051282,0.05128205128205128,0.05128205128205128,0.03205128205128205,0.03205128205128205,0,Literal
0.5947368421052631,21.11111111111111,0.5263157894736842,0.0,0.015789473684210527,6.68,8.65,0.0,0.0,0.0,4.242105263157895,190.0,9.0,10.999438818457406,0.19473684210526315,0.6526315789473685,3.7842105263157895,1.1894736842105262,0.7947368421052632,0.14736842105263157,0.015789473684210527,0.02631578947368421,0.005263157894736842,0.010526315789473684,0,Literal
0.6337209302325582,21.5,1.744186046511628,0.0,0.029069767441860465,9.74,9.3,0.0,0.0,0.0,3.313953488372093,172.0,8.0,7.7610807881376935,0.09302325581395349,0.563953488372093,4.436046511627907,1.436046511627907,0.6395348837209303,0.13372093023255813,0.12790697674418605,0.06976744186046512,0.005813953488372093,0.023255813953488372,0,Literal
0.5574712643678161,19.333333333333332,4.022988505747127,0.0,0.05172413793103448,9.24,9.34,0.0,0.0,0.0,4.379310344827586,174.0,9.0,10.16651487439811,0.1724137931034483,0.5689655172413793,4.637931034482759,1.4655172413793103,0.632183908045977,0.1724137931034483,0.09770114942528736,0.04597701149425287,0.022988505747126436,0.028735632183908046,0,Literal
0.6623376623376623,22.0,1.2987012987012987,0.0,0.05194805194805195,9.46,9.32,0.0,0.0,0.0,3.655844155844156,154.0,7.0,14.666357448812112,0.12987012987012986,0.5714285714285714,4.461038961038961,1.396103896103896,0.6233766233766234,0.22727272727272727,0.06493506493506493,0.025974025974025976,0.03896103896103896,0.012987012987012988,0,Literal
0.5818181818181818,9.705882352941176,4.242424242424243,0.0,0.03636363636363636,5.29,5.58,0.0,0.0,0.0,2.812121212121212,165.0,17.0,3.2518294026082946,0.1696969696969697,0.5393939393939394,4.545454545454546,1.4484848484848485,0.7090909090909091,0.16363636363636364,0.024242424242424242,0.06666666666666667,0.006060606060606061,0.030303030303030304,0,Literal
0.672514619883041,17.1,4.678362573099415,0.0,0.05847953216374269,6.81,8.71,0.0,0.0,0.0,3.935672514619883,171.0,10.0,13.520355024924458,0.17543859649122806,0.5906432748538012,4.280701754385965,1.3333333333333333,0.7017543859649122,0.15204678362573099,0.05263157894736842,0.03508771929824561,0.0,0.05847953216374269,0,Literal
0.6527777777777778,24.0,0.0,0.0,0.034722222222222224,9.5,9.6,0.0,0.0,0.0,4.041666666666667,144.0,6.0,7.5,0.1597222222222222,0.6388888888888888,3.986111111111111,1.3333333333333333,0.7708333333333334,0.13194444444444445,0.027777777777777776,0.034722222222222224,0.0,0.034722222222222224,0,Literal
0.639344262295082,36.6,3.825136612021858,0.0,0.1092896174863388,16.93,16.17,0.0,0.0,0.0,4.491803278688525,183.0,5.0,19.5386795869117,0.14754098360655737,0.6010928961748634,4.726775956284153,1.546448087431694,0.5737704918032787,0.15846994535519127,0.08743169398907104,0.060109289617486336,0.0273224043715847,0.08196721311475409,2,Evaluative
0.6184971098265896,21.625,5.202312138728324,0.0,0.046242774566473986,10.92,10.73,0.0,0.0,0.0,3.1271676300578033,173.0,8.0,13.751704439813997,0.10404624277456648,0.6069364161849711,4.583815028901734,1.5317919075144508,0.7052023121387283,0.14450867052023122,0.05202312138728324,0.05202312138728324,0.005780346820809248,0.04046242774566474,0,Literal
0.6443298969072165,13.857142857142858,4.639175257731959,0.0,0.05670103092783505,6.78,7.4,0.0,0.0,0.0,3.9072164948453607,194.0,14.0,6.8660656232559525,0.2422680412371134,0.5412371134020618,4.505154639175258,1.4381443298969072,0.6391752577319587,0.17525773195876287,0.061855670103092786,0.06701030927835051,0.020618556701030927,0.03608247422680412,0,Literal
0.6256684491978609,18.7,3.2085561497326207,0.0,0.053475935828877004,8.11,8.76,0.0,0.0,0.0,3.2620320855614975,187.0,10.0,7.378346698278686,0.12834224598930483,0.5026737967914439,4.44385026737968,1.3903743315508021,0.6203208556149733,0.13903743315508021,0.11229946524064172,0.06417112299465241,0.0106951871657754,0.0427807486631016,0,Literal
0.49746192893401014,16.416666666666668,0.5076142131979695,0.0,0.025380710659898477,5.67,6.77,0.0,0.0,0.0,2.7258883248730963,197.0,12.0,5.29871577732651,0.08121827411167512,0.5482233502538071,4.157360406091371,1.2588832487309645,0.8071065989847716,0.10152284263959391,0.03553299492385787,0.025380710659898477,0.0,0.025380710659898477,0,Literal
0.6242774566473989,24.714285714285715,4.624277456647398,0.0,0.028901734104046242,10.49,11.74,0.0,0.0,0.0,4.184971098265896,173.0,7.0,18.878775470493473,0.15606936416184972,0.6011560693641619,4.173410404624278,1.393063583815029,0.7341040462427746,0.13872832369942195,0.06936416184971098,0.028901734104046242,0.0,0.028901734104046242,0,Literal
0.5870646766169154,33.5,8.955223880597014,0.0,0.029850746268656716,17.49,16.98,0.0,0.0,0.0,4.407960199004975,201.0,6.0,12.30740517827467,0.1791044776119403,0.5522388059701493,4.965174129353234,1.6965174129353233,0.5174129353233831,0.1890547263681592,0.15422885572139303,0.10945273631840796,0.01990049751243781,0.009950248756218905,2,Evaluative
0.6122448979591837,21.77777777777778,6.122448979591836,0.0,0.03571428571428571,10.6,11.16,0.0,0.0,0.0,4.081632653061225,196.0,9.0,14.611850424895067,0.18877551020408162,0.5969387755102041,4.459183673469388,1.5,0.6938775510204082,0.15306122448979592,0.07653061224489796,0.04081632653061224,0.0,0.03571428571428571,0,Literal
0.5898876404494382,22.25,1.6853932584269662,0.0,0.1348314606741573,9.13,9.57,0.0,0.0,0.0,3.966292134831461,178.0,8.0,9.41740410091868,0.1348314606741573,0.5730337078651685,4.348314606741573,1.3595505617977528,0.6348314606741573,0.15730337078651685,0.06179775280898876,0.011235955056179775,0.028089887640449437,0.10674157303370786,0,Literal
0.6292134831460674,29.666666666666668,5.056179775280898,0.0,0.05056179775280899,13.35,13.89,0.0,0.0,0.0,4.758426966292135,178.0,6.0,5.792715732327589,0.14606741573033707,0.5898876404494382,4.533707865168539,1.4719101123595506,0.6067415730337079,0.15730337078651685,0.09550561797752809,0.07865168539325842,0.0056179775280898875,0.0449438202247191,1,Inferential
0.678391959798995,99.5,9.045226130653267,0.0,0.05025125628140704,41.54,43.42,0.0,0.0,0.0,6.603015075376884,199.0,2.0,29.5,0.1507537688442211,0.5678391959798995,4.658291457286432,1.5527638190954773,0.6030150753768844,0.19597989949748743,0.09547738693467336,0.05527638190954774,0.005025125628140704,0.04522613065326633,2,Evaluative
0.64,19.444444444444443,4.571428571428571,0.0,0.011428571428571429,9.79,9.61,0.0,0.0,0.0,2.857142857142857,175.0,9.0,8.819171036881968,0.08571428571428572,0.6114285714285714,4.394285714285714,1.5085714285714287,0.6571428571428571,0.17714285714285713,0.12,0.03428571428571429,0.005714285714285714,0.005714285714285714,0,Literal
0.6878612716763006,21.625,4.046242774566474,0.0,0.03468208092485549,9.42,10.27,0.0,0.0,0.0,4.635838150289017,173.0,8.0,10.605865122657368,0.14450867052023122,0.5202312138728323,4.312138728323699,1.4046242774566473,0.6589595375722543,0.15028901734104047,0.09248554913294797,0.04046242774566474,0.005780346820809248,0.028901734104046242,0,Literal
0.6217616580310881,19.3,8.290155440414509,0.0,0.15025906735751296,13.7,11.04,0.0,0.0,0.0,4.005181347150259,193.0,10.0,7.085901495222751,0.15025906735751296,0.48704663212435234,5.22279792746114,1.8445595854922279,0.5025906735751295,0.11917098445595854,0.14507772020725387,0.07772020725388601,0.06735751295336788,0.08290155440414508,1,Inferential
0.26380368098159507,5.433333333333334,0.0,0.0,0.0,0.14,2.17,0.0,0.0,0.0,1.9263803680981595,163.0,30.0,2.2150996967781533,0.18404907975460122,0.4723926380368098,3.5828220858895707,1.1533742331288344,0.8650306748466258,0.12269938650306748,0.0,0.012269938650306749,0.0,0.0,0,Literal
0.6581632653061225,16.333333333333332,5.1020408163265305,0.0,0.07653061224489796,9.92,8.57,0.0,0.0,0.0,3.2244897959183674,196.0,12.0,4.705198071164368,0.20408163265306123,0.5153061224489796,4.811224489795919,1.6224489795918366,0.6326530612244898,0.1326530612244898,0.07653061224489796,0.08163265306122448,0.030612244897959183,0.04591836734693878,0,Literal
0.6521739130434783,20.125,1.2422360248447204,0.0,0.08074534161490683,7.8,8.55,0.0,0.0,0.0,4.372670807453416,161.0,8.0,9.688104819829315,0.2670807453416149,0.6024844720496895,4.279503105590062,1.3167701863354038,0.639751552795031,0.19254658385093168,0.043478260869565216,0.006211180124223602,0.006211180124223602,0.07453416149068323,0,Literal
0.5792349726775956,20.333333333333332,3.825136612021858,0.0,0.1092896174863388,10.46,9.66,0.0,0.0,0.0,3.4371584699453552,183.0,9.0,6.497862896539309,0.18032786885245902,0.5027322404371585,4.595628415300546,1.53551912568306,0.5901639344262295,0.16939890710382513,0.08743169398907104,0.03825136612021858,0.00546448087431694,0.10382513661202186,0,Literal
0.6142131979695431,32.833333333333336,3.5532994923857872,0.0,0.04060913705583756,15.9,14.55,0.0,0.0,0.0,4.928934010152284,197.0,6.0,17.997685036322498,0.18781725888324874,0.5431472081218274,4.690355329949239,1.583756345177665,0.6598984771573604,0.18274111675126903,0.05583756345177665,0.03553299492385787,0.0,0.04060913705583756,2,Evaluative
0.6010362694300518,19.3,5.699481865284974,0.0,0.03626943005181347,8.75,10.0,0.0,0.0,0.0,4.129533678756476,193.0,10.0,8.726969691708572,0.19689119170984457,0.616580310880829,4.373056994818653,1.4248704663212435,0.6373056994818653,0.17616580310880828,0.09844559585492228,0.04145077720207254,0.0051813471502590676,0.031088082901554404,0,Literal
0.7215189873417721,22.571428571428573,4.430379746835443,0.0,0.06962025316455696,9.94,10.8,0.0,0.0,0.0,3.5,158.0,7.0,6.430158534243942,0.12658227848101267,0.5316455696202531,4.518987341772152,1.4177215189873418,0.6075949367088608,0.17088607594936708,0.08860759493670886,0.05063291139240506,0.0,0.06962025316455696,0,Literal
0.6993006993006993,35.75,1.3986013986013985,0.0,0.02097902097902098,13.7,14.86,0.0,0.0,0.0,4.699300699300699,143.0,4.0,10.059199769365355,0.16083916083916083,0.6153846153846154,4.2027972027972025,1.3006993006993006,0.7132867132867133,0.16083916083916083,0.055944055944055944,0.04895104895104895,0.0,0.02097902097902098,1,Inferential
0.6190476190476191,33.6,1.7857142857142856,0.0,0.05952380952380952,13.25,14.15,0.0,0.0,0.0,4.226190476190476,168.0,5.0,10.071742649611338,0.13095238095238096,0.5833333333333334,4.142857142857143,1.3333333333333333,0.6785714285714286,0.15476190476190477,0.05952380952380952,0.047619047619047616,0.0,0.05952380952380952,1,Inferential
0.5906735751295337,21.444444444444443,1.5544041450777202,0.0,0.04145077720207254,8.55,9.2,0.0,0.0,0.0,3.150259067357513,193.0,9.0,5.946261404559845,0.10362694300518134,0.5906735751295337,4.212435233160622,1.3367875647668395,0.689119170984456,0.14507772020725387,0.08290155440414508,0.04145077720207254,0.0,0.04145077720207254,0,Literal
0.46236559139784944,13.285714285714286,2.1505376344086025,0.0,0.021505376344086023,8.37,6.17,0.0,0.0,0.0,3.0591397849462365,186.0,14.0,5.419635502466179,0.15053763440860216,0.5161290322580645,4.5,1.5913978494623655,0.478494623655914,0.1827956989247312,0.15053763440860216,0.16666666666666666,0.010752688172043012,0.010752688172043012,0,Literal
0.6858974358974359,14.181818181818182,5.128205128205128,0.0,0.08333333333333333,7.72,7.72,0.0,0.0,0.0,3.4038461538461537,156.0,11.0,7.739562419561005,0.1346153846153846,0.5641025641025641,4.653846153846154,1.5064102564102564,0.6538461538461539,0.1794871794871795,0.07051282051282051,0.01282051282051282,0.00641025641025641,0.07692307692307693,0,Literal
0.6593406593406593,16.545454545454547,4.945054945054945,0.0,0.06043956043956044,8.24,8.6,0.0,0.0,0.0,3.2747252747252746,182.0,11.0,10.491239950667381,0.10989010989010989,0.5384615384615384,4.516483516483516,1.4725274725274726,0.6703296703296703,0.15934065934065933,0.06593406593406594,0.027472527472527472,0.027472527472527472,0.03296703296703297,0,Literal
0.6458333333333334,24.0,0.0,0.0,0.027777777777777776,7.29,9.6,0.0,0.0,0.0,3.5069444444444446,144.0,6.0,5.773502691896258,0.1597222222222222,0.6111111111111112,3.6597222222222223,1.1458333333333333,0.7708333333333334,0.10416666666666667,0.08333333333333333,0.013888888888888888,0.006944444444444444,0.020833333333333332,0,Literal
0.6312849162011173,29.833333333333332,1.1173184357541899,0.0,0.01675977653631285,11.08,12.38,0.0,0.0,0.0,4.636871508379889,179.0,6.0,13.2664991614216,0.1564245810055866,0.6536312849162011,3.8603351955307263,1.2737430167597765,0.7486033519553073,0.16759776536312848,0.03910614525139665,0.027932960893854747,0.0111731843575419,0.00558659217877095,0,Literal
0.6040609137055838,17.90909090909091,7.614213197969544,0.0,0.030456852791878174,11.28,10.21,0.0,0.0,0.0,3.8730964467005076,197.0,11.0,27.165546969438335,0.1319796954314721,0.5482233502538071,4.9238578680203045,1.6852791878172588,0.5583756345177665,0.20812182741116753,0.1218274111675127,0.07614213197969544,0.005076142131979695,0.025380710659898477,0,Literal
0.6120218579234973,26.142857142857142,1.092896174863388,0.0,0.060109289617486336,10.92,10.89,0.0,0.0,0.0,3.759562841530055,183.0,7.0,12.033965536372964,0.21311475409836064,0.5792349726775956,4.278688524590164,1.3825136612021858,0.6939890710382514,0.14754098360655737,0.04371584699453552,0.04918032786885246,0.0,0.060109289617486336,0,Literal
0.636986301369863,29.2,6.164383561643835,0.0,0.0547945205479452,15.44,14.15,0.0,0.0,0.0,4.308219178082192,146.0,5.0,22.08710030764564,0.1780821917808219,0.5068493150684932,4.9520547945205475,1.6643835616438356,0.589041095890411,0.1506849315068493,0.0958904109589041,0.0684931506849315,0.0,0.0547945205479452,2,Evaluative
0.6838709677419355,22.142857142857142,3.870967741935484,0.0,0.04516129032258064,9.41,10.41,0.0,0.0,0.0,3.4516129032258065,155.0,7.0,4.135461378894322,0.11612903225806452,0.632258064516129,4.4,1.3870967741935485,0.7161290322580646,0.16129032258064516,0.03870967741935484,0.03225806451612903,0.0064516129032258064,0.03870967741935484,0,Literal
0.6309523809523809,28.0,2.976190476190476,0.0,0.03571428571428571,11.63,12.39,0.0,0.0,0.0,3.761904761904762,168.0,6.0,7.32575365861197,0.10119047619047619,0.6071428571428571,4.369047619047619,1.380952380952381,0.7083333333333334,0.11904761904761904,0.08928571428571429,0.047619047619047616,0.011904761904761904,0.023809523809523808,0,Literal
0.6413793103448275,24.166666666666668,4.137931034482759,0.0,0.006896551724137931,10.52,11.32,0.0,0.0,0.0,3.1379310344827585,145.0,6.0,8.314979788844282,0.09655172413793103,0.5862068965517241,4.503448275862069,1.4137931034482758,0.696551724137931,0.18620689655172415,0.04827586206896552,0.06206896551724138,0.0,0.006896551724137931,0,Literal
0.6258064516129033,19.375,3.870967741935484,0.0,0.03870967741935484,7.72,9.3,0.0,0.0,0.0,4.780645161290322,155.0,8.0,18.559027452967463,0.2,0.6,4.2709677419354835,1.335483870967742,0.6838709677419355,0.17419354838709677,0.03870967741935484,0.06451612903225806,0.0064516129032258064,0.03225806451612903,0,Literal
0.4623115577889447,22.11111111111111,3.015075376884422,0.0,0.005025125628140704,8.45,10.05,0.0,0.0,0.0,3.1155778894472363,199.0,9.0,11.244751862288666,0.10050251256281408,0.6381909547738693,4.025125628140704,1.306532663316583,0.7839195979899497,0.19095477386934673,0.005025125628140704,0.01507537688442211,0.0,0.005025125628140704,0,Literal
0.611764705882353,28.333333333333332,7.0588235294117645,0.0,0.029411764705882353,16.08,14.16,0.0,0.0,0.0,3.929411764705882,170.0,6.0,10.558040643141236,0.1411764705882353,0.43529411764705883,5.182352941176471,1.7470588235294118,0.5352941176470588,0.21176470588235294,0.1411764705882353,0.07647058823529412,0.0,0.029411764705882353,2,Evaluative
0.5609756097560976,11.714285714285714,0.6097560975609756,0.0,0.012195121951219513,4.95,4.93,0.0,0.0,0.0,2.8963414634146343,164.0,14.0,3.5578312586892205,0.14634146341463414,0.49390243902439024,4.329268292682927,1.353658536585366,0.6280487804878049,0.1951219512195122,0.12195121951219512,0.024390243902439025,0.006097560975609756,0.006097560975609756,0,Literal
0.5987261146496815,22.428571428571427,3.1847133757961785,0.0,0.09554140127388536,10.22,10.25,0.0,0.0,0.0,3.127388535031847,157.0,7.0,12.057684483433825,0.11464968152866242,0.5477707006369427,4.350318471337579,1.4458598726114649,0.5987261146496815,0.1464968152866242,0.07643312101910828,0.07006369426751592,0.0,0.09554140127388536,0,Literal
0.5736842105263158,47.5,1.0526315789473684,0.0,0.05789473684210526,17.47,19.42,0.0,0.0,0.0,4.573684210526316,190.0,4.0,16.269219403523945,0.14210526315789473,0.6052631578947368,3.836842105263158,1.231578947368421,0.7315789473684211,0.09473684210526316,0.06842105263157895,0.031578947368421054,0.005263157894736842,0.05263157894736842,2,Evaluative
0.533678756476684,24.125,4.66321243523316,0.0,0.046632124352331605,11.73,11.52,0.0,0.0,0.0,3.849740932642487,193.0,8.0,8.037995707886388,0.15025906735751296,0.5181347150259067,4.626943005181347,1.5181347150259068,0.6528497409326425,0.14507772020725387,0.13471502590673576,0.02072538860103627,0.015544041450777202,0.031088082901554404,0,Literal
0.6144578313253012,15.090909090909092,7.83132530120482,0.0,0.05421686746987952,11.34,9.17,0.0,0.0,0.0,3.2710843373493974,166.0,11.0,8.627267937540582,0.1144578313253012,0.4457831325301205,5.295180722891566,1.783132530120482,0.3855421686746988,0.18072289156626506,0.21084337349397592,0.09036144578313253,0.030120481927710843,0.024096385542168676,0,Literal
0.5909090909090909,29.333333333333332,0.5681818181818182,0.0,0.017045454545454544,11.0,11.96,0.0,0.0,0.0,3.8011363636363638,176.0,6.0,18.756480361612507,0.14204545454545456,0.6306818181818182,3.9829545454545454,1.2840909090909092,0.8011363636363636,0.11363636363636363,0.03409090909090909,0.03409090909090909,0.005681818181818182,0.011363636363636364,0,Literal
0.5625,28.8,13.88888888888889,0.0,0.05555555555555555,17.03,17.08,0.0,0.0,0.0,3.7847222222222223,144.0,5.0,20.14348529922268,0.1111111111111111,0.4513888888888889,5.229166666666667,1.8125,0.4861111111111111,0.18055555555555555,0.1527777777777778,0.125,0.027777777777777776,0.027777777777777776,2,Evaluative
0.6466165413533834,14.777777777777779,1.5037593984962405,0.0,0.022556390977443608,7.74,6.51,0.0,0.0,0.0,3.789473684210526,133.0,9.0,10.208928554075703,0.16541353383458646,0.43609022556390975,4.796992481203008,1.4887218045112782,0.5112781954887218,0.24060150375939848,0.17293233082706766,0.045112781954887216,0.007518796992481203,0.015037593984962405,0,Literal
0.5819209039548022,29.5,4.519774011299435,0.0,0.05084745762711865,13.85,13.61,0.0,0.0,0.0,4.80225988700565,177.0,6.0,24.72347063015223,0.1638418079096045,0.576271186440678,4.502824858757062,1.5197740112994351,0.615819209039548,0.192090395480226,0.0847457627118644,0.05649717514124294,0.01694915254237288,0.03389830508474576,1,Inferential
0.6329787234042553,23.5,4.25531914893617,0.0,0.07446808510638298,10.33,11.1,0.0,0.0,0.0,4.170212765957447,188.0,8.0,7.664854858377946,0.1276595744680851,0.526595744680851,4.51595744680851,1.4202127659574468,0.5851063829787234,0.1276595744680851,0.12234042553191489,0.0851063829787234,0.005319148936170213,0.06914893617021277,0,Literal
0.6197183098591549,10.142857142857142,0.7042253521126761,0.0,0.0,5.07,4.34,0.0,0.0,0.0,2.8450704225352115,142.0,14.0,2.695423180587601,0.19014084507042253,0.5915492957746479,4.098591549295775,1.4154929577464788,0.7535211267605634,0.1619718309859155,0.035211267605633804,0.007042253521126761,0.0,0.0,0,Literal
0.5728643216080402,28.428571428571427,1.0050251256281406,0.0,0.035175879396984924,9.79,11.77,0.0,0.0,0.0,4.371859296482412,199.0,7.0,12.222428363547108,0.1457286432160804,0.6180904522613065,3.809045226130653,1.2110552763819096,0.7587939698492462,0.15577889447236182,0.01507537688442211,0.035175879396984924,0.0,0.035175879396984924,0,Literal
0.6149425287356322,29.0,1.1494252873563218,0.0,0.06896551724137931,11.93,12.06,0.0,0.0,0.0,4.333333333333333,174.0,6.0,14.742229591663987,0.13218390804597702,0.6494252873563219,3.9942528735632186,1.3735632183908046,0.6954022988505747,0.14367816091954022,0.06321839080459771,0.028735632183908046,0.011494252873563218,0.05747126436781609,0,Literal
0.6125,20.0,0.625,0.0,0.0375,7.18,8.25,0.0,0.0,0.0,4.10625,160.0,8.0,11.313708498984761,0.21875,0.5375,4.06875,1.26875,0.6875,0.15625,0.03125,0.0875,0.00625,0.03125,0,Literal
0.6080402010050251,18.09090909090909,0.5025125628140703,0.0,0.08542713567839195,7.59,7.44,0.0,0.0,0.0,3.7236180904522613,199.0,11.0,9.19845477501161,0.21608040201005024,0.5376884422110553,4.075376884422111,1.3668341708542713,0.6683417085427136,0.135678391959799,0.04522613065326633,0.05025125628140704,0.010050251256281407,0.07537688442211055,0,Literal
0.660377358490566,31.8,5.031446540880504,0.0,0.03773584905660377,15.44,14.73,0.0,0.0,0.0,3.4842767295597485,159.0,5.0,9.478396488858229,0.10062893081761007,0.559748427672956,4.7421383647798745,1.578616352201258,0.5723270440251572,0.23270440251572327,0.06918238993710692,0.08176100628930817,0.018867924528301886,0.018867924528301886,2,Evaluative
0.6424870466321243,24.125,3.1088082901554404,0.0,0.025906735751295335,11.67,10.89,0.0,0.0,0.0,3.8082901554404147,193.0,8.0,11.910473332323951,0.11917098445595854,0.5906735751295337,4.481865284974093,1.5129533678756477,0.6632124352331606,0.17616580310880828,0.07772020725388601,0.05699481865284974,0.0,0.025906735751295335,0,Literal
0.5714285714285714,24.5,1.3605442176870748,0.0,0.05442176870748299,10.34,10.34,0.0,0.0,0.0,4.210884353741497,147.0,6.0,12.256517540566824,0.12244897959183673,0.6054421768707483,4.258503401360544,1.3877551020408163,0.673469387755102,0.14285714285714285,0.061224489795918366,0.06802721088435375,0.013605442176870748,0.04081632653061224,0,Literal
0.6307692307692307,13.0,3.076923076923077,0.0,0.015384615384615385,4.55,6.43,0.0,0.0,0.0,3.7435897435897436,195.0,15.0,8.594571930391103,0.21025641025641026,0.6102564102564103,4.030769230769231,1.2769230769230768,0.7538461538461538,0.15384615384615385,0.03076923076923077,0.03076923076923077,0.010256410256410256,0.005128205128205128,0,Literal
0.6091370558375635,32.833333333333336,4.568527918781726,0.0,0.025380710659898477,13.51,14.96,0.0,0.0,0.0,3.472081218274112,197.0,6.0,11.17164068324593,0.09137055837563451,0.5532994923857868,4.395939086294416,1.380710659898477,0.7258883248730964,0.15228426395939088,0.05583756345177665,0.04060913705583756,0.0,0.025380710659898477,1,Inferential
0.5301204819277109,27.666666666666668,0.0,0.0,0.06626506024096386,10.48,11.07,0.0,0.0,0.0,4.0843373493975905,166.0,6.0,8.12403840463596,0.23493975903614459,0.5301204819277109,4.313253012048193,1.2951807228915662,0.608433734939759,0.1927710843373494,0.08433734939759036,0.04819277108433735,0.030120481927710843,0.03614457831325301,0,Literal
0.33678756476683935,10.722222222222221,0.0,0.0,0.046632124352331605,3.51,4.29,0.0,0.0,0.0,2.626943005181347,193.0,18.0,2.512315345465559,0.16580310880829016,0.46113989637305697,3.901554404145078,1.2642487046632125,0.5647668393782384,0.19170984455958548,0.07253886010362694,0.12435233160621761,0.025906735751295335,0.02072538860103627,0,Literal
0.6111111111111112,10.125,1.2345679012345678,0.0,0.018518518518518517,5.18,4.54,0.0,0.0,0.0,2.728395061728395,162.0,16.0,2.560975156068485,0.19753086419753085,0.5493827160493827,4.382716049382716,1.4259259259259258,0.6172839506172839,0.19135802469135801,0.08641975308641975,0.08641975308641975,0.006172839506172839,0.012345679012345678,0,Literal
0.6230366492146597,15.916666666666666,1.0471204188481675,0.0,0.05235602094240838,4.64,6.79,0.0,0.0,0.0,3.9424083769633507,191.0,12.0,10.727366353811586,0.14136125654450263,0.5392670157068062,4.167539267015707,1.1884816753926701,0.7329842931937173,0.10471204188481675,0.041884816753926704,0.06806282722513089,0.0,0.05235602094240838,0,Literal
0.6460674157303371,25.428571428571427,0.5617977528089888,0.0,0.033707865168539325,9.51,10.4,0.0,0.0,0.0,3.7752808988764044,178.0,7.0,16.7648806882064,0.11235955056179775,0.5842696629213483,3.99438202247191,1.2865168539325842,0.7359550561797753,0.14606741573033707,0.033707865168539325,0.03932584269662921,0.016853932584269662,0.016853932584269662,0,Literal
0.6387434554973822,31.833333333333332,3.664921465968586,0.0,0.02617801047120419,15.05,14.2,0.0,0.0,0.0,4.0890052356020945,191.0,6.0,20.121851030382093,0.13089005235602094,0.5916230366492147,4.633507853403142,1.544502617801047,0.5968586387434555,0.24083769633507854,0.10471204188481675,0.031413612565445025,0.005235602094240838,0.020942408376963352,2,Evaluative
0.6467065868263473,16.7,8.383233532934131,0.0,0.03592814371257485,11.56,10.03,0.0,0.0,0.0,3.431137724550898,167.0,10.0,6.64529909033446,0.1377245508982036,0.5149700598802395,5.263473053892215,1.748502994011976,0.592814371257485,0.18562874251497005,0.10179640718562874,0.059880239520958084,0.011976047904191617,0.023952095808383235,0,Literal
0.5955056179775281,29.666666666666668,1.6853932584269662,0.0,0.033707865168539325,11.89,12.54,0.0,0.0,0.0,3.837078651685393,178.0,6.0,11.557825631723873,0.10674157303370786,0.5168539325842697,4.275280898876405,1.348314606741573,0.6573033707865169,0.1348314606741573,0.11235955056179775,0.0449438202247191,0.0056179775280898875,0.028089887640449437,0,Literal
0.616580310880829,21.444444444444443,0.0,0.0,0.046632124352331605,7.2,8.58,0.0,0.0,0.0,5.186528497409326,193.0,9.0,12.169583617860503,0.23834196891191708,0.5077720207253886,3.8860103626943006,1.2227979274611398,0.7927461139896373,0.11398963730569948,0.025906735751295335,0.02072538860103627,0.0051813471502590676,0.04145077720207254,0,Literal
0.6864864864864865,37.0,4.324324324324325,0.0,0.02702702702702703,16.95,16.53,0.0,0.0,0.0,4.621621621621622,185.0,5.0,12.076423311560422,0.10270270270270271,0.5459459459459459,4.724324324324324,1.5351351351351352,0.6216216216216216,0.17297297297297298,0.11891891891891893,0.05405405405405406,0.0,0.02702702702702703,2,Evaluative
0.625,32.0,8.333333333333332,0.0,0.026041666666666668,16.99,16.13,0.0,0.0,0.0,4.416666666666667,192.0,6.0,24.29677619218923,0.140625,0.5364583333333334,5.109375,1.703125,0.59375,0.14583333333333334,0.14583333333333334,0.08854166666666667,0.010416666666666666,0.015625,2,Evaluative
0.6,48.333333333333336,10.344827586206897,0.0,0.08275862068965517,24.83,23.47,0.0,0.0,0.0,4.179310344827586,145.0,3.0,3.299831645537222,0.08275862068965517,0.503448275862069,5.255172413793104,1.8275862068965518,0.5172413793103449,0.1793103448275862,0.0896551724137931,0.1310344827586207,0.006896551724137931,0.07586206896551724,2,Evaluative
0.5757575757575758,22.0,8.585858585858585,0.0,0.050505050505050504,14.62,12.23,0.0,0.0,0.0,3.323232323232323,198.0,9.0,10.402991022884823,0.11616161616161616,0.4898989898989899,5.343434343434343,1.8333333333333333,0.5151515151515151,0.1414141414141414,0.18686868686868688,0.10606060606060606,0.0,0.050505050505050504,1,Inferential
0.6304347826086957,23.0,6.521739130434782,0.0,0.04891304347826087,11.53,11.81,0.0,0.0,0.0,3.3043478260869565,184.0,8.0,3.550968177835448,0.16847826086956522,0.5815217391304348,4.923913043478261,1.5380434782608696,0.6902173913043478,0.14673913043478262,0.07065217391304347,0.043478260869565216,0.016304347826086956,0.03260869565217391,0,Literal
0.5445026178010471,10.61111111111111,0.5235602094240838,0.0,0.0,2.63,4.45,0.0,0.0,0.0,2.743455497382199,191.0,18.0,2.8311538458313126,0.16230366492146597,0.6230366492146597,3.910994764397906,1.193717277486911,0.7486910994764397,0.15706806282722513,0.04712041884816754,0.04712041884816754,0.0,0.0,0,Literal
0.5255102040816326,17.818181818181817,2.5510204081632653,0.0,0.015306122448979591,9.18,8.15,0.0,0.0,0.0,3.127551020408163,196.0,11.0,7.62553344564028,0.09693877551020408,0.5,4.566326530612245,1.510204081632653,0.6428571428571429,0.3010204081632653,0.02040816326530612,0.015306122448979591,0.0,0.015306122448979591,0,Literal
0.5698924731182796,23.25,9.13978494623656,0.0,0.06989247311827956,14.6,12.96,0.0,0.0,0.0,3.8870967741935485,186.0,8.0,9.759610647971568,0.12903225806451613,0.5,5.381720430107527,1.7903225806451613,0.4946236559139785,0.16666666666666666,0.1774193548387097,0.0913978494623656,0.0,0.06989247311827956,1,Inferential
0.5058823529411764,18.88888888888889,4.705882352941177,0.0,0.011764705882352941,8.09,9.44,0.0,0.0,0.0,3.823529411764706,170.0,9.0,6.081747637068449,0.17647058823529413,0.5588235294117647,4.270588235294118,1.3823529411764706,0.7705882352941177,0.09411764705882353,0.06470588235294118,0.058823529411764705,0.0,0.011764705882352941,0,Literal
0.5494505494505495,22.75,6.593406593406594,0.0,0.07692307692307693,10.66,11.74,0.0,0.0,0.0,3.3736263736263736,182.0,8.0,9.588404455382554,0.10989010989010989,0.5,4.664835164835165,1.4725274725274726,0.6483516483516484,0.14285714285714285,0.1043956043956044,0.027472527472527472,0.005494505494505495,0.07142857142857142,0,Literal
0.6276595744680851,17.09090909090909,2.127659574468085,0.0,0.09042553191489362,7.77,7.69,0.0,0.0,0.0,3.4468085106382977,188.0,11.0,8.020634545495556,0.19148936170212766,0.5425531914893617,4.388297872340425,1.4148936170212767,0.6063829787234043,0.19148936170212766,0.06914893617021277,0.03723404255319149,0.005319148936170213,0.0851063829787234,0,Literal
0.6291390728476821,16.77777777777778,0.6622516556291391,0.0,0.039735099337748346,6.35,6.98,0.0,0.0,0.0,3.0397350993377485,151.0,9.0,12.400716825158849,0.11258278145695365,0.5960264900662252,4.172185430463577,1.304635761589404,0.6622516556291391,0.2251655629139073,0.046357615894039736,0.026490066225165563,0.006622516556291391,0.033112582781456956,0,Literal
0.5487804878048781,32.8,6.707317073170732,0.0,0.12804878048780488,17.06,15.8,0.0,0.0,0.0,4.524390243902439,164.0,5.0,11.77454882362802,0.10365853658536585,0.40853658536585363,5.030487804878049,1.6829268292682926,0.5060975609756098,0.21951219512195122,0.07926829268292683,0.036585365853658534,0.0,0.12804878048780488,2,Evaluative
0.5592105263157895,8.941176470588236,0.0,0.0,0.013157894736842105,2.65,3.58,0.0,0.0,0.0,2.710526315789474,152.0,17.0,2.8588477365230274,0.18421052631578946,0.5131578947368421,4.0131578947368425,1.25,0.7763157894736842,0.14473684210526316,0.02631578947368421,0.006578947368421052,0.0,0.013157894736842105,0,Literal
0.5494505494505495,22.75,0.5494505494505495,0.0,0.04395604395604396,8.84,9.32,0.0,0.0,0.0,4.032967032967033,182.0,8.0,9.486009434952086,0.13736263736263737,0.6263736263736264,4.065934065934066,1.3186813186813187,0.6538461538461539,0.12637362637362637,0.10989010989010989,0.06593406593406594,0.0,0.04395604395604396,0,Literal
0.5204081632653061,39.2,2.0408163265306123,0.0,0.0,15.47,16.5,0.0,0.0,0.0,4.214285714285714,196.0,5.0,22.351733713517618,0.14285714285714285,0.6275510204081632,3.979591836734694,1.336734693877551,0.7295918367346939,0.17857142857142858,0.061224489795918366,0.030612244897959183,0.0,0.0,2,Evaluative
0.517948717948718,27.857142857142858,1.5384615384615385,0.0,0.0,11.01,11.76,0.0,0.0,0.0,3.4461538461538463,195.0,7.0,12.81421404662233,0.10256410256410256,0.517948717948718,4.18974358974359,1.3333333333333333,0.6974358974358974,0.14871794871794872,0.06153846153846154,0.07179487179487179,0.0,0.0,0,Literal
0.6470588235294118,15.583333333333334,3.7433155080213902,0.0,0.0213903743315508,8.35,7.73,0.0,0.0,0.0,3.657754010695187,187.0,12.0,8.351230780882274,0.18181818181818182,0.6256684491978609,4.39572192513369,1.5133689839572193,0.7112299465240641,0.1497326203208556,0.058823529411764705,0.058823529411764705,0.0053475935828877,0.016042780748663103,0,Literal
0.5695364238410596,16.77777777777778,11.920529801324504,0.0,0.13245033112582782,13.77,11.48,0.0,0.0,0.0,3.198675496688742,151.0,9.0,7.030796453136166,0.16556291390728478,0.4105960264900662,5.576158940397351,1.9337748344370862,0.4304635761589404,0.1986754966887417,0.15894039735099338,0.07947019867549669,0.013245033112582781,0.11920529801324503,1,Inferential
0.5706521739130435,20.444444444444443,0.5434782608695652,0.0,0.03260869565217391,7.33,8.4,0.0,0.0,0.0,4.184782608695652,184.0,9.0,9.988882709181132,0.2391304347826087,0.5978260869565217,3.9347826086956523,1.266304347826087,0.6956521739130435,0.14130434782608695,0.08152173913043478,0.04891304347826087,0.005434782608695652,0.02717391304347826,0,Literal
0.6463414634146342,27.333333333333332,4.2682926829268295,0.0,0.07926829268292683,13.71,12.64,0.0,0.0,0.0,4.530487804878049,164.0,6.0,11.9501278468289,0.17682926829268292,0.49390243902439024,4.640243902439025,1.579268292682927,0.6158536585365854,0.13414634146341464,0.12195121951219512,0.04878048780487805,0.018292682926829267,0.06097560975609756,1,Inferential
0.5031847133757962,13.083333333333334,1.2738853503184715,0.0,0.025477707006369428,5.22,5.74,0.0,0.0,0.0,2.535031847133758,157.0,12.0,6.706133179576903,0.08280254777070063,0.6369426751592356,4.050955414012739,1.3312101910828025,0.6624203821656051,0.19745222929936307,0.07643312101910828,0.03821656050955414,0.006369426751592357,0.01910828025477707,0,Literal
0.4900662251655629,7.947368421052632,0.6622516556291391,0.0,0.0728476821192053,5.33,3.44,0.0,0.0,0.0,2.5827814569536423,151.0,19.0,3.939993109939558,0.19205298013245034,0.5298013245033113,4.6092715231788075,1.509933774834437,0.6490066225165563,0.17880794701986755,0.046357615894039736,0.052980132450331126,0.0,0.0728476821192053,0,Literal
0.6011904761904762,42.0,2.976190476190476,0.0,0.05357142857142857,17.72,17.99,0.0,0.0,0.0,4.601190476190476,168.0,4.0,20.522853115490545,0.14285714285714285,0.6071428571428571,4.351190476190476,1.4345238095238095,0.6488095238095238,0.19047619047619047,0.05357142857142857,0.05357142857142857,0.0,0.05357142857142857,2,Evaluative
0.5238095238095238,16.333333333333332,4.081632653061225,0.0,0.006802721088435374,7.48,8.17,0.0,0.0,0.0,3.3945578231292517,147.0,9.0,4.763544691161337,0.1292517006802721,0.5374149659863946,4.571428571428571,1.4149659863945578,0.7006802721088435,0.1360544217687075,0.11564625850340136,0.04081632653061224,0.0,0.006802721088435374,0,Literal
0.6145833333333334,16.0,4.6875,0.0,0.036458333333333336,10.62,8.28,0.0,0.0,0.0,3.4791666666666665,192.0,12.0,4.8218253804964775,0.140625,0.4479166666666667,5.244791666666667,1.6927083333333333,0.4583333333333333,0.21875,0.17708333333333334,0.10416666666666667,0.015625,0.020833333333333332,0,Literal
0.6036585365853658,18.22222222222222,1.2195121951219512,0.0,0.018292682926829267,6.91,7.78,0.0,0.0,0.0,4.170731707317073,164.0,9.0,11.678829638640812,0.1951219512195122,0.6707317073170732,3.908536585365854,1.3048780487804879,0.725609756097561,0.1524390243902439,0.06097560975609756,0.042682926829268296,0.006097560975609756,0.012195121951219513,0,Literal
0.567741935483871,15.5,3.870967741935484,0.0,0.03870967741935484,6.14,7.75,0.0,0.0,0.0,3.8451612903225807,155.0,10.0,12.547509713086498,0.2064516129032258,0.6903225806451613,3.832258064516129,1.3290322580645162,0.7225806451612903,0.14838709677419354,0.05161290322580645,0.03870967741935484,0.0,0.03870967741935484,0,Literal
0.6058823529411764,21.25,0.5882352941176471,0.0,0.029411764705882353,8.25,8.74,0.0,0.0,0.0,4.576470588235294,170.0,8.0,14.106735979665885,0.17647058823529413,0.6647058823529411,3.976470588235294,1.3176470588235294,0.7294117647058823,0.15294117647058825,0.03529411764705882,0.03529411764705882,0.0,0.029411764705882353,0,Literal
0.611764705882353,28.333333333333332,0.5882352941176471,0.0,0.011764705882352941,10.73,11.57,0.0,0.0,0.0,4.258823529411765,170.0,6.0,15.805238231534364,0.14705882352941177,0.6294117647058823,4.182352941176471,1.2941176470588236,0.6941176470588235,0.1588235294117647,0.1,0.03529411764705882,0.0058823529411764705,0.0058823529411764705,0,Literal
0.5618556701030928,10.210526315789474,0.0,0.0,0.04639175257731959,2.87,4.08,0.0,0.0,0.0,3.7268041237113403,194.0,19.0,3.7342466894877386,0.34536082474226804,0.634020618556701,3.788659793814433,1.2268041237113403,0.7319587628865979,0.17010309278350516,0.020618556701030927,0.020618556701030927,0.010309278350515464,0.03608247422680412,0,Literal
0.608433734939759,27.666666666666668,7.83132530120482,0.0,0.006024096385542169,15.25,14.2,0.0,0.0,0.0,3.8132530120481927,166.0,6.0,10.128343069492331,0.1686746987951807,0.5180722891566265,4.897590361445783,1.6987951807228916,0.5421686746987951,0.21084337349397592,0.15060240963855423,0.09036144578313253,0.0,0.006024096385542169,2,Evaluative
0.5869565217391305,15.333333333333334,0.5434782608695652,0.0,0.03260869565217391,5.52,6.35,0.0,0.0,0.0,3.3043478260869565,184.0,12.0,4.745612008301283,0.1793478260869565,0.6739130434782609,3.8315217391304346,1.2826086956521738,0.7934782608695652,0.11956521739130435,0.03804347826086957,0.016304347826086956,0.0,0.03260869565217391,0,Literal
0.6337209302325582,11.466666666666667,2.9069767441860463,0.0,0.011627906976744186,4.73,5.75,0.0,0.0,0.0,2.546511627906977,172.0,15.0,3.9631637193871603,0.12209302325581395,0.5523255813953488,4.3313953488372094,1.3430232558139534,0.7151162790697675,0.20348837209302326,0.046511627906976744,0.023255813953488372,0.011627906976744186,0.0,0,Literal
0.5643564356435643,28.857142857142858,5.445544554455446,0.0,0.04950495049504951,13.31,13.72,0.0,0.0,0.0,3.282178217821782,202.0,7.0,9.330660453033103,0.09405940594059406,0.5693069306930693,4.5,1.495049504950495,0.6435643564356436,0.2079207920792079,0.054455445544554455,0.04455445544554455,0.0,0.04950495049504951,1,Inferential
0.5785714285714286,20.0,4.285714285714286,0.0,0.07142857142857142,11.6,9.71,0.0,0.0,0.0,4.2214285714285715,140.0,7.0,9.707981147446862,0.20714285714285716,0.5,5.0928571428571425,1.6428571428571428,0.6,0.14285714285714285,0.09285714285714286,0.09285714285714286,0.0,0.07142857142857142,0,Literal
0.6433566433566433,13.0,3.4965034965034967,0.0,0.07692307692307693,9.04,6.6,0.0,0.0,0.0,2.888111888111888,143.0,11.0,3.6044050184725474,0.13986013986013987,0.44755244755244755,4.937062937062937,1.6573426573426573,0.44755244755244755,0.16783216783216784,0.16783216783216784,0.11188811188811189,0.02097902097902098,0.055944055944055944,0,Literal
0.5796178343949044,31.4,1.910828025477707,0.0,0.09554140127388536,14.17,13.32,0.0,0.0,0.0,3.8471337579617835,157.0,5.0,13.646977687385585,0.09554140127388536,0.5987261146496815,4.490445859872612,1.484076433121019,0.5859872611464968,0.1592356687898089,0.10191082802547771,0.05732484076433121,0.006369426751592357,0.08917197452229299,1,Inferential
0.6643356643356644,14.3,0.6993006993006993,0.0,0.0,5.09,6.0,0.0,0.0,0.0,3.3216783216783217,143.0,10.0,12.159358535712318,0.2097902097902098,0.5944055944055944,4.160839160839161,1.2797202797202798,0.7622377622377622,0.14685314685314685,0.04195804195804196,0.03496503496503497,0.0,0.0,0,Literal
0.59375,32.0,2.604166666666667,0.0,0.005208333333333333,12.62,13.84,0.0,0.0,0.0,3.4947916666666665,192.0,6.0,7.71182353417285,0.09375,0.6041666666666666,4.114583333333333,1.3333333333333333,0.7395833333333334,0.16145833333333334,0.08854166666666667,0.005208333333333333,0.0,0.005208333333333333,1,Inferential
0.6763005780346821,19.22222222222222,5.780346820809249,0.0,0.03468208092485549,9.78,10.0,0.0,0.0,0.0,3.508670520231214,173.0,9.0,7.083278866892989,0.1676300578034682,0.5953757225433526,4.485549132947977,1.5144508670520231,0.7225433526011561,0.1329479768786127,0.06358381502890173,0.046242774566473986,0.011560693641618497,0.023121387283236993,0,Literal
0.510752688172043,8.454545454545455,0.5376344086021506,0.0,0.03225806451612903,4.27,3.6,0.0,0.0,0.0,2.4301075268817205,186.0,22.0,3.996124155286321,0.13440860215053763,0.5752688172043011,3.978494623655914,1.403225806451613,0.6451612903225806,0.14516129032258066,0.11290322580645161,0.06451612903225806,0.010752688172043012,0.021505376344086023,0,Literal
0.5340314136125655,21.22222222222222,1.5706806282722512,0.0,0.03664921465968586,10.23,9.12,0.0,0.0,0.0,2.994764397905759,191.0,9.0,8.517230176327468,0.09947643979057591,0.5916230366492147,4.492146596858639,1.486910994764398,0.7068062827225131,0.17801047120418848,0.05759162303664921,0.020942408376963352,0.03664921465968586,0.0,0,Literal
0.6242424242424243,41.25,0.6060606060606061,0.0,0.03636363636363636,15.94,16.74,0.0,0.0,0.0,4.703030303030303,165.0,4.0,23.7841859225831,0.12727272727272726,0.6242424242424243,4.3090909090909095,1.309090909090909,0.6484848484848484,0.16363636363636364,0.06060606060606061,0.08484848484848485,0.006060606060606061,0.030303030303030304,2,Evaluative
0.5,24.857142857142858,0.0,0.0,0.06321839080459771,8.35,9.94,0.0,0.0,0.0,5.132183908045977,174.0,7.0,16.15486279225963,0.20689655172413793,0.6666666666666666,3.7011494252873565,1.206896551724138,0.7528735632183908,0.13793103448275862,0.022988505747126436,0.022988505747126436,0.0,0.06321839080459771,0,Literal
0.6324324324324324,18.5,0.5405405405405406,0.0,0.010810810810810811,6.23,7.62,0.0,0.0,0.0,3.443243243243243,185.0,10.0,7.565712127751095,0.12972972972972974,0.6648648648648648,3.9351351351351354,1.2378378378378379,0.7837837837837838,0.15135135135135136,0.021621621621621623,0.032432432432432434,0.0,0.010810810810810811,0,Literal
0.45,20.0,0.0,0.0,0.005,6.13,8.0,0.0,0.0,0.0,3.605,200.0,10.0,10.26645021416848,0.145,0.61,3.61,1.18,0.755,0.17,0.01,0.06,0.0,0.005,0,Literal
0.49019607843137253,10.2,0.6535947712418301,0.0,0.006535947712418301,3.89,4.34,0.0,0.0,0.0,2.7712418300653594,153.0,15.0,4.261455150532504,0.1503267973856209,0.5816993464052288,4.03921568627451,1.3137254901960784,0.7973856209150327,0.1503267973856209,0.0392156862745098,0.006535947712418301,0.0,0.006535947712418301,0,Literal
0.5,14.0,6.043956043956044,0.0,0.08241758241758242,10.16,8.02,0.0,0.0,0.0,3.0,182.0,13.0,7.950289340125678,0.15384615384615385,0.47802197802197804,4.873626373626373,1.7197802197802199,0.4725274725274725,0.16483516483516483,0.21428571428571427,0.06043956043956044,0.03296703296703297,0.04945054945054945,0,Literal
0.6153846153846154,30.333333333333332,3.296703296703297,0.0,0.027472527472527472,13.49,13.45,0.0,0.0,0.0,4.087912087912088,182.0,6.0,12.019659821401861,0.12637362637362637,0.5824175824175825,4.318681318681318,1.4615384615384615,0.6868131868131868,0.15384615384615385,0.054945054945054944,0.07142857142857142,0.01098901098901099,0.016483516483516484,1,Inferential
0.525,50.0,0.5,0.0,0.02,18.19,20.2,0.0,0.0,0.0,5.155,200.0,4.0,8.336666000266533,0.125,0.695,3.715,1.21,0.8,0.135,0.015,0.03,0.0,0.02,2,Evaluative
0.5490196078431373,21.857142857142858,3.2679738562091507,0.0,0.0,11.52,10.05,0.0,0.0,0.0,3.156862745098039,153.0,7.0,8.263517065131184,0.0915032679738562,0.48366013071895425,4.65359477124183,1.5751633986928104,0.6209150326797386,0.1895424836601307,0.13071895424836602,0.058823529411764705,0.0,0.0,0,Literal
0.5852272727272727,25.142857142857142,9.659090909090908,0.0,0.022727272727272728,13.93,13.92,0.0,0.0,0.0,3.3579545454545454,176.0,7.0,6.05754715631834,0.09090909090909091,0.5340909090909091,4.931818181818182,1.6704545454545454,0.4772727272727273,0.2840909090909091,0.17613636363636365,0.03977272727272727,0.005681818181818182,0.017045454545454544,1,Inferential
0.6119402985074627,25.125,4.975124378109453,0.0,0.07960199004975124,12.35,12.04,0.0,0.0,0.0,3.5024875621890548,201.0,8.0,8.358192089202067,0.11940298507462686,0.5771144278606966,4.517412935323383,1.537313432835821,0.6268656716417911,0.15920398009950248,0.06965174129353234,0.06467661691542288,0.014925373134328358,0.06467661691542288,1,Inferential
0.4083769633507853,23.875,0.0,0.0,0.04712041884816754,5.83,9.55,0.0,0.0,0.0,4.109947643979058,191.0,8.0,16.59630983080275,0.11518324607329843,0.5863874345549738,3.1256544502617802,1.0261780104712042,0.7382198952879581,0.14136125654450263,0.05235602094240838,0.020942408376963352,0.005235602094240838,0.041884816753926704,0,Literal
0.6296296296296297,14.538461538461538,1.0582010582010581,0.0,0.06878306878306878,4.31,6.24,0.0,0.0,0.0,3.634920634920635,189.0,13.0,8.12913526992179,0.20105820105820105,0.5079365079365079,3.9735449735449735,1.2063492063492063,0.6455026455026455,0.15343915343915343,0.06349206349206349,0.06878306878306878,0.015873015873015872,0.05291005291005291,0,Literal
0.5878378378378378,14.8,4.054054054054054,0.0,0.033783783783783786,8.04,7.54,0.0,0.0,0.0,2.8445945945945947,148.0,10.0,7.6609398901179215,0.10135135135135136,0.5202702702702703,4.513513513513513,1.5135135135135136,0.6554054054054054,0.20945945945945946,0.08783783783783784,0.013513513513513514,0.0,0.033783783783783786,0,Literal
0.6741573033707865,35.6,1.1235955056179776,0.0,0.02247191011235955,13.74,14.69,0.0,0.0,0.0,4.893258426966292,178.0,5.0,25.919876542915862,0.15730337078651685,0.601123595505618,4.297752808988764,1.3089887640449438,0.6910112359550562,0.14606741573033707,0.07865168539325842,0.05056179775280899,0.0056179775280898875,0.016853932584269662,1,Inferential
0.6176470588235294,17.0,0.0,0.0,0.052941176470588235,6.45,6.8,0.0,0.0,0.0,3.1882352941176473,170.0,10.0,7.381734213584231,0.11176470588235295,0.6235294117647059,4.0058823529411764,1.3058823529411765,0.7176470588235294,0.12941176470588237,0.047058823529411764,0.052941176470588235,0.0,0.052941176470588235,0,Literal
0.5833333333333334,38.4,3.125,0.0,0.07291666666666667,15.24,16.61,0.0,0.0,0.0,4.5,192.0,5.0,9.826494797230598,0.15104166666666666,0.5625,4.375,1.34375,0.640625,0.140625,0.09375,0.046875,0.036458333333333336,0.036458333333333336,2,Evaluative
0.5879396984924623,22.11111111111111,2.0100502512562812,0.0,0.01507537688442211,8.92,9.65,0.0,0.0,0.0,3.3115577889447234,199.0,9.0,8.891666232774469,0.11055276381909548,0.6231155778894473,4.165829145728643,1.3467336683417086,0.7035175879396985,0.17587939698492464,0.06030150753768844,0.04020100502512563,0.005025125628140704,0.010050251256281407,0,Literal
0.6726190476190477,28.0,6.547619047619048,0.0,0.023809523809523808,14.36,13.82,0.0,0.0,0.0,4.267857142857143,168.0,6.0,27.948862032091554,0.13095238095238096,0.5833333333333334,4.869047619047619,1.6130952380952381,0.6547619047619048,0.14285714285714285,0.10714285714285714,0.07142857142857142,0.011904761904761904,0.011904761904761904,1,Inferential
0.6649214659685864,27.285714285714285,9.424083769633508,0.0,0.031413612565445025,13.77,14.68,0.0,0.0,0.0,4.465968586387435,191.0,7.0,23.62461531918757,0.1099476439790576,0.5497382198952879,4.769633507853404,1.5863874345549738,0.6230366492146597,0.15706806282722513,0.11518324607329843,0.06806282722513089,0.0,0.031413612565445025,1,Inferential
0.592814371257485,33.4,2.3952095808383236,0.0,0.0,11.64,14.32,0.0,0.0,0.0,5.508982035928144,167.0,5.0,10.365326815879952,0.17964071856287425,0.6287425149700598,3.8862275449101795,1.2035928143712575,0.8203592814371258,0.1377245508982036,0.005988023952095809,0.03592814371257485,0.0,0.0,0,Literal
0.616580310880829,14.846153846153847,1.5544041450777202,0.0,0.015544041450777202,6.71,6.56,0.0,0.0,0.0,3.3678756476683938,193.0,13.0,7.159220479201803,0.14507772020725387,0.5544041450777202,4.150259067357513,1.3989637305699483,0.6994818652849741,0.19170984455958548,0.04145077720207254,0.03626943005181347,0.0051813471502590676,0.010362694300518135,0,Literal
0.5804195804195804,13.0,0.0,0.0,0.006993006993006993,1.53,5.2,0.0,0.0,0.0,3.5314685314685317,143.0,11.0,8.774493463282658,0.23076923076923078,0.6573426573426573,3.4265734265734267,1.020979020979021,0.8181818181818182,0.1048951048951049,0.03496503496503497,0.03496503496503497,0.0,0.006993006993006993,0,Literal
0.5402298850574713,21.75,2.8735632183908044,0.0,0.13218390804597702,8.83,9.85,0.0,0.0,0.0,3.7011494252873565,174.0,8.0,16.297526652839075,0.1896551724137931,0.4942528735632184,4.258620689655173,1.3505747126436782,0.6149425287356322,0.06896551724137931,0.09770114942528736,0.07471264367816093,0.005747126436781609,0.12643678160919541,0,Literal
0.5685279187817259,9.380952380952381,0.0,0.0,0.025380710659898477,3.46,3.75,0.0,0.0,0.0,2.6802030456852792,197.0,21.0,4.942297426792046,0.20812182741116753,0.5228426395939086,4.091370558375634,1.3045685279187818,0.7055837563451777,0.20812182741116753,0.04060913705583756,0.02030456852791878,0.0,0.025380710659898477,0,Literal
0.610062893081761,15.9,7.547169811320755,0.0,0.018867924528301886,9.61,9.38,0.0,0.0,0.0,2.949685534591195,159.0,10.0,6.6550732527899354,0.11320754716981132,0.5345911949685535,4.880503144654088,1.610062893081761,0.5786163522012578,0.23270440251572327,0.06289308176100629,0.10062893081761007,0.0,0.018867924528301886,0,Literal
0.6410256410256411,16.25,5.641025641025641,0.0,0.08205128205128205,10.84,8.76,0.0,0.0,0.0,3.348717948717949,195.0,12.0,5.030462757595523,0.1794871794871795,0.4512820512820513,5.235897435897436,1.7025641025641025,0.517948717948718,0.16923076923076924,0.13846153846153847,0.08717948717948718,0.005128205128205128,0.07692307692307693,0,Literal
0.625,22.0,3.977272727272727,0.0,0.022727272727272728,11.49,10.39,0.0,0.0,0.0,4.0,176.0,8.0,12.170019515185668,0.19318181818181818,0.5909090909090909,4.767045454545454,1.5681818181818181,0.625,0.23295454545454544,0.09090909090909091,0.022727272727272728,0.0,0.022727272727272728,0,Literal
0.6423841059602649,15.1,1.3245033112582782,0.0,0.07947019867549669,4.83,6.57,0.0,0.0,0.0,3.1125827814569536,151.0,10.0,4.431703961232067,0.18543046357615894,0.5761589403973509,3.834437086092715,1.2317880794701987,0.6490066225165563,0.1456953642384106,0.052980132450331126,0.059602649006622516,0.006622516556291391,0.0728476821192053,0,Literal
0.6614583333333334,13.714285714285714,1.0416666666666665,0.0,0.041666666666666664,5.98,5.9,0.0,0.0,0.0,3.953125,192.0,14.0,7.055176128494711,0.2916666666666667,0.59375,4.083333333333333,1.375,0.7291666666666666,0.15625,0.046875,0.020833333333333332,0.010416666666666666,0.03125,0,Literal
0.6205128205128205,16.25,4.102564102564102,0.0,0.03076923076923077,7.93,8.14,0.0,0.0,0.0,3.482051282051282,195.0,12.0,7.057305119913376,0.14871794871794872,0.5846153846153846,4.528205128205128,1.4564102564102563,0.6256410256410256,0.2,0.09230769230769231,0.05128205128205128,0.0,0.03076923076923077,0,Literal
0.6871165644171779,23.285714285714285,2.4539877300613497,0.0,0.018404907975460124,10.07,10.3,0.0,0.0,0.0,4.9079754601226995,163.0,7.0,9.676396698214914,0.1656441717791411,0.5828220858895705,4.263803680981595,1.4049079754601228,0.6687116564417178,0.1656441717791411,0.09815950920245399,0.049079754601226995,0.0,0.018404907975460124,0,Literal
0.6453488372093024,17.2,2.3255813953488373,0.0,0.0755813953488372,7.17,7.81,0.0,0.0,0.0,4.1976744186046515,172.0,10.0,10.212247548899311,0.2616279069767442,0.5813953488372093,4.093023255813954,1.3604651162790697,0.6686046511627907,0.11627906976744186,0.06976744186046512,0.06395348837209303,0.029069767441860465,0.046511627906976744,0,Literal
0.5792349726775956,16.636363636363637,2.185792349726776,0.0,0.0273224043715847,7.34,7.53,0.0,0.0,0.0,3.377049180327869,183.0,11.0,7.148946636850001,0.12021857923497267,0.6174863387978142,4.180327868852459,1.3934426229508197,0.6830601092896175,0.15846994535519127,0.11475409836065574,0.01639344262295082,0.01639344262295082,0.01092896174863388,0,Literal
0.4748603351955307,7.458333333333333,0.0,0.0,0.0223463687150838,2.22,2.98,0.0,0.0,0.0,3.2793296089385473,179.0,24.0,4.12289508584549,0.33519553072625696,0.5642458100558659,3.9441340782122905,1.2625698324022345,0.7653631284916201,0.1340782122905028,0.055865921787709494,0.01675977653631285,0.0,0.0223463687150838,0,Literal
0.6153846153846154,24.142857142857142,11.834319526627219,0.0,0.04142011834319527,13.31,14.39,0.0,0.0,0.0,3.6153846153846154,169.0,7.0,16.603417400877298,0.11834319526627218,0.5384615384615384,4.958579881656805,1.650887573964497,0.5562130177514792,0.15976331360946747,0.10650887573964497,0.13609467455621302,0.011834319526627219,0.029585798816568046,1,Inferential
0.6084656084656085,37.8,2.1164021164021163,0.0,0.031746031746031744,15.57,15.97,0.0,0.0,0.0,4.423280423280423,189.0,5.0,13.484806264830057,0.09523809523809523,0.6666666666666666,4.386243386243386,1.3915343915343916,0.6137566137566137,0.21693121693121692,0.08994708994708994,0.047619047619047616,0.005291005291005291,0.026455026455026454,2,Evaluative
0.553763440860215,18.6,3.225806451612903,0.0,0.03225806451612903,9.24,8.73,0.0,0.0,0.0,3.8440860215053765,186.0,10.0,9.8812954616285,0.16129032258064516,0.5161290322580645,4.747311827956989,1.489247311827957,0.6666666666666666,0.15591397849462366,0.10215053763440861,0.03763440860215054,0.005376344086021506,0.026881720430107527,0,Literal
0.59375,32.0,10.0,0.0,0.10625,18.5,16.8,0.0,0.0,0.0,3.7875,160.0,5.0,5.3814496188294845,0.11875,0.4875,5.35625,1.83125,0.53125,0.1375,0.13125,0.09375,0.0375,0.06875,2,Evaluative
0.6374269005847953,28.5,7.017543859649122,0.0,0.017543859649122806,14.23,14.21,0.0,0.0,0.0,4.280701754385965,171.0,6.0,7.104380495315705,0.1695906432748538,0.5730994152046783,4.719298245614035,1.5847953216374269,0.695906432748538,0.13450292397660818,0.09941520467836257,0.05263157894736842,0.0,0.017543859649122806,1,Inferential
0.518918918918919,9.25,0.0,0.0,0.03783783783783784,3.39,3.7,0.0,0.0,0.0,3.9675675675675675,185.0,20.0,6.3629788621368215,0.2756756756756757,0.5567567567567567,4.178378378378379,1.3027027027027027,0.6432432432432432,0.22162162162162163,0.032432432432432434,0.06486486486486487,0.0,0.03783783783783784,0,Literal
0.618421052631579,25.333333333333332,7.236842105263158,0.0,0.006578947368421052,12.07,13.03,0.0,0.0,0.0,3.611842105263158,152.0,6.0,9.28110386155057,0.07236842105263158,0.625,4.5394736842105265,1.506578947368421,0.6973684210526315,0.17105263157894737,0.07236842105263158,0.05263157894736842,0.006578947368421052,0.0,1,Inferential
0.425531914893617,11.75,0.0,0.0,0.04964539007092199,8.24,4.7,0.0,0.0,0.0,2.9361702127659575,141.0,12.0,5.149838185160125,0.15602836879432624,0.5460992907801419,4.921985815602837,1.6312056737588652,0.723404255319149,0.0851063829787234,0.04964539007092199,0.09219858156028368,0.04964539007092199,0.0,0,Literal
0.615,22.22222222222222,4.0,0.0,0.045,10.01,10.49,0.0,0.0,0.0,3.65,200.0,9.0,10.826351026232702,0.17,0.6,4.38,1.435,0.67,0.145,0.08,0.06,0.005,0.04,0,Literal
0.6277777777777778,22.5,1.6666666666666667,0.0,0.06666666666666667,8.92,9.67,0.0,0.0,0.0,3.4166666666666665,180.0,8.0,10.307006112349017,0.12777777777777777,0.5666666666666667,4.261111111111111,1.3333333333333333,0.6222222222222222,0.12777777777777777,0.12777777777777777,0.05555555555555555,0.027777777777777776,0.03888888888888889,0,Literal
0.6424870466321243,32.166666666666664,7.772020725388601,0.0,0.05181347150259067,14.5,15.98,0.0,0.0,0.0,4.507772020725389,193.0,6.0,17.358955421722047,0.16580310880829016,0.616580310880829,4.341968911917099,1.4870466321243523,0.694300518134715,0.11917098445595854,0.07772020725388601,0.05181347150259067,0.0051813471502590676,0.046632124352331605,1,Inferential
0.6078431372549019,25.5,1.3071895424836601,0.0,0.013071895424836602,10.55,10.72,0.0,0.0,0.0,4.973856209150327,153.0,6.0,14.580237766694113,0.26143790849673204,0.6013071895424836,4.333333333333333,1.3725490196078431,0.6928104575163399,0.1503267973856209,0.058823529411764705,0.05228758169934641,0.006535947712418301,0.006535947712418301,0,Literal
0.7588652482269503,20.142857142857142,4.25531914893617,0.0,0.04964539007092199,10.09,9.76,0.0,0.0,0.0,2.9645390070921986,141.0,7.0,10.37854930682924,0.0851063829787234,0.5602836879432624,4.524822695035461,1.5106382978723405,0.6382978723404256,0.1702127659574468,0.07092198581560284,0.07092198581560284,0.0,0.04964539007092199,0,Literal
0.6858974358974359,19.5,2.564102564102564,0.0,0.03205128205128205,9.34,8.83,0.0,0.0,0.0,3.7243589743589745,156.0,8.0,9.137833441248533,0.14102564102564102,0.5576923076923077,4.294871794871795,1.4679487179487178,0.6153846153846154,0.21153846153846154,0.03205128205128205,0.09615384615384616,0.00641025641025641,0.02564102564102564,0,Literal
0.5961538461538461,22.285714285714285,0.0,0.0,0.02564102564102564,7.78,8.91,0.0,0.0,0.0,4.198717948717949,156.0,7.0,14.732997810689987,0.1987179487179487,0.6217948717948718,3.8653846153846154,1.2435897435897436,0.75,0.16666666666666666,0.02564102564102564,0.03205128205128205,0.00641025641025641,0.019230769230769232,0,Literal
0.572139303482587,12.5625,3.482587064676617,0.0,0.04477611940298507,7.51,6.42,0.0,0.0,0.0,2.955223880597015,201.0,16.0,5.1595633293913545,0.14427860696517414,0.5074626865671642,4.9054726368159205,1.5422885572139304,0.6318407960199005,0.1890547263681592,0.05970149253731343,0.07462686567164178,0.024875621890547265,0.01990049751243781,0,Literal
0.5923566878980892,26.166666666666668,7.643312101910828,0.0,0.08280254777070063,14.01,13.52,0.0,0.0,0.0,3.6878980891719744,157.0,6.0,11.075498483890767,0.16560509554140126,0.5222929936305732,4.662420382165605,1.643312101910828,0.5668789808917197,0.17197452229299362,0.11464968152866242,0.06369426751592357,0.012738853503184714,0.07006369426751592,1,Inferential
0.5512820512820513,31.2,6.41025641025641,0.0,0.08974358974358974,16.55,15.04,0.0,0.0,0.0,4.596153846153846,156.0,5.0,12.483589227461788,0.1346153846153846,0.4230769230769231,5.128205128205129,1.6923076923076923,0.5512820512820513,0.10897435897435898,0.1282051282051282,0.12179487179487179,0.0,0.08974358974358974,2,Evaluative
0.532608695652174,20.444444444444443,2.1739130434782608,0.0,0.06521739130434782,11.11,9.05,0.0,0.0,0.0,3.222826086956522,184.0,9.0,9.345230512584124,0.10326086956521739,0.483695652173913,4.788043478260869,1.5869565217391304,0.5380434782608695,0.21195652173913043,0.11413043478260869,0.07065217391304347,0.02717391304347826,0.03804347826086957,0,Literal
0.6623376623376623,25.666666666666668,3.896103896103896,0.0,0.07792207792207792,9.97,11.83,0.0,0.0,0.0,3.6298701298701297,154.0,6.0,5.013869652163774,0.14285714285714285,0.5844155844155844,4.363636363636363,1.3181818181818181,0.6753246753246753,0.13636363636363635,0.05844155844155844,0.05194805194805195,0.012987012987012988,0.06493506493506493,0,Literal
0.5088757396449705,14.083333333333334,4.142011834319527,0.0,0.05325443786982249,5.61,7.29,0.0,0.0,0.0,2.828402366863905,169.0,12.0,8.200186312246544,0.10650887573964497,0.5857988165680473,4.3076923076923075,1.331360946745562,0.6863905325443787,0.14792899408284024,0.07100591715976332,0.011834319526627219,0.011834319526627219,0.04142011834319527,0,Literal
0.6025641025641025,15.6,3.205128205128205,0.0,0.07051282051282051,7.59,7.52,0.0,0.0,0.0,3.1858974358974357,156.0,10.0,6.529931086925803,0.14743589743589744,0.5769230769230769,4.448717948717949,1.4487179487179487,0.6923076923076923,0.1346153846153846,0.04487179487179487,0.057692307692307696,0.01282051282051282,0.057692307692307696,0,Literal
0.65625,22.857142857142858,1.875,0.0,0.0375,8.59,9.89,0.0,0.0,0.0,4.41875,160.0,7.0,11.837332849066629,0.1875,0.575,4.0875,1.29375,0.75,0.13125,0.05,0.03125,0.0125,0.025,0,Literal
0.5846153846153846,27.857142857142858,4.615384615384616,0.0,0.041025641025641026,13.0,12.99,0.0,0.0,0.0,3.3076923076923075,195.0,7.0,11.849395059044411,0.06666666666666667,0.5794871794871795,4.62051282051282,1.5025641025641026,0.6102564102564103,0.16923076923076924,0.13333333333333333,0.046153846153846156,0.02564102564102564,0.015384615384615385,1,Inferential
0.6,17.5,9.285714285714286,0.0,0.02142857142857143,11.21,10.71,0.0,0.0,0.0,2.8785714285714286,140.0,8.0,8.5,0.12857142857142856,0.44285714285714284,5.257142857142857,1.6928571428571428,0.5357142857142857,0.21428571428571427,0.15,0.07857142857142857,0.014285714285714285,0.007142857142857143,0,Literal
0.6596858638743456,23.875,4.18848167539267,0.0,0.04712041884816754,11.02,11.23,0.0,0.0,0.0,3.7539267015706805,191.0,8.0,10.425329730996522,0.13089005235602094,0.5026178010471204,4.602094240837697,1.4659685863874345,0.5759162303664922,0.13612565445026178,0.14136125654450263,0.09947643979057591,0.010471204188481676,0.03664921465968586,0,Literal
0.632768361581921,29.5,5.649717514124294,0.0,0.05084745762711865,13.98,14.06,0.0,0.0,0.0,4.706214689265536,177.0,6.0,19.27865832122834,0.15254237288135594,0.5310734463276836,4.72316384180791,1.5310734463276836,0.5819209039548022,0.23163841807909605,0.07909604519774012,0.03954802259887006,0.005649717514124294,0.04519774011299435,1,Inferential
0.6709677419354839,31.0,3.225806451612903,0.0,0.03870967741935484,14.01,13.69,0.0,0.0,0.0,3.2193548387096773,155.0,5.0,10.256705123966467,0.09032258064516129,0.5161290322580645,4.496774193548387,1.4838709677419355,0.6709677419354839,0.1935483870967742,0.07096774193548387,0.025806451612903226,0.012903225806451613,0.025806451612903226,1,Inferential
0.6153846153846154,18.77777777777778,0.0,0.0,0.023668639053254437,7.79,7.51,0.0,0.0,0.0,3.455621301775148,169.0,9.0,10.078702640398726,0.13609467455621302,0.591715976331361,4.041420118343195,1.3609467455621302,0.7159763313609467,0.14792899408284024,0.04142011834319527,0.07100591715976332,0.011834319526627219,0.011834319526627219,0,Literal
0.5083798882681564,7.16,0.0,0.0,0.0,2.5,2.86,0.0,0.0,0.0,2.435754189944134,179.0,25.0,2.52475741408952,0.2122905027932961,0.5921787709497207,3.8379888268156424,1.2960893854748603,0.7430167597765364,0.2122905027932961,0.0111731843575419,0.0111731843575419,0.0,0.0,0,Literal
0.6405228758169934,21.857142857142858,1.3071895424836601,0.0,0.006535947712418301,9.28,9.27,0.0,0.0,0.0,3.6666666666666665,153.0,7.0,16.72222033885526,0.13071895424836602,0.5555555555555556,4.38562091503268,1.3856209150326797,0.6797385620915033,0.19607843137254902,0.0784313725490196,0.013071895424836602,0.0,0.006535947712418301,0,Literal
0.6139240506329114,22.571428571428573,10.759493670886076,0.0,0.10759493670886076,13.83,13.33,0.0,0.0,0.0,3.5316455696202533,158.0,7.0,8.176621726430962,0.14556962025316456,0.46835443037974683,5.2594936708860756,1.7468354430379747,0.47468354430379744,0.189873417721519,0.13924050632911392,0.0759493670886076,0.0189873417721519,0.08860759493670886,1,Inferential
0.6060606060606061,24.75,4.040404040404041,0.0,0.03535353535353535,11.58,11.52,0.0,0.0,0.0,4.03030303030303,198.0,8.0,13.692493381411582,0.14646464646464646,0.6060606060606061,4.3686868686868685,1.4848484848484849,0.6565656565656566,0.1717171717171717,0.08585858585858586,0.050505050505050504,0.010101010101010102,0.025252525252525252,0,Literal
0.5423728813559322,17.7,0.0,0.0,0.01694915254237288,5.31,7.08,0.0,0.0,0.0,3.711864406779661,177.0,10.0,9.414881836751857,0.13559322033898305,0.6949152542372882,3.7401129943502824,1.1864406779661016,0.8305084745762712,0.0847457627118644,0.05649717514124294,0.011299435028248588,0.0,0.01694915254237288,0,Literal
0.5503355704697986,24.833333333333332,16.778523489932887,0.0,0.06711409395973154,18.49,16.64,0.0,0.0,0.0,3.5704697986577183,149.0,6.0,9.516068282413464,0.15436241610738255,0.4161073825503356,5.865771812080537,2.0671140939597317,0.4228187919463087,0.20134228187919462,0.19463087248322147,0.087248322147651,0.006711409395973154,0.06040268456375839,2,Evaluative
0.5032258064516129,17.22222222222222,2.5806451612903225,0.0,0.0,7.65,7.92,0.0,0.0,0.0,3.367741935483871,155.0,9.0,6.429100507328637,0.16774193548387098,0.4645161290322581,4.167741935483871,1.4,0.6387096774193548,0.1935483870967742,0.11612903225806452,0.05161290322580645,0.0,0.0,0,Literal
0.6416184971098265,15.727272727272727,2.312138728323699,0.0,0.06358381502890173,6.37,7.22,0.0,0.0,0.0,3.508670520231214,173.0,11.0,13.825954751603538,0.20809248554913296,0.5375722543352601,4.23121387283237,1.3410404624277457,0.6184971098265896,0.23121387283236994,0.057803468208092484,0.028901734104046242,0.023121387283236993,0.04046242774566474,0,Literal
0.601063829787234,20.88888888888889,6.382978723404255,0.0,0.047872340425531915,11.76,10.91,0.0,0.0,0.0,3.4893617021276597,188.0,9.0,10.496325047661816,0.13297872340425532,0.5159574468085106,5.026595744680851,1.627659574468085,0.5319148936170213,0.18085106382978725,0.15425531914893617,0.05319148936170213,0.015957446808510637,0.031914893617021274,0,Literal
0.5574712643678161,15.818181818181818,2.2988505747126435,0.0,0.005747126436781609,7.13,7.25,0.0,0.0,0.0,3.1724137931034484,174.0,11.0,7.346219582122516,0.11494252873563218,0.5747126436781609,4.316091954022989,1.4022988505747127,0.7471264367816092,0.10919540229885058,0.09770114942528736,0.040229885057471264,0.0,0.005747126436781609,0,Literal
0.5353535353535354,28.285714285714285,0.0,0.0,0.005050505050505051,10.64,11.31,0.0,0.0,0.0,3.878787878787879,198.0,7.0,10.3351984272491,0.1111111111111111,0.6060606060606061,4.02020202020202,1.2878787878787878,0.7777777777777778,0.1414141414141414,0.030303030303030304,0.045454545454545456,0.0,0.005050505050505051,0,Literal
0.5229885057471264,12.428571428571429,5.172413793103448,0.0,0.06321839080459771,6.41,7.04,0.0,0.0,0.0,2.6494252873563218,174.0,14.0,6.6409367423825465,0.10344827586206896,0.5517241379310345,4.551724137931035,1.4540229885057472,0.5919540229885057,0.25862068965517243,0.05172413793103448,0.011494252873563218,0.005747126436781609,0.05747126436781609,0,Literal
0.5503355704697986,18.625,0.0,0.0,0.026845637583892617,5.22,7.45,0.0,0.0,0.0,3.174496644295302,149.0,8.0,9.590848502609141,0.12080536912751678,0.6040268456375839,3.7114093959731544,1.1476510067114094,0.8120805369127517,0.11409395973154363,0.040268456375838924,0.006711409395973154,0.006711409395973154,0.020134228187919462,0,Literal
0.5617283950617284,9.529411764705882,1.2345679012345678,0.0,0.10493827160493827,4.44,4.31,0.0,0.0,0.0,2.753086419753086,162.0,17.0,2.659448130695839,0.16049382716049382,0.5185185185185185,4.438271604938271,1.382716049382716,0.5987654320987654,0.20987654320987653,0.06172839506172839,0.024691358024691357,0.06172839506172839,0.043209876543209874,0,Literal
0.6089743589743589,31.2,14.102564102564102,0.0,0.04487179487179487,18.97,18.12,0.0,0.0,0.0,3.8205128205128207,156.0,5.0,3.63318042491699,0.14743589743589744,0.44871794871794873,5.4743589743589745,1.8974358974358974,0.5192307692307693,0.16666666666666666,0.17307692307692307,0.08974358974358974,0.01282051282051282,0.03205128205128205,2,Evaluative
0.6282722513089005,11.235294117647058,8.900523560209423,0.0,0.031413612565445025,8.68,8.05,0.0,0.0,0.0,2.4293193717277486,191.0,17.0,5.090190035949162,0.1099476439790576,0.5445026178010471,5.031413612565445,1.6858638743455496,0.5287958115183246,0.21465968586387435,0.1518324607329843,0.07329842931937172,0.005235602094240838,0.02617801047120419,0,Literal
0.6256983240223464,22.375,3.910614525139665,0.0,0.027932960893854747,9.16,10.51,0.0,0.0,0.0,3.8268156424581004,179.0,8.0,13.763629608500803,0.1564245810055866,0.6145251396648045,4.128491620111732,1.3575418994413408,0.6815642458100558,0.12849162011173185,0.07262569832402235,0.061452513966480445,0.0,0.027932960893854747,0,Literal
0.53,9.523809523809524,0.5,0.0,0.115,2.87,4.01,0.0,0.0,0.0,3.015,200.0,21.0,4.360199292289371,0.225,0.5,4.005,1.25,0.66,0.15,0.05,0.025,0.0,0.115,0,Literal
0.5333333333333333,11.25,3.888888888888889,0.0,0.0,5.71,6.06,0.0,0.0,0.0,2.827777777777778,180.0,16.0,2.978438139360964,0.1388888888888889,0.6,4.638888888888889,1.4333333333333333,0.7277777777777777,0.19444444444444445,0.05555555555555555,0.022222222222222223,0.0,0.0,0,Literal
0.6763005780346821,15.727272727272727,1.1560693641618496,0.0,0.03468208092485549,6.03,6.75,0.0,0.0,0.0,3.4971098265895955,173.0,11.0,6.257557414310191,0.1676300578034682,0.5606936416184971,4.173410404624278,1.3121387283236994,0.6647398843930635,0.12716763005780346,0.1329479768786127,0.03468208092485549,0.005780346820809248,0.028901734104046242,0,Literal
0.6373626373626373,22.75,1.098901098901099,0.0,0.04395604395604396,9.69,9.54,0.0,0.0,0.0,4.483516483516484,182.0,8.0,11.575836902790225,0.18681318681318682,0.6098901098901099,4.236263736263736,1.39010989010989,0.6703296703296703,0.19230769230769232,0.06043956043956044,0.03296703296703297,0.01098901098901099,0.03296703296703297,0,Literal
0.5759493670886076,31.6,6.329113924050633,0.0,0.03164556962025317,15.7,15.17,0.0,0.0,0.0,3.5063291139240507,158.0,5.0,17.0598944897089,0.0949367088607595,0.5949367088607594,4.7025316455696204,1.6075949367088607,0.6139240506329114,0.22151898734177214,0.06962025316455696,0.06329113924050633,0.006329113924050633,0.02531645569620253,2,Evaluative
0.5347593582887701,37.4,4.27807486631016,0.0,0.0427807486631016,16.79,16.67,0.0,0.0,0.0,4.1550802139037435,187.0,5.0,11.565465835840769,0.0962566844919786,0.5240641711229946,4.4866310160427805,1.5080213903743316,0.5828877005347594,0.20320855614973263,0.12299465240641712,0.0481283422459893,0.0106951871657754,0.03208556149732621,2,Evaluative
0.6069651741293532,33.5,3.482587064676617,0.0,0.05970149253731343,13.38,14.79,0.0,0.0,0.0,3.970149253731343,201.0,6.0,12.552113589175153,0.16417910447761194,0.6069651741293532,4.2388059701492535,1.3482587064676617,0.6169154228855721,0.1890547263681592,0.07960199004975124,0.05472636815920398,0.004975124378109453,0.05472636815920398,1,Inferential
0.583756345177665,24.625,1.015228426395939,0.0,0.02030456852791878,7.97,10.26,0.0,0.0,0.0,4.644670050761421,197.0,8.0,11.936681909140413,0.25380710659898476,0.6040609137055838,3.83248730964467,1.1827411167512691,0.7360406091370558,0.16243654822335024,0.03553299492385787,0.04568527918781726,0.0,0.02030456852791878,0,Literal
0.6382978723404256,23.5,1.5957446808510638,0.0,0.06914893617021277,11.53,10.04,0.0,0.0,0.0,3.6861702127659575,188.0,8.0,11.464619487798101,0.2127659574468085,0.5053191489361702,4.537234042553192,1.5212765957446808,0.6648936170212766,0.16489361702127658,0.05319148936170213,0.0425531914893617,0.02127659574468085,0.047872340425531915,0,Literal
0.6526315789473685,21.11111111111111,1.5789473684210527,0.0,0.042105263157894736,8.11,9.08,0.0,0.0,0.0,3.526315789473684,190.0,9.0,12.292725943057183,0.12631578947368421,0.5578947368421052,4.089473684210526,1.3105263157894738,0.631578947368421,0.19473684210526315,0.1,0.031578947368421054,0.005263157894736842,0.03684210526315789,0,Literal
0.6111111111111112,16.363636363636363,0.5555555555555556,0.0,0.03333333333333333,6.0,6.77,0.0,0.0,0.0,4.066666666666666,180.0,11.0,10.454150190156401,0.19444444444444445,0.5833333333333334,4.0,1.288888888888889,0.7333333333333333,0.14444444444444443,0.044444444444444446,0.03333333333333333,0.011111111111111112,0.022222222222222223,0,Literal
0.5666666666666667,30.0,5.333333333333334,0.0,0.06666666666666667,16.64,14.13,0.0,0.0,0.0,4.32,150.0,5.0,7.989993742175272,0.16,0.4866666666666667,4.986666666666666,1.74,0.4866666666666667,0.22666666666666666,0.18,0.04,0.013333333333333334,0.05333333333333334,2,Evaluative
0.5778894472361809,19.9,1.507537688442211,0.0,0.035175879396984924,6.82,8.56,0.0,0.0,0.0,3.8743718592964824,199.0,10.0,10.994998863119541,0.18090452261306533,0.6432160804020101,3.92964824120603,1.2412060301507537,0.7638190954773869,0.1457286432160804,0.04522613065326633,0.010050251256281407,0.0,0.035175879396984924,0,Literal
0.6503067484662577,20.375,0.0,0.0,0.049079754601226995,6.91,8.15,0.0,0.0,0.0,4.122699386503068,163.0,8.0,12.707650254866161,0.1901840490797546,0.6319018404907976,3.7116564417177913,1.2331288343558282,0.7361963190184049,0.12883435582822086,0.06748466257668712,0.018404907975460124,0.0,0.049079754601226995,0,Literal
0.5384615384615384,21.125,5.325443786982249,0.0,0.0,11.43,10.58,0.0,0.0,0.0,3.4023668639053253,169.0,8.0,9.116434335857413,0.09467455621301775,0.5502958579881657,4.568047337278107,1.5917159763313609,0.6035502958579881,0.13609467455621302,0.15976331360946747,0.10059171597633136,0.0,0.0,0,Literal
0.592814371257485,15.181818181818182,1.7964071856287425,0.0,0.03592814371257485,7.5,6.79,0.0,0.0,0.0,4.341317365269461,167.0,11.0,8.442317648177381,0.20958083832335328,0.5269461077844312,4.383233532934132,1.4550898203592815,0.6227544910179641,0.18562874251497005,0.08383233532934131,0.05389221556886228,0.005988023952095809,0.029940119760479042,0,Literal
0.5064102564102564,22.285714285714285,0.641025641025641,0.0,0.02564102564102564,7.4,9.17,0.0,0.0,0.0,3.7051282051282053,156.0,7.0,4.398515519525901,0.10897435897435898,0.6410256410256411,3.7884615384615383,1.2115384615384615,0.7628205128205128,0.11538461538461539,0.05128205128205128,0.04487179487179487,0.0,0.02564102564102564,0,Literal
0.5522388059701493,15.461538461538462,3.9800995024875623,0.0,0.07462686567164178,7.64,7.78,0.0,0.0,0.0,2.990049751243781,201.0,13.0,5.798387860013154,0.13432835820895522,0.5522388059701493,4.557213930348259,1.4577114427860696,0.6218905472636815,0.13930348258706468,0.12935323383084577,0.03482587064676617,0.0,0.07462686567164178,0,Literal
0.5859872611464968,52.333333333333336,1.2738853503184715,0.0,0.05732484076433121,20.45,21.44,0.0,0.0,0.0,4.617834394904459,157.0,3.0,14.165686240583852,0.1337579617834395,0.5159235668789809,4.254777070063694,1.3248407643312101,0.6114649681528662,0.20382165605095542,0.07643312101910828,0.044585987261146494,0.01910828025477707,0.03821656050955414,2,Evaluative
0.6607142857142857,15.272727272727273,4.166666666666666,0.0,0.08333333333333333,7.93,7.78,0.0,0.0,0.0,3.2261904761904763,168.0,11.0,7.061711449432164,0.16666666666666666,0.5178571428571429,4.589285714285714,1.4880952380952381,0.6071428571428571,0.16666666666666666,0.07738095238095238,0.047619047619047616,0.017857142857142856,0.06547619047619048,0,Literal
0.62,37.5,0.0,0.0,0.06666666666666667,13.27,15.0,0.0,0.0,0.0,4.26,150.0,4.0,10.618380290797651,0.11333333333333333,0.5933333333333334,3.953333333333333,1.2066666666666668,0.76,0.08666666666666667,0.06666666666666667,0.02,0.013333333333333334,0.05333333333333334,1,Inferential
0.6242038216560509,31.4,7.006369426751593,0.0,0.01910828025477707,16.12,15.36,0.0,0.0,0.0,3.554140127388535,157.0,5.0,15.512575543732254,0.11464968152866242,0.5095541401273885,4.624203821656051,1.6496815286624205,0.5668789808917197,0.21656050955414013,0.12101910828025478,0.07006369426751592,0.0,0.01910828025477707,2,Evaluative
0.5824175824175825,15.166666666666666,1.098901098901099,0.0,0.02197802197802198,5.43,6.51,0.0,0.0,0.0,2.7857142857142856,182.0,12.0,4.61579414137541,0.12087912087912088,0.5494505494505495,4.0,1.2802197802197801,0.7637362637362637,0.15384615384615385,0.04945054945054945,0.01098901098901099,0.0,0.02197802197802198,0,Literal
0.6758620689655173,14.5,3.4482758620689653,0.0,0.013793103448275862,8.62,7.18,0.0,0.0,0.0,2.7586206896551726,145.0,10.0,4.944694126030447,0.13793103448275862,0.5448275862068965,4.8,1.5724137931034483,0.6758620689655173,0.1724137931034483,0.09655172413793103,0.041379310344827586,0.006896551724137931,0.006896551724137931,0,Literal
0.5988023952095808,27.833333333333332,8.383233532934131,0.0,0.041916167664670656,13.85,14.49,0.0,0.0,0.0,4.089820359281437,167.0,6.0,12.239507978491437,0.1317365269461078,0.5568862275449101,4.712574850299402,1.5748502994011977,0.592814371257485,0.19161676646706588,0.10778443113772455,0.0658682634730539,0.011976047904191617,0.029940119760479042,1,Inferential
0.7111111111111111,25.714285714285715,1.6666666666666667,0.0,0.03333333333333333,13.19,10.95,0.0,0.0,0.0,4.116666666666666,180.0,7.0,6.833291853200798,0.16666666666666666,0.4888888888888889,4.861111111111111,1.5888888888888888,0.6111111111111112,0.18888888888888888,0.09444444444444444,0.06111111111111111,0.005555555555555556,0.027777777777777776,1,Inferential
0.7,19.0,6.842105263157896,0.0,0.08947368421052632,10.08,10.34,0.0,0.0,0.0,3.863157894736842,190.0,10.0,10.709341716464182,0.14210526315789473,0.5947368421052631,4.684210526315789,1.5473684210526315,0.5842105263157895,0.16842105263157894,0.08421052631578947,0.06315789473684211,0.021052631578947368,0.06842105263157895,0,Literal
0.6419753086419753,27.0,8.641975308641975,0.0,0.018518518518518517,14.75,14.26,0.0,0.0,0.0,3.302469135802469,162.0,6.0,7.295356209413097,0.1111111111111111,0.5123456790123457,4.91358024691358,1.6790123456790123,0.6481481481481481,0.16049382716049382,0.08641975308641975,0.08024691358024691,0.006172839506172839,0.012345679012345678,1,Inferential
0.5722222222222222,22.5,6.111111111111111,0.0,0.07222222222222222,13.51,11.44,0.0,0.0,0.0,2.9444444444444446,180.0,8.0,12.134017265522576,0.08333333333333333,0.5111111111111111,4.944444444444445,1.7222222222222223,0.5833333333333334,0.19444444444444445,0.06666666666666667,0.08333333333333333,0.016666666666666666,0.05555555555555555,1,Inferential
0.5985401459854015,19.571428571428573,10.948905109489052,0.0,0.029197080291970802,13.66,12.21,0.0,0.0,0.0,3.81021897810219,137.0,7.0,4.869731585445518,0.15328467153284672,0.5474452554744526,5.145985401459854,1.832116788321168,0.6423357664233577,0.19708029197080293,0.06569343065693431,0.043795620437956206,0.0,0.029197080291970802,1,Inferential
0.6243093922651933,22.625,4.41988950276243,0.0,0.04419889502762431,12.47,10.82,0.0,0.0,0.0,3.160220994475138,181.0,8.0,10.497023387608508,0.09944751381215469,0.5303867403314917,4.790055248618785,1.6298342541436464,0.5524861878453039,0.2265193370165746,0.11049723756906077,0.04419889502762431,0.0,0.04419889502762431,1,Inferential
0.6906077348066298,12.066666666666666,0.0,0.0,0.027624309392265192,3.78,4.83,0.0,0.0,0.0,3.5027624309392267,181.0,15.0,7.4910316749801265,0.2596685082872928,0.5524861878453039,4.287292817679558,1.2430939226519337,0.7403314917127072,0.15469613259668508,0.03867403314917127,0.03867403314917127,0.0,0.027624309392265192,0,Literal
0.6894409937888198,26.833333333333332,4.968944099378882,0.0,0.037267080745341616,12.03,12.72,0.0,0.0,0.0,3.770186335403727,161.0,6.0,16.306951482931034,0.16770186335403728,0.6086956521739131,4.571428571428571,1.453416149068323,0.6770186335403726,0.19254658385093168,0.043478260869565216,0.024844720496894408,0.006211180124223602,0.031055900621118012,1,Inferential
0.6625766871165644,32.6,4.294478527607362,0.0,0.09815950920245399,13.77,14.76,0.0,0.0,0.0,4.404907975460123,163.0,5.0,16.87601848778319,0.1656441717791411,0.5644171779141104,4.49079754601227,1.4110429447852761,0.6503067484662577,0.12883435582822086,0.07975460122699386,0.03680981595092025,0.012269938650306749,0.08588957055214724,1,Inferential
0.7062937062937062,17.875,0.0,0.0,0.04195804195804196,6.81,7.15,0.0,0.0,0.0,3.2097902097902096,143.0,8.0,6.4031242374328485,0.11188811188811189,0.6013986013986014,4.062937062937063,1.3076923076923077,0.7482517482517482,0.1258741258741259,0.04895104895104895,0.03496503496503497,0.0,0.04195804195804196,0,Literal
0.5857988165680473,21.125,8.875739644970414,0.0,0.07100591715976332,13.74,12.0,0.0,0.0,0.0,3.4319526627218937,169.0,8.0,6.66966078597705,0.1301775147928994,0.41420118343195267,5.177514792899408,1.78698224852071,0.46153846153846156,0.14792899408284024,0.20118343195266272,0.11242603550295859,0.01775147928994083,0.05325443786982249,1,Inferential
0.6020942408376964,38.2,6.806282722513089,0.0,0.08900523560209424,18.95,18.0,0.0,0.0,0.0,4.4136125654450264,191.0,5.0,14.161920773680384,0.1099476439790576,0.5392670157068062,4.827225130890052,1.6649214659685865,0.581151832460733,0.1518324607329843,0.08900523560209424,0.07329842931937172,0.010471204188481676,0.07853403141361257,2,Evaluative
0.6631016042780749,26.714285714285715,0.53475935828877,0.0,0.0427807486631016,10.1,10.9,0.0,0.0,0.0,4.06951871657754,187.0,7.0,14.793821103999564,0.12299465240641712,0.5721925133689839,4.283422459893048,1.2941176470588236,0.6631016042780749,0.15508021390374332,0.0748663101604278,0.06417112299465241,0.0,0.0427807486631016,0,Literal
0.5855263157894737,16.88888888888889,9.868421052631579,0.0,0.08552631578947369,12.81,10.7,0.0,0.0,0.0,2.710526315789474,152.0,9.0,3.7843080813169783,0.11842105263157894,0.45394736842105265,5.197368421052632,1.8486842105263157,0.4342105263157895,0.17105263157894737,0.21710526315789475,0.07894736842105263,0.019736842105263157,0.06578947368421052,1,Inferential
0.6428571428571429,19.25,4.545454545454546,0.0,0.045454545454545456,11.53,9.52,0.0,0.0,0.0,3.0714285714285716,154.0,8.0,4.78114787472632,0.16233766233766234,0.487012987012987,4.8896103896103895,1.6623376623376624,0.5714285714285714,0.2662337662337662,0.07142857142857142,0.03896103896103896,0.0,0.045454545454545456,0,Literal
0.5875706214689266,22.125,3.389830508474576,0.0,0.011299435028248588,10.24,10.21,0.0,0.0,0.0,3.5480225988700567,177.0,8.0,10.221759877829257,0.10734463276836158,0.5932203389830508,4.446327683615819,1.4576271186440677,0.7344632768361582,0.1864406779661017,0.05084745762711865,0.01694915254237288,0.011299435028248588,0.0,0,Literal
0.5973154362416108,37.25,4.026845637583892,0.0,0.08053691275167785,17.07,16.51,0.0,0.0,0.0,4.114093959731544,149.0,4.0,14.239030865898142,0.12080536912751678,0.5637583892617449,4.563758389261745,1.5369127516778522,0.6174496644295302,0.1476510067114094,0.08053691275167785,0.0738255033557047,0.020134228187919462,0.06040268456375839,2,Evaluative
0.6708860759493671,15.8,5.063291139240507,0.0,0.08860759493670886,10.29,8.35,0.0,0.0,0.0,3.3544303797468356,158.0,10.0,6.696267617113283,0.12025316455696203,0.46835443037974683,4.886075949367089,1.6708860759493671,0.5886075949367089,0.17721518987341772,0.10759493670886076,0.0379746835443038,0.0189873417721519,0.06962025316455696,0,Literal
0.59375,21.333333333333332,6.25,0.0,0.020833333333333332,12.09,11.03,0.0,0.0,0.0,3.0885416666666665,192.0,9.0,7.380320846851385,0.13020833333333334,0.5625,4.776041666666667,1.640625,0.578125,0.19270833333333334,0.16666666666666666,0.041666666666666664,0.005208333333333333,0.015625,1,Inferential
0.5947712418300654,19.125,6.535947712418301,0.0,0.006535947712418301,11.0,10.26,0.0,0.0,0.0,3.5098039215686274,153.0,8.0,7.704503553117489,0.13071895424836602,0.5555555555555556,4.784313725490196,1.6209150326797386,0.6078431372549019,0.2222222222222222,0.09803921568627451,0.058823529411764705,0.0,0.006535947712418301,0,Literal
0.3878787878787879,8.25,0.0,0.0,0.08484848484848485,3.29,3.3,0.0,0.0,0.0,3.3878787878787877,165.0,20.0,3.5053530492662217,0.3212121212121212,0.6181818181818182,4.157575757575757,1.3272727272727274,0.7696969696969697,0.07878787878787878,0.05454545454545454,0.012121212121212121,0.0,0.08484848484848485,0,Literal
0.5230769230769231,8.125,5.128205128205128,0.0,0.010256410256410256,5.19,5.3,0.0,0.0,0.0,2.2564102564102564,195.0,24.0,3.733993617205757,0.13846153846153847,0.558974358974359,4.61025641025641,1.4923076923076923,0.7794871794871795,0.13846153846153847,0.05641025641025641,0.015384615384615385,0.0,0.010256410256410256,0,Literal
0.562874251497006,23.857142857142858,0.0,0.0,0.041916167664670656,8.62,9.54,0.0,0.0,0.0,4.1437125748503,167.0,7.0,10.147886077244594,0.1317365269461078,0.6287425149700598,3.946107784431138,1.2634730538922156,0.7305389221556886,0.15568862275449102,0.029940119760479042,0.041916167664670656,0.0,0.041916167664670656,0,Literal
0.6302083333333334,27.428571428571427,2.083333333333333,0.0,0.041666666666666664,11.58,11.8,0.0,0.0,0.0,3.8125,192.0,7.0,13.487711716482481,0.13020833333333334,0.546875,4.25,1.3958333333333333,0.7135416666666666,0.08854166666666667,0.09375,0.0625,0.005208333333333333,0.036458333333333336,0,Literal
0.62,21.428571428571427,5.333333333333334,0.0,0.03333333333333333,11.25,10.7,0.0,0.0,0.0,3.2266666666666666,150.0,7.0,5.006118705124352,0.14,0.5066666666666667,4.8,1.5666666666666667,0.5266666666666666,0.14,0.24666666666666667,0.05333333333333334,0.006666666666666667,0.02666666666666667,0,Literal
0.558282208588957,40.75,0.6134969325153374,0.0,0.05521472392638037,15.5,16.55,0.0,0.0,0.0,6.220858895705521,163.0,4.0,34.22992112173208,0.147239263803681,0.6809815950920245,3.8773006134969323,1.2883435582822085,0.8220858895705522,0.07975460122699386,0.018404907975460124,0.024539877300613498,0.0,0.05521472392638037,2,Evaluative
0.624113475177305,23.5,3.546099290780142,0.0,0.06382978723404255,11.4,10.82,0.0,0.0,0.0,3.4893617021276597,141.0,6.0,13.9134227756269,0.07801418439716312,0.5957446808510638,4.411347517730497,1.5106382978723405,0.6453900709219859,0.16312056737588654,0.07801418439716312,0.04964539007092199,0.0070921985815602835,0.05673758865248227,0,Literal
0.6111111111111112,14.4,2.083333333333333,0.0,0.10416666666666667,6.58,6.59,0.0,0.0,0.0,2.9791666666666665,144.0,10.0,4.495553358597804,0.11805555555555555,0.5069444444444444,4.256944444444445,1.4027777777777777,0.5277777777777778,0.1736111111111111,0.1527777777777778,0.027777777777777776,0.0763888888888889,0.027777777777777776,0,Literal
0.6647727272727273,25.142857142857142,1.7045454545454544,0.0,0.017045454545454544,11.18,10.74,0.0,0.0,0.0,4.431818181818182,176.0,7.0,16.509737386507048,0.17045454545454544,0.6306818181818182,4.295454545454546,1.4375,0.6818181818181818,0.21022727272727273,0.05113636363636364,0.028409090909090908,0.005681818181818182,0.011363636363636364,0,Literal
0.5282051282051282,27.857142857142858,0.0,0.0,0.015384615384615385,9.25,11.14,0.0,0.0,0.0,4.5487179487179485,195.0,7.0,17.31579437085915,0.18974358974358974,0.6256410256410256,3.928205128205128,1.1846153846153846,0.7846153846153846,0.16923076923076924,0.005128205128205128,0.02564102564102564,0.0,0.015384615384615385,0,Literal
0.5808080808080808,24.75,7.575757575757576,0.0,0.0,12.06,12.93,0.0,0.0,0.0,5.217171717171717,198.0,8.0,28.94364135695438,0.18181818181818182,0.6363636363636364,4.525252525252525,1.5252525252525253,0.7121212121212122,0.1414141414141414,0.08585858585858586,0.06060606060606061,0.0,0.0,1,Inferential
0.6484848484848484,18.333333333333332,3.6363636363636362,0.0,0.07878787878787878,9.44,8.79,0.0,0.0,0.0,4.3090909090909095,165.0,9.0,8.945652092386819,0.21212121212121213,0.5393939393939394,4.5212121212121215,1.5151515151515151,0.5818181818181818,0.1393939393939394,0.10303030303030303,0.09696969696969697,0.03636363636363636,0.04242424242424243,0,Literal
0.6358381502890174,28.833333333333332,2.8901734104046244,0.0,0.03468208092485549,12.64,12.69,0.0,0.0,0.0,3.5722543352601157,173.0,6.0,12.548793656054043,0.12716763005780346,0.6127167630057804,4.358381502890174,1.439306358381503,0.6473988439306358,0.1907514450867052,0.08670520231213873,0.03468208092485549,0.011560693641618497,0.023121387283236993,1,Inferential
0.546448087431694,9.15,1.092896174863388,0.0,0.02185792349726776,3.91,4.1,0.0,0.0,0.0,3.4262295081967213,183.0,20.0,7.8439467106807905,0.2786885245901639,0.5956284153005464,4.174863387978142,1.349726775956284,0.7540983606557377,0.15300546448087432,0.02185792349726776,0.04918032786885246,0.0,0.02185792349726776,0,Literal
0.578125,10.666666666666666,0.0,0.0,0.015625,4.86,4.27,0.0,0.0,0.0,2.6510416666666665,192.0,18.0,3.666666666666667,0.140625,0.578125,4.3125,1.3802083333333333,0.8125,0.11979166666666667,0.041666666666666664,0.010416666666666666,0.0,0.015625,0,Literal
0.6140350877192983,19.0,1.7543859649122806,0.0,0.011695906432748537,6.1,8.3,0.0,0.0,0.0,3.801169590643275,171.0,9.0,8.576453553512405,0.15204678362573099,0.5964912280701754,3.9649122807017543,1.2105263157894737,0.6900584795321637,0.18128654970760233,0.0935672514619883,0.023391812865497075,0.005847953216374269,0.005847953216374269,0,Literal
0.6346153846153846,26.0,3.8461538461538463,0.0,0.02564102564102564,11.12,11.94,0.0,0.0,0.0,4.044871794871795,156.0,6.0,10.542243067245646,0.14102564102564102,0.6089743589743589,4.141025641025641,1.4038461538461537,0.7564102564102564,0.12179487179487179,0.0641025641025641,0.019230769230769232,0.0,0.02564102564102564,0,Literal
0.6306818181818182,19.555555555555557,0.0,0.0,0.07386363636363637,7.46,7.82,0.0,0.0,0.0,3.9886363636363638,176.0,9.0,15.200714733033502,0.17045454545454544,0.6022727272727273,4.136363636363637,1.3068181818181819,0.7045454545454546,0.14204545454545456,0.017045454545454544,0.045454545454545456,0.0,0.07386363636363637,0,Literal
0.631578947368421,15.2,1.9736842105263157,0.0,0.013157894736842105,8.5,6.87,0.0,0.0,0.0,2.7039473684210527,152.0,10.0,3.994996871087636,0.10526315789473684,0.47368421052631576,4.828947368421052,1.5394736842105263,0.5460526315789473,0.19736842105263158,0.18421052631578946,0.05921052631578947,0.0,0.013157894736842105,0,Literal
0.5238095238095238,18.9,0.0,0.0,0.010582010582010581,5.95,7.56,0.0,0.0,0.0,4.582010582010582,189.0,10.0,11.41052146047673,0.24867724867724866,0.6402116402116402,3.7566137566137567,1.2010582010582012,0.798941798941799,0.13756613756613756,0.042328042328042326,0.010582010582010581,0.0,0.010582010582010581,0,Literal
0.6105263157894737,27.142857142857142,7.894736842105263,0.0,0.02631578947368421,13.81,14.02,0.0,0.0,0.0,4.910526315789474,190.0,7.0,22.815139978639138,0.15789473684210525,0.6052631578947368,4.678947368421053,1.5947368421052632,0.6,0.20526315789473684,0.10526315789473684,0.06315789473684211,0.005263157894736842,0.021052631578947368,1,Inferential
0.591715976331361,42.25,1.183431952662722,0.0,0.023668639053254437,16.04,17.37,0.0,0.0,0.0,3.9289940828402368,169.0,4.0,31.34086788842964,0.1242603550295858,0.6745562130177515,3.8520710059171597,1.2840236686390532,0.7514792899408284,0.16568047337278108,0.05325443786982249,0.005917159763313609,0.005917159763313609,0.01775147928994083,2,Evaluative
0.6733668341708543,18.09090909090909,2.512562814070352,0.0,0.04522613065326633,7.18,8.24,0.0,0.0,0.0,4.4120603015075375,199.0,11.0,13.197795959243278,0.22613065326633167,0.6633165829145728,4.211055276381909,1.3316582914572865,0.678391959798995,0.19095477386934673,0.04522613065326633,0.04020100502512563,0.0,0.04522613065326633,0,Literal
0.6050955414012739,19.625,0.0,0.0,0.012738853503184714,5.97,7.85,0.0,0.0,0.0,3.7197452229299364,157.0,8.0,10.173494974687902,0.14012738853503184,0.5286624203821656,3.8471337579617835,1.178343949044586,0.7707006369426752,0.12101910828025478,0.03821656050955414,0.05732484076433121,0.0,0.012738853503184714,0,Literal
0.4644808743169399,8.714285714285714,0.0,0.0,0.0273224043715847,0.9,3.49,0.0,0.0,0.0,2.8360655737704916,183.0,21.0,2.864276807966203,0.20765027322404372,0.6229508196721312,3.5628415300546448,1.1092896174863387,0.7431693989071039,0.14754098360655737,0.02185792349726776,0.060109289617486336,0.0,0.0273224043715847,0,Literal
0.6402877697841727,34.75,3.597122302158273,0.0,0.02877697841726619,15.62,15.34,0.0,0.0,0.0,3.726618705035971,139.0,4.0,8.200609733428363,0.09352517985611511,0.5467625899280576,4.280575539568345,1.4964028776978417,0.5755395683453237,0.2302158273381295,0.1223021582733813,0.03597122302158273,0.007194244604316547,0.02158273381294964,2,Evaluative
0.6272189349112426,33.8,4.142011834319527,0.0,0.07692307692307693,15.82,15.18,0.0,0.0,0.0,3.6745562130177514,169.0,5.0,7.547184905645283,0.07692307692307693,0.5443786982248521,4.615384615384615,1.544378698224852,0.6035502958579881,0.1242603550295858,0.13609467455621302,0.05917159763313609,0.0,0.07692307692307693,2,Evaluative
0.5638297872340425,47.0,3.723404255319149,0.0,0.005319148936170213,19.56,20.29,0.0,0.0,0.0,4.25531914893617,188.0,4.0,16.98528775146303,0.0797872340425532,0.5904255319148937,4.287234042553192,1.425531914893617,0.6170212765957447,0.2074468085106383,0.11170212765957446,0.05851063829787234,0.0,0.005319148936170213,2,Evaluative
0.5941176470588235,28.333333333333332,2.3529411764705883,0.0,0.047058823529411764,11.7,12.27,0.0,0.0,0.0,4.647058823529412,170.0,6.0,17.89553016817328,0.17647058823529413,0.6,4.258823529411765,1.3764705882352941,0.6647058823529411,0.22941176470588234,0.029411764705882353,0.029411764705882353,0.0,0.047058823529411764,0,Literal
0.6387434554973822,21.22222222222222,1.0471204188481675,0.0,0.05235602094240838,8.01,8.91,0.0,0.0,0.0,4.403141361256544,191.0,9.0,6.756798131338121,0.17801047120418848,0.581151832460733,4.06282722513089,1.2984293193717278,0.7015706806282722,0.13089005235602094,0.06282722513089005,0.031413612565445025,0.015706806282722512,0.03664921465968586,0,Literal
0.6363636363636364,26.714285714285715,5.88235294117647,0.0,0.0481283422459893,12.94,13.04,0.0,0.0,0.0,4.042780748663102,187.0,7.0,8.066053836281773,0.1443850267379679,0.6203208556149733,4.770053475935829,1.53475935828877,0.6149732620320856,0.18181818181818182,0.10695187165775401,0.0481283422459893,0.0106951871657754,0.0374331550802139,1,Inferential
0.4797979797979798,33.0,9.595959595959595,0.0,0.0707070707070707,18.73,17.04,0.0,0.0,0.0,3.9646464646464645,198.0,6.0,18.533003594188994,0.1414141414141414,0.5050505050505051,5.090909090909091,1.8181818181818181,0.5303030303030303,0.23737373737373738,0.1111111111111111,0.050505050505050504,0.030303030303030304,0.04040404040404041,2,Evaluative
0.5224719101123596,22.25,7.303370786516854,0.0,0.056179775280898875,11.98,11.82,0.0,0.0,0.0,3.432584269662921,178.0,8.0,6.029873547596169,0.12359550561797752,0.5337078651685393,4.837078651685394,1.601123595505618,0.6741573033707865,0.19662921348314608,0.06741573033707865,0.0056179775280898875,0.0,0.056179775280898875,0,Literal
0.6458333333333334,38.4,6.770833333333333,0.0,0.09375,17.33,18.07,0.0,0.0,0.0,3.515625,192.0,5.0,12.383860464330175,0.09895833333333333,0.5885416666666666,4.65625,1.5208333333333333,0.6666666666666666,0.125,0.0625,0.041666666666666664,0.005208333333333333,0.08854166666666667,2,Evaluative
0.5606060606060606,10.421052631578947,2.525252525252525,0.0,0.03535353535353535,6.29,5.18,0.0,0.0,0.0,2.757575757575758,198.0,19.0,3.675176894757072,0.15656565656565657,0.5303030303030303,4.353535353535354,1.5101010101010102,0.6868686868686869,0.13131313131313133,0.020202020202020204,0.010101010101010102,0.005050505050505051,0.030303030303030304,0,Literal
0.6190476190476191,33.6,2.976190476190476,0.0,0.08333333333333333,14.65,14.63,0.0,0.0,0.0,4.2023809523809526,168.0,5.0,29.776500801806783,0.17857142857142858,0.5595238095238095,4.2976190476190474,1.4523809523809523,0.6547619047619048,0.125,0.08928571428571429,0.03571428571428571,0.017857142857142856,0.06547619047619048,1,Inferential
0.639344262295082,22.875,2.185792349726776,0.0,0.04371584699453552,9.19,10.02,0.0,0.0,0.0,3.710382513661202,183.0,8.0,13.633025159516137,0.11475409836065574,0.5519125683060109,4.415300546448087,1.3442622950819672,0.6120218579234973,0.20765027322404372,0.07103825136612021,0.0546448087431694,0.01092896174863388,0.03278688524590164,0,Literal
0.6737588652482269,20.142857142857142,3.546099290780142,0.0,0.11347517730496454,10.59,9.48,0.0,0.0,0.0,3.702127659574468,141.0,7.0,4.642307659791977,0.16312056737588654,0.5460992907801419,4.666666666666667,1.553191489361702,0.5673758865248227,0.1276595744680851,0.14184397163120568,0.04964539007092199,0.02127659574468085,0.09219858156028368,0,Literal
0.6180555555555556,36.0,2.083333333333333,0.0,0.013888888888888888,16.56,15.23,0.0,0.0,0.0,3.5972222222222223,144.0,4.0,15.524174696260024,0.09027777777777778,0.5555555555555556,4.701388888888889,1.5347222222222223,0.6944444444444444,0.1597222222222222,0.08333333333333333,0.04861111111111111,0.0,0.013888888888888888,2,Evaluative
0.5728643216080402,8.652173913043478,1.0050251256281406,0.0,0.0,3.5,3.86,0.0,0.0,0.0,2.608040201005025,199.0,23.0,4.3080791907530696,0.19095477386934673,0.5326633165829145,4.221105527638191,1.3316582914572865,0.7386934673366834,0.10552763819095477,0.06532663316582915,0.08040201005025126,0.0,0.0,0,Literal
0.5935483870967742,17.22222222222222,3.225806451612903,0.0,0.06451612903225806,8.41,8.18,0.0,0.0,0.0,3.6,155.0,9.0,6.6332495807108,0.14838709677419354,0.5935483870967742,4.309677419354839,1.4645161290322581,0.6903225806451613,0.12903225806451613,0.03870967741935484,0.07741935483870968,0.01935483870967742,0.04516129032258064,0,Literal
0.4576271186440678,17.7,3.954802259887006,0.0,0.03389830508474576,7.65,8.66,0.0,0.0,0.0,3.790960451977401,177.0,10.0,10.469001862641921,0.14689265536723164,0.5649717514124294,3.994350282485876,1.384180790960452,0.6892655367231638,0.1864406779661017,0.062146892655367235,0.02824858757062147,0.022598870056497175,0.011299435028248588,0,Literal
0.6120218579234973,20.333333333333332,2.185792349726776,0.0,0.0273224043715847,8.33,9.01,0.0,0.0,0.0,3.469945355191257,183.0,9.0,10.252370999486466,0.10382513661202186,0.6120218579234973,4.180327868852459,1.355191256830601,0.6721311475409836,0.20765027322404372,0.06557377049180328,0.02185792349726776,0.00546448087431694,0.02185792349726776,0,Literal
0.668918918918919,21.142857142857142,2.7027027027027026,0.0,0.006756756756756757,9.56,9.54,0.0,0.0,0.0,3.418918918918919,148.0,7.0,5.938459911664722,0.10135135135135136,0.5540540540540541,4.337837837837838,1.4324324324324325,0.7162162162162162,0.12162162162162163,0.08783783783783784,0.06756756756756757,0.0,0.006756756756756757,0,Literal
0.6848484848484848,33.0,3.6363636363636362,0.0,0.04242424242424243,13.23,14.65,0.0,0.0,0.0,4.2303030303030305,165.0,5.0,15.396103403134184,0.15151515151515152,0.6242424242424243,4.242424242424242,1.3515151515151516,0.7272727272727273,0.1393939393939394,0.05454545454545454,0.030303030303030304,0.012121212121212121,0.030303030303030304,1,Inferential
0.6645962732919255,20.125,4.3478260869565215,0.0,0.018633540372670808,9.7,9.79,0.0,0.0,0.0,3.372670807453416,161.0,8.0,11.318541204589927,0.13664596273291926,0.6335403726708074,4.416149068322981,1.4782608695652173,0.6770186335403726,0.20496894409937888,0.043478260869565216,0.055900621118012424,0.006211180124223602,0.012422360248447204,0,Literal
0.6137931034482759,24.166666666666668,2.0689655172413794,0.0,0.15172413793103448,12.06,10.49,0.0,0.0,0.0,3.4551724137931035,145.0,6.0,12.720281268728122,0.1103448275862069,0.5586206896551724,4.43448275862069,1.5448275862068965,0.5103448275862069,0.18620689655172415,0.1310344827586207,0.020689655172413793,0.027586206896551724,0.12413793103448276,1,Inferential
0.6132596685082873,22.625,4.41988950276243,0.0,0.011049723756906077,11.88,10.82,0.0,0.0,0.0,4.082872928176796,181.0,8.0,9.472822968893697,0.1270718232044199,0.48066298342541436,4.773480662983426,1.580110497237569,0.4861878453038674,0.2430939226519337,0.20994475138121546,0.049723756906077346,0.011049723756906077,0.0,0,Literal
0.6987179487179487,26.0,7.051282051282051,0.0,0.03205128205128205,13.16,13.22,0.0,0.0,0.0,4.128205128205129,156.0,6.0,9.154537429906306,0.10256410256410256,0.5384615384615384,4.782051282051282,1.5769230769230769,0.5769230769230769,0.22435897435897437,0.10897435897435898,0.057692307692307696,0.0,0.03205128205128205,1,Inferential
0.5240641711229946,9.35,0.53475935828877,0.0,0.0053475935828877,2.57,3.95,0.0,0.0,0.0,3.144385026737968,187.0,20.0,5.048514633038118,0.3048128342245989,0.6684491978609626,3.786096256684492,1.2299465240641712,0.786096256684492,0.1711229946524064,0.026737967914438502,0.0106951871657754,0.0,0.0053475935828877,0,Literal
0.5129533678756477,21.444444444444443,3.1088082901554404,0.0,0.031088082901554404,10.44,9.82,0.0,0.0,0.0,3.683937823834197,193.0,9.0,8.89583062277693,0.13989637305699482,0.538860103626943,4.404145077720207,1.4974093264248705,0.5647668393782384,0.22279792746113988,0.15025906735751296,0.02072538860103627,0.02072538860103627,0.010362694300518135,0,Literal
0.5444444444444444,30.0,3.888888888888889,0.0,0.016666666666666666,12.11,13.56,0.0,0.0,0.0,3.3944444444444444,180.0,6.0,22.818121453499774,0.07777777777777778,0.6222222222222222,4.127777777777778,1.3555555555555556,0.7833333333333333,0.12222222222222222,0.03333333333333333,0.044444444444444446,0.0,0.016666666666666666,1,Inferential
0.5975609756097561,27.333333333333332,5.487804878048781,0.0,0.042682926829268296,11.4,13.13,0.0,0.0,0.0,3.5609756097560976,164.0,6.0,9.893881386437219,0.11585365853658537,0.5548780487804879,4.371951219512195,1.3841463414634145,0.5975609756097561,0.23170731707317074,0.08536585365853659,0.042682926829268296,0.024390243902439025,0.018292682926829267,0,Literal
0.5384615384615384,91.0,1.6483516483516485,0.0,0.02197802197802198,36.43,37.06,0.0,0.0,0.0,5.038461538461538,182.0,2.0,3.5,0.1043956043956044,0.6648351648351648,4.104395604395604,1.401098901098901,0.7252747252747253,0.13736263736263737,0.07692307692307693,0.038461538461538464,0.0,0.02197802197802198,2,Evaluative
0.5886524822695035,35.25,3.546099290780142,0.0,0.014184397163120567,14.31,15.52,0.0,0.0,0.0,5.205673758865248,141.0,4.0,22.960564017462637,0.1276595744680851,0.6453900709219859,4.2695035460992905,1.3687943262411348,0.6950354609929078,0.18439716312056736,0.07801418439716312,0.028368794326241134,0.0,0.014184397163120567,1,Inferential
0.6,21.25,0.5882352941176471,0.0,0.041176470588235294,8.11,8.74,0.0,0.0,0.0,3.447058823529412,170.0,8.0,11.236102527122116,0.1411764705882353,0.6352941176470588,3.9705882352941178,1.3058823529411765,0.7529411764705882,0.13529411764705881,0.047058823529411764,0.023529411764705882,0.011764705882352941,0.029411764705882353,0,Literal
0.5868263473053892,27.833333333333332,1.1976047904191618,0.0,0.023952095808383235,10.6,11.61,0.0,0.0,0.0,3.92814371257485,167.0,6.0,9.758187445536297,0.1437125748502994,0.6526946107784432,3.8502994011976046,1.2994011976047903,0.7844311377245509,0.1317365269461078,0.03592814371257485,0.023952095808383235,0.0,0.023952095808383235,0,Literal
0.6346153846153846,39.0,5.769230769230769,0.0,0.02564102564102564,17.32,17.91,0.0,0.0,0.0,4.788461538461538,156.0,4.0,19.17517926904466,0.15384615384615385,0.6025641025641025,4.5256410256410255,1.5,0.5961538461538461,0.20512820512820512,0.10897435897435898,0.0641025641025641,0.00641025641025641,0.019230769230769232,2,Evaluative
0.4756756756756757,20.555555555555557,3.2432432432432434,0.0,0.0,10.35,9.52,0.0,0.0,0.0,3.324324324324324,185.0,9.0,8.18007214191376,0.11351351351351352,0.5675675675675675,4.556756756756757,1.518918918918919,0.6594594594594595,0.2594594594594595,0.021621621621621623,0.032432432432432434,0.0,0.0,0,Literal
0.6458333333333334,36.0,0.0,0.0,0.013888888888888888,13.36,14.4,0.0,0.0,0.0,4.215277777777778,144.0,4.0,14.184057952504283,0.1111111111111111,0.5694444444444444,4.173611111111111,1.2638888888888888,0.7152777777777778,0.1875,0.05555555555555555,0.027777777777777776,0.013888888888888888,0.0,1,Inferential
0.6079545454545454,16.0,5.681818181818182,0.0,0.0625,9.15,8.67,0.0,0.0,0.0,3.477272727272727,176.0,11.0,14.188809465546669,0.19318181818181818,0.5397727272727273,4.698863636363637,1.5681818181818181,0.5397727272727273,0.1590909090909091,0.13068181818181818,0.09659090909090909,0.028409090909090908,0.03409090909090909,0,Literal
0.5978260869565217,16.727272727272727,3.260869565217391,0.0,0.06521739130434782,7.03,8.0,0.0,0.0,0.0,3.027173913043478,184.0,11.0,4.2484805256537905,0.14673913043478262,0.592391304347826,4.315217391304348,1.3641304347826086,0.6630434782608695,0.16847826086956522,0.059782608695652176,0.02717391304347826,0.021739130434782608,0.043478260869565216,0,Literal
0.6632653061224489,28.0,4.591836734693878,0.0,0.05102040816326531,13.15,13.04,0.0,0.0,0.0,3.7346938775510203,196.0,7.0,15.250292737237164,0.11224489795918367,0.5357142857142857,4.576530612244898,1.510204081632653,0.6581632653061225,0.15816326530612246,0.08163265306122448,0.04591836734693878,0.00510204081632653,0.04591836734693878,1,Inferential
0.6595744680851063,12.818181818181818,14.893617021276595,0.0,0.0851063829787234,11.84,11.08,0.0,0.0,0.0,3.099290780141844,141.0,11.0,3.4641016151377544,0.16312056737588654,0.44680851063829785,5.609929078014185,1.900709219858156,0.46808510638297873,0.20567375886524822,0.1773049645390071,0.04964539007092199,0.02127659574468085,0.06382978723404255,0,Literal
0.6649746192893401,32.833333333333336,11.16751269035533,0.0,0.025380710659898477,18.48,17.6,0.0,0.0,0.0,6.370558375634518,197.0,6.0,20.99007702066225,0.20304568527918782,0.4263959390862944,5.365482233502538,1.8020304568527918,0.49238578680203043,0.233502538071066,0.09644670050761421,0.13705583756345177,0.01015228426395939,0.015228426395939087,2,Evaluative
0.6056338028169014,28.4,8.450704225352112,0.0,0.14788732394366197,16.51,14.74,0.0,0.0,0.0,4.288732394366197,142.0,5.0,9.359487165438072,0.18309859154929578,0.4647887323943662,4.866197183098592,1.7816901408450705,0.5070422535211268,0.11267605633802817,0.1267605633802817,0.09154929577464789,0.014084507042253521,0.13380281690140844,2,Evaluative
0.6122448979591837,24.5,1.0204081632653061,0.0,0.04081632653061224,9.92,10.21,0.0,0.0,0.0,3.9081632653061225,196.0,8.0,8.267972847076846,0.17857142857142858,0.4846938775510204,4.3979591836734695,1.3520408163265305,0.7040816326530612,0.09693877551020408,0.11734693877551021,0.04081632653061224,0.02040816326530612,0.02040816326530612,0,Literal
0.6984924623115578,39.8,4.0201005025125625,0.0,0.06030150753768844,17.13,17.53,0.0,0.0,0.0,4.346733668341709,199.0,5.0,16.353592877407703,0.12060301507537688,0.5226130653266332,4.613065326633166,1.4572864321608041,0.5979899497487438,0.1507537688442211,0.10552763819095477,0.08040201005025126,0.010050251256281407,0.05025125628140704,2,Evaluative
0.6413043478260869,26.285714285714285,9.782608695652174,0.0,0.043478260869565216,15.95,14.43,0.0,0.0,0.0,4.130434782608695,184.0,7.0,9.497582936339805,0.1793478260869565,0.5108695652173914,5.179347826086956,1.8043478260869565,0.5869565217391305,0.15217391304347827,0.1358695652173913,0.08152173913043478,0.016304347826086956,0.02717391304347826,2,Evaluative
0.6084656084656085,23.625,2.1164021164021163,0.0,0.06878306878306878,10.36,10.3,0.0,0.0,0.0,3.5714285714285716,189.0,8.0,7.157819151110204,0.14285714285714285,0.5925925925925926,4.322751322751323,1.417989417989418,0.6984126984126984,0.14285714285714285,0.037037037037037035,0.047619047619047616,0.021164021164021163,0.047619047619047616,0,Literal
0.50920245398773,16.3,4.294478527607362,0.0,0.08588957055214724,8.87,8.24,0.0,0.0,0.0,3.2024539877300615,163.0,10.0,5.2497618993626745,0.15337423312883436,0.50920245398773,4.392638036809816,1.5337423312883436,0.5766871165644172,0.1165644171779141,0.09202453987730061,0.06748466257668712,0.012269938650306749,0.0736196319018405,0,Literal
0.6405228758169934,30.6,8.49673202614379,0.0,0.013071895424836602,15.47,15.64,0.0,0.0,0.0,4.117647058823529,153.0,5.0,7.863841300535,0.10457516339869281,0.5359477124183006,4.947712418300654,1.6209150326797386,0.5751633986928104,0.20915032679738563,0.1111111111111111,0.0915032679738562,0.0,0.013071895424836602,2,Evaluative
0.5902777777777778,24.0,5.555555555555555,0.0,0.006944444444444444,12.54,11.82,0.0,0.0,0.0,3.4166666666666665,144.0,6.0,11.231157059220964,0.1527777777777778,0.4861111111111111,4.875,1.5902777777777777,0.5972222222222222,0.22916666666666666,0.10416666666666667,0.04861111111111111,0.0,0.006944444444444444,1,Inferential
0.5757575757575758,16.5,11.616161616161616,0.0,0.0,11.47,11.25,0.0,0.0,0.0,2.8585858585858586,198.0,12.0,5.7081812631812365,0.13131313131313133,0.4444444444444444,5.257575757575758,1.7474747474747474,0.5353535353535354,0.22727272727272727,0.14646464646464646,0.09090909090909091,0.0,0.0,0,Literal
0.6513157894736842,21.714285714285715,3.289473684210526,0.0,0.06578947368421052,9.03,10.0,0.0,0.0,0.0,3.7828947368421053,152.0,7.0,8.378787599208675,0.15789473684210525,0.5921052631578947,4.217105263157895,1.368421052631579,0.6447368421052632,0.19078947368421054,0.039473684210526314,0.05921052631578947,0.013157894736842105,0.05263157894736842,0,Literal
0.6777777777777778,25.714285714285715,3.3333333333333335,0.0,0.044444444444444446,12.79,11.62,0.0,0.0,0.0,3.9555555555555557,180.0,7.0,14.75237787820067,0.14444444444444443,0.5666666666666667,4.566666666666666,1.5555555555555556,0.6222222222222222,0.15,0.11666666666666667,0.05555555555555555,0.022222222222222223,0.022222222222222223,1,Inferential
0.6413793103448275,11.153846153846153,6.206896551724138,0.0,0.04827586206896552,7.4,6.94,0.0,0.0,0.0,2.9379310344827587,145.0,13.0,4.239850393698667,0.1724137931034483,0.45517241379310347,5.048275862068966,1.5793103448275863,0.6068965517241379,0.25517241379310346,0.06896551724137931,0.020689655172413793,0.020689655172413793,0.027586206896551724,0,Literal
0.5266666666666666,8.823529411764707,2.666666666666667,0.0,0.006666666666666667,4.84,4.6,0.0,0.0,0.0,2.7,150.0,17.0,3.3822250615211886,0.22666666666666666,0.58,4.253333333333333,1.44,0.74,0.12666666666666668,0.07333333333333333,0.013333333333333334,0.0,0.006666666666666667,0,Literal
0.6596858638743456,9.55,0.5235602094240838,0.0,0.06282722513089005,2.96,4.03,0.0,0.0,0.0,3.649214659685864,191.0,20.0,8.21872861213947,0.29842931937172773,0.6020942408376964,3.806282722513089,1.256544502617801,0.6858638743455497,0.16230366492146597,0.041884816753926704,0.03664921465968586,0.0,0.06282722513089005,0,Literal
0.6236559139784946,15.5,1.6129032258064515,0.0,0.016129032258064516,5.93,6.85,0.0,0.0,0.0,3.586021505376344,186.0,12.0,7.1161006800697315,0.15053763440860216,0.6236559139784946,3.9516129032258065,1.3118279569892473,0.7526881720430108,0.13440860215053763,0.06451612903225806,0.03225806451612903,0.0,0.016129032258064516,0,Literal
0.6375838926174496,21.285714285714285,0.6711409395973155,0.0,0.020134228187919462,8.0,8.78,0.0,0.0,0.0,3.3288590604026846,149.0,7.0,6.430158534243942,0.10738255033557047,0.5704697986577181,4.060402684563758,1.2953020134228188,0.7315436241610739,0.10738255033557047,0.06711409395973154,0.0738255033557047,0.006711409395973154,0.013422818791946308,0,Literal
0.5405405405405406,30.833333333333332,8.108108108108109,0.0,0.016216216216216217,16.85,15.58,0.0,0.0,0.0,3.9783783783783786,185.0,6.0,9.591663046625438,0.12972972972972974,0.5243243243243243,5.005405405405406,1.7297297297297298,0.572972972972973,0.16216216216216217,0.11351351351351352,0.12972972972972974,0.0,0.016216216216216217,2,Evaluative
0.6126760563380281,20.285714285714285,5.633802816901409,0.0,0.035211267605633804,12.51,10.37,0.0,0.0,0.0,3.3309859154929575,142.0,7.0,9.856107606091623,0.176056338028169,0.5352112676056338,5.02112676056338,1.7112676056338028,0.528169014084507,0.19718309859154928,0.19014084507042253,0.04929577464788732,0.02112676056338028,0.014084507042253521,1,Inferential
0.5789473684210527,27.142857142857142,1.5789473684210527,0.0,0.1,11.14,11.49,0.0,0.0,0.0,3.931578947368421,190.0,7.0,11.538754575033526,0.11578947368421053,0.5684210526315789,4.373684210526315,1.368421052631579,0.5421052631578948,0.18421052631578946,0.07368421052631578,0.09473684210526316,0.0,0.1,0,Literal
0.6131386861313869,27.4,13.138686131386862,0.0,0.0364963503649635,16.97,16.22,0.0,0.0,0.0,4.043795620437956,137.0,5.0,7.249827584156743,0.19708029197080293,0.45985401459854014,5.430656934306569,1.854014598540146,0.5036496350364964,0.19708029197080293,0.18248175182481752,0.072992700729927,0.014598540145985401,0.021897810218978103,2,Evaluative
0.704225352112676,23.666666666666668,4.225352112676056,0.0,0.04929577464788732,11.84,11.16,0.0,0.0,0.0,3.6690140845070425,142.0,6.0,6.2915286960589585,0.14084507042253522,0.4859154929577465,4.866197183098592,1.5422535211267605,0.5070422535211268,0.22535211267605634,0.14084507042253522,0.06338028169014084,0.0,0.04929577464788732,0,Literal
0.5730994152046783,21.375,0.0,0.0,0.03508771929824561,7.58,8.55,0.0,0.0,0.0,3.461988304093567,171.0,8.0,11.03333018630368,0.14035087719298245,0.5906432748538012,3.888888888888889,1.2573099415204678,0.7368421052631579,0.1286549707602339,0.05847953216374269,0.04093567251461988,0.0,0.03508771929824561,0,Literal
0.6134969325153374,54.333333333333336,4.294478527607362,0.0,0.06748466257668712,25.15,23.45,0.0,0.0,0.0,4.006134969325154,163.0,3.0,6.683312551921141,0.15337423312883436,0.49693251533742333,4.895705521472393,1.656441717791411,0.50920245398773,0.2147239263803681,0.06748466257668712,0.12883435582822086,0.018404907975460124,0.049079754601226995,2,Evaluative
0.6445783132530121,33.2,2.4096385542168677,0.0,0.03614457831325301,14.56,14.24,0.0,0.0,0.0,5.13855421686747,166.0,5.0,9.777525249264253,0.1686746987951807,0.6265060240963856,4.313253012048193,1.4578313253012047,0.6867469879518072,0.12048192771084337,0.10843373493975904,0.04819277108433735,0.006024096385542169,0.030120481927710843,1,Inferential
0.6226415094339622,15.9,11.949685534591195,0.0,0.06289308176100629,12.95,11.14,0.0,0.0,0.0,3.1132075471698113,159.0,10.0,4.763402145525822,0.1069182389937107,0.4276729559748428,5.540880503144654,1.8930817610062893,0.49056603773584906,0.14465408805031446,0.18867924528301888,0.11320754716981132,0.012578616352201259,0.050314465408805034,1,Inferential
0.5737704918032787,15.25,5.46448087431694,0.0,0.0273224043715847,9.64,8.29,0.0,0.0,0.0,3.109289617486339,183.0,12.0,5.438417866336577,0.15846994535519127,0.4808743169398907,4.901639344262295,1.633879781420765,0.6174863387978142,0.1912568306010929,0.1092896174863388,0.0273224043715847,0.0,0.0273224043715847,0,Literal
0.6392405063291139,31.6,5.69620253164557,0.0,0.0379746835443038,15.03,14.92,0.0,0.0,0.0,3.981012658227848,158.0,5.0,7.413501197140255,0.08860759493670886,0.6075949367088608,4.60126582278481,1.5506329113924051,0.5506329113924051,0.2468354430379747,0.14556962025316456,0.0189873417721519,0.0,0.0379746835443038,2,Evaluative
0.42473118279569894,18.6,0.0,0.0,0.13440860215053763,5.43,7.44,0.0,0.0,0.0,4.096774193548387,186.0,10.0,5.5362442142665635,0.22043010752688172,0.5483870967741935,3.747311827956989,1.1666666666666667,0.6989247311827957,0.15591397849462366,0.010752688172043012,0.0,0.0,0.13440860215053763,0,Literal
0.6333333333333333,30.0,11.666666666666666,0.0,0.11666666666666667,17.61,16.67,0.0,0.0,0.0,3.911111111111111,180.0,6.0,20.5993527406405,0.1388888888888889,0.48333333333333334,5.35,1.8222222222222222,0.4666666666666667,0.2222222222222222,0.10555555555555556,0.08333333333333333,0.044444444444444446,0.07222222222222222,2,Evaluative
0.6368159203980099,28.714285714285715,0.4975124378109453,0.0,0.03980099502487562,11.75,11.68,0.0,0.0,0.0,4.109452736318408,201.0,7.0,14.231325034756882,0.12935323383084577,0.5472636815920398,4.298507462686567,1.3681592039800996,0.6915422885572139,0.15920398009950248,0.06965174129353234,0.03980099502487562,0.009950248756218905,0.029850746268656716,0,Literal
0.6688741721854304,11.615384615384615,0.0,0.0,0.052980132450331126,3.16,4.65,0.0,0.0,0.0,3.4966887417218544,151.0,13.0,4.356862233386552,0.23841059602649006,0.543046357615894,3.8940397350993377,1.205298013245033,0.7086092715231788,0.15894039735099338,0.033112582781456956,0.046357615894039736,0.0,0.052980132450331126,0,Literal
0.5542857142857143,43.75,8.571428571428571,0.0,0.06857142857142857,21.36,20.93,0.0,0.0,0.0,4.0,175.0,4.0,20.09197601033806,0.10285714285714286,0.5485714285714286,4.897142857142857,1.6857142857142857,0.5828571428571429,0.18285714285714286,0.09142857142857143,0.07428571428571429,0.0,0.06857142857142857,2,Evaluative
0.6219512195121951,23.428571428571427,6.097560975609756,0.0,0.012195121951219513,11.03,11.81,0.0,0.0,0.0,3.932926829268293,164.0,7.0,8.156629956354399,0.13414634146341464,0.6829268292682927,4.286585365853658,1.4817073170731707,0.6707317073170732,0.21341463414634146,0.054878048780487805,0.04878048780487805,0.0,0.012195121951219513,0,Literal
0.5944444444444444,20.0,2.2222222222222223,0.0,0.07777777777777778,8.73,8.89,0.0,0.0,0.0,3.7,180.0,9.0,13.39983416149452,0.11666666666666667,0.5611111111111111,4.2444444444444445,1.4,0.6888888888888889,0.16666666666666666,0.044444444444444446,0.022222222222222223,0.027777777777777776,0.05,0,Literal
0.5882352941176471,8.5,1.3071895424836601,0.0,0.006535947712418301,3.46,3.92,0.0,0.0,0.0,2.588235294117647,153.0,18.0,4.597704741377907,0.20915032679738563,0.5490196078431373,4.222222222222222,1.3333333333333333,0.738562091503268,0.13725490196078433,0.0784313725490196,0.032679738562091505,0.0,0.006535947712418301,0,Literal
0.6578947368421053,21.714285714285715,3.289473684210526,0.0,0.019736842105263157,9.26,10.0,0.0,0.0,0.0,3.6052631578947367,152.0,7.0,7.556589231678967,0.10526315789473684,0.5789473684210527,4.355263157894737,1.388157894736842,0.7368421052631579,0.13815789473684212,0.05263157894736842,0.05263157894736842,0.006578947368421052,0.013157894736842105,0,Literal
0.5714285714285714,17.11111111111111,4.545454545454546,0.0,0.032467532467532464,11.77,8.66,0.0,0.0,0.0,3.188311688311688,154.0,9.0,5.445578113263487,0.14285714285714285,0.474025974025974,5.123376623376624,1.7532467532467533,0.5064935064935064,0.18831168831168832,0.18181818181818182,0.09090909090909091,0.012987012987012988,0.01948051948051948,0,Literal
0.6699507389162561,15.615384615384615,5.41871921182266,0.0,0.10837438423645321,9.04,8.41,0.0,0.0,0.0,3.857142857142857,203.0,13.0,5.211502980293638,0.2660098522167488,0.42857142857142855,4.812807881773399,1.5714285714285714,0.6059113300492611,0.11822660098522167,0.12807881773399016,0.029556650246305417,0.0,0.10837438423645321,0,Literal
0.6153846153846154,24.142857142857142,1.7751479289940828,0.0,0.05325443786982249,9.82,10.37,0.0,0.0,0.0,3.9289940828402368,169.0,7.0,7.219587867710445,0.15384615384615385,0.591715976331361,4.325443786982248,1.3550295857988166,0.7041420118343196,0.10650887573964497,0.07100591715976332,0.0650887573964497,0.01775147928994083,0.03550295857988166,0,Literal
0.6178010471204188,11.9375,2.094240837696335,0.0,0.020942408376963352,5.38,5.61,0.0,0.0,0.0,2.9214659685863875,191.0,16.0,4.547921915556598,0.13612565445026178,0.5968586387434555,4.329842931937173,1.382198952879581,0.743455497382199,0.13612565445026178,0.06282722513089005,0.031413612565445025,0.0,0.020942408376963352,0,Literal
0.5153061224489796,39.2,0.5102040816326531,0.0,0.03571428571428571,14.99,15.88,0.0,0.0,0.0,4.045918367346939,196.0,5.0,3.7735924528226414,0.10714285714285714,0.6479591836734694,4.112244897959184,1.2959183673469388,0.7244897959183674,0.1377551020408163,0.07653061224489796,0.025510204081632654,0.00510204081632653,0.030612244897959183,1,Inferential
0.5572139303482587,40.2,4.975124378109453,0.0,0.03980099502487562,17.23,18.07,0.0,0.0,0.0,3.925373134328358,201.0,5.0,17.663521732655695,0.12935323383084577,0.6417910447761194,4.318407960199005,1.4527363184079602,0.6517412935323383,0.15422885572139303,0.0945273631840796,0.05970149253731343,0.014925373134328358,0.024875621890547265,2,Evaluative
0.654320987654321,20.25,3.7037037037037033,0.0,0.024691358024691357,9.86,9.58,0.0,0.0,0.0,3.734567901234568,162.0,8.0,17.51963184544698,0.14814814814814814,0.6111111111111112,4.512345679012346,1.4876543209876543,0.6851851851851852,0.1728395061728395,0.10493827160493827,0.012345679012345678,0.0,0.024691358024691357,0,Literal
0.5477386934673367,28.428571428571427,2.0100502512562812,0.0,0.02512562814070352,11.45,12.18,0.0,0.0,0.0,3.9045226130653266,199.0,7.0,19.891542659827948,0.07537688442211055,0.6231155778894473,4.185929648241206,1.3517587939698492,0.6030150753768844,0.17587939698492464,0.12060301507537688,0.07537688442211055,0.005025125628140704,0.020100502512562814,0,Literal
0.6536312849162011,17.9,3.35195530726257,0.0,0.055865921787709494,7.15,8.5,0.0,0.0,0.0,3.212290502793296,179.0,10.0,9.554580053565934,0.10614525139664804,0.547486033519553,4.251396648044692,1.335195530726257,0.770949720670391,0.11731843575418995,0.0223463687150838,0.0335195530726257,0.0,0.055865921787709494,0,Literal
0.5828220858895705,16.3,11.65644171779141,0.0,0.04294478527607362,12.85,11.18,0.0,0.0,0.0,3.1717791411042944,163.0,10.0,7.05407683541936,0.15950920245398773,0.49079754601226994,5.226993865030675,1.8711656441717792,0.5276073619631901,0.13496932515337423,0.17177914110429449,0.08588957055214724,0.006134969325153374,0.03680981595092025,1,Inferential
0.5526315789473685,7.916666666666667,1.5789473684210527,0.0,0.08947368421052632,3.15,3.8,0.0,0.0,0.0,2.3105263157894735,190.0,24.0,3.527422335549478,0.1736842105263158,0.5473684210526316,4.252631578947368,1.3263157894736841,0.6736842105263158,0.15263157894736842,0.031578947368421054,0.05263157894736842,0.015789473684210527,0.07368421052631578,0,Literal
0.5543478260869565,30.666666666666668,8.695652173913043,0.0,0.03260869565217391,17.21,15.74,0.0,0.0,0.0,4.353260869565218,184.0,6.0,8.178562764256865,0.1793478260869565,0.46195652173913043,5.059782608695652,1.766304347826087,0.5869565217391305,0.1793478260869565,0.13043478260869565,0.059782608695652176,0.0,0.03260869565217391,2,Evaluative
0.542713567839196,5.685714285714286,1.0050251256281406,0.0,0.01507537688442211,2.4,2.68,0.0,0.0,0.0,2.135678391959799,199.0,35.0,3.1420778254563477,0.19095477386934673,0.6130653266331658,4.030150753768845,1.3366834170854272,0.7135678391959799,0.15577889447236182,0.04522613065326633,0.020100502512562814,0.005025125628140704,0.010050251256281407,0,Literal
0.5828571428571429,21.875,0.5714285714285714,0.0,0.022857142857142857,8.11,8.98,0.0,0.0,0.0,3.474285714285714,175.0,8.0,10.445543308033336,0.1657142857142857,0.5942857142857143,3.8285714285714287,1.2857142857142858,0.7371428571428571,0.19428571428571428,0.022857142857142857,0.017142857142857144,0.005714285714285714,0.017142857142857144,0,Literal
0.2781456953642384,30.2,0.0,0.0,0.033112582781456956,8.77,12.08,0.0,0.0,0.0,5.576158940397351,151.0,5.0,6.529931086925803,0.2119205298013245,0.543046357615894,3.609271523178808,1.0662251655629138,0.7748344370860927,0.1390728476821192,0.052980132450331126,0.0,0.0,0.033112582781456956,0,Literal
0.640625,14.76923076923077,0.5208333333333333,0.0,0.046875,5.35,6.12,0.0,0.0,0.0,3.1145833333333335,192.0,13.0,5.686067265408101,0.11458333333333333,0.5833333333333334,4.192708333333333,1.2864583333333333,0.6666666666666666,0.1875,0.046875,0.052083333333333336,0.015625,0.03125,0,Literal
0.6496815286624203,19.625,0.0,0.0,0.03184713375796178,5.97,7.85,0.0,0.0,0.0,3.8853503184713376,157.0,8.0,10.723076750634586,0.2229299363057325,0.6496815286624203,3.6369426751592355,1.178343949044586,0.7388535031847133,0.1464968152866242,0.03821656050955414,0.025477707006369428,0.0,0.03184713375796178,0,Literal
0.6742857142857143,21.875,2.857142857142857,0.0,0.05714285714285714,9.87,9.89,0.0,0.0,0.0,3.9485714285714284,175.0,8.0,10.511154789080027,0.13714285714285715,0.5028571428571429,4.668571428571428,1.4342857142857144,0.6685714285714286,0.17714285714285713,0.07428571428571429,0.022857142857142857,0.011428571428571429,0.045714285714285714,0,Literal
0.4180790960451977,10.411764705882353,0.0,0.0,0.0,2.94,4.16,0.0,0.0,0.0,4.124293785310734,177.0,17.0,3.820360677912828,0.3107344632768362,0.559322033898305,3.9096045197740112,1.2259887005649717,0.7853107344632768,0.1864406779661017,0.022598870056497175,0.005649717514124294,0.0,0.0,0,Literal
0.6742857142857143,43.75,2.2857142857142856,0.0,0.06285714285714286,18.46,18.41,0.0,0.0,0.0,5.2457142857142856,175.0,4.0,15.562374497485916,0.17714285714285713,0.5885714285714285,4.354285714285714,1.44,0.6857142857142857,0.14857142857142858,0.06857142857142857,0.03428571428571429,0.005714285714285714,0.05714285714285714,2,Evaluative
0.5792682926829268,13.666666666666666,6.097560975609756,0.0,0.054878048780487805,8.02,7.91,0.0,0.0,0.0,3.7804878048780486,164.0,12.0,7.609843771209907,0.25609756097560976,0.5548780487804879,4.597560975609756,1.548780487804878,0.6524390243902439,0.15853658536585366,0.0975609756097561,0.024390243902439025,0.006097560975609756,0.04878048780487805,0,Literal
0.6,13.636363636363637,0.6666666666666667,0.0,0.02666666666666667,3.73,5.72,0.0,0.0,0.0,2.933333333333333,150.0,11.0,6.785984584189644,0.13333333333333333,0.6133333333333333,3.8066666666666666,1.1866666666666668,0.7533333333333333,0.15333333333333332,0.02666666666666667,0.04,0.0,0.02666666666666667,0,Literal
0.5307262569832403,19.88888888888889,7.82122905027933,0.0,0.07262569832402235,11.22,11.08,0.0,0.0,0.0,3.659217877094972,179.0,9.0,8.833158628600795,0.1452513966480447,0.5027932960893855,4.82122905027933,1.6145251396648044,0.5139664804469274,0.22346368715083798,0.09497206703910614,0.09497206703910614,0.01675977653631285,0.055865921787709494,0,Literal
0.6878612716763006,24.714285714285715,1.7341040462427744,0.0,0.046242774566473986,9.74,10.58,0.0,0.0,0.0,3.421965317919075,173.0,7.0,12.529149685303256,0.11560693641618497,0.5953757225433526,4.144508670520231,1.329479768786127,0.6416184971098265,0.1791907514450867,0.07514450867052024,0.057803468208092484,0.0,0.046242774566473986,0,Literal
0.6586826347305389,27.833333333333332,0.0,0.0,0.0658682634730539,9.54,11.13,0.0,0.0,0.0,3.7964071856287425,167.0,6.0,14.044571905188139,0.15568862275449102,0.5808383233532934,3.8502994011976046,1.2095808383233533,0.7365269461077845,0.1437125748502994,0.023952095808383235,0.029940119760479042,0.011976047904191617,0.05389221556886228,0,Literal
0.6205128205128205,27.857142857142858,1.0256410256410255,0.0,0.06666666666666667,11.07,11.55,0.0,0.0,0.0,3.471794871794872,195.0,7.0,11.598733217248252,0.12307692307692308,0.5487179487179488,4.194871794871795,1.3384615384615384,0.6512820512820513,0.14871794871794872,0.08717948717948718,0.041025641025641026,0.010256410256410256,0.05641025641025641,0,Literal
0.6077348066298343,20.11111111111111,3.867403314917127,0.0,0.022099447513812154,11.35,9.59,0.0,0.0,0.0,3.839779005524862,181.0,9.0,10.049261381862234,0.09944751381215469,0.5359116022099447,5.05524861878453,1.6187845303867403,0.6464088397790055,0.2265193370165746,0.0718232044198895,0.03314917127071823,0.0,0.022099447513812154,0,Literal
0.6344086021505376,26.571428571428573,2.1505376344086025,0.0,0.005376344086021506,12.47,11.49,0.0,0.0,0.0,3.5,186.0,7.0,11.153840740538934,0.14516129032258066,0.5860215053763441,4.543010752688172,1.5,0.6666666666666666,0.21505376344086022,0.08602150537634409,0.026881720430107527,0.0,0.005376344086021506,1,Inferential
0.6453900709219859,23.5,1.4184397163120568,0.0,0.06382978723404255,10.48,9.97,0.0,0.0,0.0,3.226950354609929,141.0,6.0,6.1553951042064625,0.09219858156028368,0.5390070921985816,4.595744680851064,1.4326241134751774,0.6170212765957447,0.1276595744680851,0.12056737588652482,0.07092198581560284,0.0070921985815602835,0.05673758865248227,0,Literal
0.6139240506329114,26.333333333333332,6.329113924050633,0.0,0.04430379746835443,12.83,13.06,0.0,0.0,0.0,4.487341772151899,158.0,6.0,9.633564011078949,0.17721518987341772,0.4873417721518987,4.60126582278481,1.5379746835443038,0.4936708860759494,0.16455696202531644,0.20253164556962025,0.0949367088607595,0.006329113924050633,0.0379746835443038,1,Inferential
0.656084656084656,18.9,3.7037037037037033,0.0,0.026455026455026454,9.45,9.04,0.0,0.0,0.0,3.497354497354497,189.0,10.0,8.059776671843954,0.1164021164021164,0.6190476190476191,4.544973544973545,1.4973544973544974,0.6825396825396826,0.164021164021164,0.1111111111111111,0.015873015873015872,0.0,0.026455026455026454,0,Literal
0.650887573964497,16.9,2.366863905325444,0.0,0.05325443786982249,8.04,7.71,0.0,0.0,0.0,3.2958579881656807,169.0,10.0,6.833008122342604,0.14201183431952663,0.6153846153846154,4.390532544378698,1.4437869822485208,0.6390532544378699,0.13609467455621302,0.11242603550295859,0.05917159763313609,0.005917159763313609,0.047337278106508875,0,Literal
0.5588235294117647,13.076923076923077,3.5294117647058822,0.0,0.08235294117647059,4.92,6.64,0.0,0.0,0.0,3.8294117647058825,170.0,13.0,9.371365173073803,0.2823529411764706,0.4470588235294118,4.135294117647059,1.3058823529411765,0.711764705882353,0.1,0.041176470588235294,0.06470588235294118,0.0058823529411764705,0.07647058823529412,0,Literal
0.5714285714285714,18.666666666666668,4.166666666666666,0.0,0.125,11.22,9.13,0.0,0.0,0.0,3.613095238095238,168.0,9.0,7.041324230113271,0.20238095238095238,0.5,4.845238095238095,1.6547619047619047,0.5357142857142857,0.18452380952380953,0.047619047619047616,0.10714285714285714,0.0,0.125,0,Literal
0.5578947368421052,23.75,5.263157894736842,0.0,0.015789473684210527,11.62,11.61,0.0,0.0,0.0,4.473684210526316,190.0,8.0,6.040229714174784,0.21052631578947367,0.5631578947368421,4.705263157894737,1.5210526315789474,0.6263157894736842,0.21052631578947367,0.11578947368421053,0.031578947368421054,0.0,0.015789473684210527,0,Literal
0.5730994152046783,24.428571428571427,0.5847953216374269,0.0,0.04093567251461988,9.46,10.01,0.0,0.0,0.0,3.9883040935672516,171.0,7.0,8.078694580342109,0.12280701754385964,0.5964912280701754,4.046783625730995,1.3157894736842106,0.7192982456140351,0.15204678362573099,0.029239766081871343,0.05847953216374269,0.005847953216374269,0.03508771929824561,0,Literal
0.6,28.571428571428573,4.5,0.0,0.085,13.02,13.23,0.0,0.0,0.0,3.82,200.0,7.0,7.420325093268887,0.145,0.53,4.51,1.48,0.64,0.14,0.06,0.055,0.005,0.08,1,Inferential
0.650887573964497,42.25,1.183431952662722,0.0,0.03550295857988166,16.81,17.37,0.0,0.0,0.0,4.520710059171598,169.0,4.0,15.124483462254174,0.17751479289940827,0.514792899408284,4.331360946745562,1.349112426035503,0.6745562130177515,0.17159763313609466,0.08284023668639054,0.023668639053254437,0.005917159763313609,0.029585798816568046,2,Evaluative
0.6726190476190477,15.272727272727273,3.571428571428571,0.0,0.07738095238095238,7.01,7.54,0.0,0.0,0.0,3.6785714285714284,168.0,11.0,12.548089314893542,0.16071428571428573,0.5178571428571429,4.636904761904762,1.4107142857142858,0.5833333333333334,0.1488095238095238,0.07738095238095238,0.10714285714285714,0.005952380952380952,0.07142857142857142,0,Literal
0.6331360946745562,24.142857142857142,11.242603550295858,0.0,0.04142011834319527,14.98,14.15,0.0,0.0,0.0,3.4201183431952664,169.0,7.0,6.411087334947679,0.14792899408284024,0.46745562130177515,5.34319526627219,1.7928994082840237,0.48520710059171596,0.2603550295857988,0.13609467455621302,0.0650887573964497,0.011834319526627219,0.029585798816568046,1,Inferential
0.5029585798816568,9.941176470588236,0.0,0.0,0.005917159763313609,2.95,3.98,0.0,0.0,0.0,3.0828402366863905,169.0,17.0,3.9626281866115973,0.25443786982248523,0.5621301775147929,3.6923076923076925,1.242603550295858,0.8047337278106509,0.11834319526627218,0.04142011834319527,0.029585798816568046,0.0,0.005917159763313609,0,Literal
0.5376344086021505,20.666666666666668,0.5376344086021506,0.0,0.021505376344086023,7.38,8.48,0.0,0.0,0.0,3.4516129032258065,186.0,9.0,11.075498483890767,0.15053763440860216,0.6559139784946236,3.71505376344086,1.2634408602150538,0.7795698924731183,0.12365591397849462,0.03225806451612903,0.043010752688172046,0.005376344086021506,0.016129032258064516,0,Literal
0.558282208588957,16.3,1.2269938650306749,0.0,0.012269938650306749,4.81,7.01,0.0,0.0,0.0,4.325153374233129,163.0,10.0,8.660254037844387,0.2147239263803681,0.6809815950920245,3.5153374233128836,1.1901840490797546,0.7055214723926381,0.18404907975460122,0.06748466257668712,0.03067484662576687,0.0,0.012269938650306749,0,Literal
0.6217616580310881,10.722222222222221,1.0362694300518136,0.0,0.09844559585492228,3.2,4.7,0.0,0.0,0.0,3.94300518134715,193.0,18.0,7.867929904851359,0.29533678756476683,0.6528497409326425,3.8238341968911915,1.238341968911917,0.7098445595854922,0.11917098445595854,0.031088082901554404,0.031088082901554404,0.0051813471502590676,0.09326424870466321,0,Literal
0.5652173913043478,23.0,12.318840579710146,0.0,0.07246376811594203,14.76,14.13,0.0,0.0,0.0,3.028985507246377,138.0,6.0,11.604596790352806,0.11594202898550725,0.5072463768115942,5.543478260869565,1.8115942028985508,0.5869565217391305,0.14492753623188406,0.14492753623188406,0.043478260869565216,0.021739130434782608,0.050724637681159424,1,Inferential
0.5440414507772021,13.785714285714286,1.5544041450777202,0.0,0.015544041450777202,5.81,6.14,0.0,0.0,0.0,3.082901554404145,193.0,14.0,6.0309575508033415,0.16062176165803108,0.5751295336787565,4.253886010362694,1.3575129533678756,0.7305699481865285,0.11398963730569948,0.10362694300518134,0.03626943005181347,0.0,0.015544041450777202,0,Literal
0.4467005076142132,19.7,0.0,0.0,0.030456852791878174,6.23,7.88,0.0,0.0,0.0,3.1218274111675126,197.0,10.0,10.526632889960588,0.116751269035533,0.6142131979695431,3.700507614213198,1.1979695431472082,0.6954314720812182,0.23857868020304568,0.025380710659898477,0.01015228426395939,0.0,0.030456852791878174,0,Literal
0.5347593582887701,37.4,5.347593582887701,0.0,0.0106951871657754,17.74,17.1,0.0,0.0,0.0,3.481283422459893,187.0,5.0,17.001176429882726,0.06417112299465241,0.6203208556149733,4.657754010695188,1.588235294117647,0.6470588235294118,0.20320855614973263,0.0962566844919786,0.0427807486631016,0.0,0.0106951871657754,2,Evaluative
0.6237113402061856,21.555555555555557,3.608247422680412,0.0,0.02577319587628866,9.97,10.07,0.0,0.0,0.0,3.9742268041237114,194.0,9.0,9.47511360236793,0.12886597938144329,0.5773195876288659,4.376288659793815,1.4536082474226804,0.7010309278350515,0.15979381443298968,0.07216494845360824,0.041237113402061855,0.005154639175257732,0.020618556701030927,0,Literal
0.5958904109589042,14.6,0.0,0.0,0.0273972602739726,3.6,5.84,0.0,0.0,0.0,3.0342465753424657,146.0,10.0,3.8781438859330635,0.136986301369863,0.6301369863013698,3.671232876712329,1.143835616438356,0.7534246575342466,0.14383561643835616,0.0273972602739726,0.04794520547945205,0.0,0.0273972602739726,0,Literal
0.7283950617283951,14.727272727272727,9.876543209876543,0.0,0.043209876543209874,10.04,9.84,0.0,0.0,0.0,3.1049382716049383,162.0,11.0,9.491187735373227,0.11728395061728394,0.5679012345679012,5.074074074074074,1.6851851851851851,0.5864197530864198,0.1728395061728395,0.1111111111111111,0.08641975308641975,0.006172839506172839,0.037037037037037035,0,Literal
0.6491228070175439,28.5,7.017543859649122,0.0,0.023391812865497075,15.33,14.21,0.0,0.0,0.0,3.865497076023392,171.0,6.0,14.205828224906691,0.11695906432748537,0.5380116959064327,4.859649122807017,1.6783625730994152,0.5555555555555556,0.21637426900584794,0.10526315789473684,0.0935672514619883,0.005847953216374269,0.017543859649122806,2,Evaluative
0.6432432432432432,20.555555555555557,1.0810810810810811,0.0,0.016216216216216217,7.99,8.65,0.0,0.0,0.0,3.854054054054054,185.0,9.0,9.6391690641317,0.16756756756756758,0.5675675675675675,4.091891891891892,1.318918918918919,0.7351351351351352,0.10270270270270271,0.032432432432432434,0.11351351351351352,0.0,0.016216216216216217,0,Literal
0.6294416243654822,16.416666666666668,2.5380710659898478,0.0,0.050761421319796954,9.02,7.58,0.0,0.0,0.0,2.979695431472081,197.0,12.0,7.725768570181222,0.1319796954314721,0.4517766497461929,4.654822335025381,1.5431472081218274,0.583756345177665,0.16751269035532995,0.13705583756345177,0.05583756345177665,0.015228426395939087,0.03553299492385787,0,Literal
0.7361963190184049,13.583333333333334,12.269938650306749,0.0,0.049079754601226995,12.08,10.34,0.0,0.0,0.0,2.8220858895705523,163.0,12.0,5.219488054929866,0.19631901840490798,0.4233128834355828,5.6503067484662575,1.8957055214723926,0.5030674846625767,0.1901840490797546,0.15337423312883436,0.10429447852760736,0.0,0.049079754601226995,1,Inferential
0.615819209039548,17.7,7.909604519774012,0.0,0.06779661016949153,12.18,10.24,0.0,0.0,0.0,3.1807909604519775,177.0,10.0,6.003332407921454,0.1864406779661017,0.4463276836158192,5.11864406779661,1.768361581920904,0.519774011299435,0.192090395480226,0.1016949152542373,0.0847457627118644,0.01694915254237288,0.05084745762711865,1,Inferential
0.5842105263157895,15.833333333333334,3.1578947368421053,0.0,0.010526315789473684,8.41,7.6,0.0,0.0,0.0,3.2736842105263158,190.0,12.0,7.565914059487826,0.11578947368421053,0.5157894736842106,4.484210526315789,1.5105263157894737,0.6368421052631579,0.1736842105263158,0.09473684210526316,0.08421052631578947,0.0,0.010526315789473684,0,Literal
0.6134020618556701,12.933333333333334,1.5463917525773196,0.0,0.020618556701030927,6.24,5.79,0.0,0.0,0.0,3.2268041237113403,194.0,15.0,8.835282803748969,0.20618556701030927,0.5567010309278351,4.515463917525773,1.422680412371134,0.6597938144329897,0.17525773195876287,0.06701030927835051,0.061855670103092786,0.0,0.020618556701030927,0,Literal
0.6091954022988506,24.857142857142858,1.7241379310344827,0.0,0.017241379310344827,9.43,10.63,0.0,0.0,0.0,4.310344827586207,174.0,7.0,10.855262995150213,0.1839080459770115,0.6954022988505747,3.8448275862068964,1.2988505747126438,0.7758620689655172,0.14942528735632185,0.028735632183908046,0.028735632183908046,0.0,0.017241379310344827,0,Literal
0.656084656084656,23.625,7.936507936507936,0.0,0.042328042328042326,14.1,12.62,0.0,0.0,0.0,3.64021164021164,189.0,8.0,7.967708265241644,0.12698412698412698,0.5502645502645502,5.343915343915344,1.7354497354497354,0.5238095238095238,0.2275132275132275,0.13227513227513227,0.07407407407407407,0.010582010582010581,0.031746031746031744,1,Inferential
0.6333333333333333,15.0,8.0,0.0,0.06,9.93,9.2,0.0,0.0,0.0,3.033333333333333,150.0,10.0,5.990826320300064,0.14,0.5133333333333333,4.933333333333334,1.6666666666666667,0.5466666666666666,0.18,0.16,0.05333333333333334,0.013333333333333334,0.04666666666666667,0,Literal
0.5966850828729282,15.083333333333334,4.41988950276243,0.0,0.08839779005524862,9.0,7.8,0.0,0.0,0.0,3.143646408839779,181.0,12.0,7.878857080115673,0.1712707182320442,0.5082872928176796,4.895027624309392,1.5856353591160222,0.5911602209944752,0.1878453038674033,0.06077348066298342,0.06629834254143646,0.022099447513812154,0.06629834254143646,0,Literal
0.5,25.428571428571427,3.3707865168539324,0.0,0.033707865168539325,13.42,11.52,0.0,0.0,0.0,4.0,178.0,7.0,14.831020992280651,0.10674157303370786,0.5617977528089888,4.674157303370786,1.6179775280898876,0.550561797752809,0.1853932584269663,0.16853932584269662,0.06179775280898876,0.0056179775280898875,0.028089887640449437,1,Inferential
0.6075268817204301,26.571428571428573,6.989247311827956,0.0,0.005376344086021506,14.38,13.42,0.0,0.0,0.0,3.618279569892473,186.0,7.0,5.576920370269467,0.11827956989247312,0.5268817204301075,5.037634408602151,1.6612903225806452,0.7419354838709677,0.1935483870967742,0.043010752688172046,0.016129032258064516,0.0,0.005376344086021506,1,Inferential
0.5886524822695035,9.4,4.25531914893617,0.0,0.09219858156028368,5.65,5.46,0.0,0.0,0.0,2.5460992907801416,141.0,15.0,3.823901439919996,0.24113475177304963,0.3404255319148936,4.900709219858156,1.4893617021276595,0.5673758865248227,0.24113475177304963,0.0851063829787234,0.014184397163120567,0.02127659574468085,0.07092198581560284,0,Literal
0.5195530726256983,17.9,1.1173184357541899,0.0,0.12849162011173185,8.93,7.61,0.0,0.0,0.0,3.631284916201117,179.0,10.0,5.831809324729334,0.17318435754189945,0.5139664804469274,4.687150837988827,1.4860335195530727,0.659217877094972,0.1340782122905028,0.0446927374301676,0.0335195530726257,0.00558659217877095,0.12290502793296089,0,Literal
0.5706806282722513,15.916666666666666,4.712041884816754,0.0,0.015706806282722512,9.65,8.25,0.0,0.0,0.0,3.0,191.0,12.0,3.9334745737353156,0.14659685863874344,0.5235602094240838,4.890052356020942,1.612565445026178,0.6387434554973822,0.11518324607329843,0.1099476439790576,0.12041884816753927,0.005235602094240838,0.010471204188481676,0,Literal
0.6265060240963856,16.6,12.650602409638553,0.0,0.07228915662650602,13.06,11.7,0.0,0.0,0.0,3.4759036144578315,166.0,10.0,7.071774883294857,0.21686746987951808,0.3795180722891566,5.710843373493976,1.8795180722891567,0.42168674698795183,0.20481927710843373,0.18072289156626506,0.0963855421686747,0.018072289156626505,0.05421686746987952,1,Inferential
0.5625,11.0,0.0,0.0,0.03977272727272727,2.98,4.4,0.0,0.0,0.0,3.125,176.0,16.0,5.0974871260259205,0.19886363636363635,0.5965909090909091,3.897727272727273,1.2102272727272727,0.7386363636363636,0.11931818181818182,0.06818181818181818,0.017045454545454544,0.011363636363636364,0.028409090909090908,0,Literal
0.45698924731182794,6.413793103448276,0.0,0.0,0.016129032258064516,2.26,2.57,0.0,0.0,0.0,3.139784946236559,186.0,29.0,3.1787792211011068,0.3333333333333333,0.489247311827957,3.978494623655914,1.3010752688172043,0.7473118279569892,0.11290322580645161,0.03763440860215054,0.021505376344086023,0.0,0.016129032258064516,0,Literal
0.518324607329843,17.363636363636363,0.0,0.0,0.05235602094240838,4.84,6.95,0.0,0.0,0.0,3.6910994764397906,191.0,11.0,8.803643122673986,0.17277486910994763,0.6387434554973822,3.675392670157068,1.1570680628272252,0.743455497382199,0.15706806282722513,0.02617801047120419,0.020942408376963352,0.020942408376963352,0.031413612565445025,0,Literal
0.5561797752808989,25.428571428571427,8.426966292134832,0.0,0.028089887640449437,14.94,13.54,0.0,0.0,0.0,3.808988764044944,178.0,7.0,9.89537100602796,0.12921348314606743,0.5056179775280899,4.949438202247191,1.747191011235955,0.6123595505617978,0.20786516853932585,0.07303370786516854,0.07865168539325842,0.0056179775280898875,0.02247191011235955,1,Inferential
0.5241379310344828,29.0,0.6896551724137931,0.0,0.020689655172413793,9.72,11.88,0.0,0.0,0.0,4.455172413793103,145.0,5.0,11.685888926393234,0.15862068965517243,0.6,3.882758620689655,1.186206896551724,0.7241379310344828,0.20689655172413793,0.027586206896551724,0.020689655172413793,0.0,0.020689655172413793,0,Literal
0.42391304347826086,23.0,0.0,0.0,0.05434782608695652,9.93,9.2,0.0,0.0,0.0,4.217391304347826,184.0,8.0,5.717298313014636,0.21195652173913043,0.47282608695652173,4.396739130434782,1.4021739130434783,0.6793478260869565,0.1358695652173913,0.08695652173913043,0.016304347826086956,0.005434782608695652,0.04891304347826087,0,Literal
0.5606936416184971,24.714285714285715,1.7341040462427744,0.0,0.017341040462427744,9.26,10.58,0.0,0.0,0.0,3.5433526011560694,173.0,7.0,8.745844494293696,0.12138728323699421,0.5780346820809249,4.121387283236994,1.2890173410404624,0.6820809248554913,0.15606936416184972,0.10982658959537572,0.03468208092485549,0.0,0.017341040462427744,0,Literal
0.6107784431137725,12.846153846153847,0.5988023952095809,0.0,0.0,5.46,5.38,0.0,0.0,0.0,2.9940119760479043,167.0,13.0,4.417555081649609,0.1317365269461078,0.5449101796407185,4.25748502994012,1.3592814371257484,0.7724550898203593,0.11377245508982035,0.0658682634730539,0.017964071856287425,0.0,0.0,0,Literal
0.6463414634146342,20.5,14.02439024390244,0.0,0.04878048780487805,14.71,13.81,0.0,0.0,0.0,3.317073170731707,164.0,8.0,7.087621251167418,0.17682926829268292,0.4146341463414634,5.865853658536586,1.8902439024390243,0.5853658536585366,0.18902439024390244,0.10365853658536585,0.054878048780487805,0.012195121951219513,0.036585365853658534,1,Inferential
0.6492146596858639,38.2,3.1413612565445024,0.0,0.06806282722513089,15.93,16.54,0.0,0.0,0.0,5.303664921465969,191.0,5.0,19.72206885699368,0.14659685863874344,0.5706806282722513,4.528795811518324,1.4083769633507854,0.6649214659685864,0.14136125654450263,0.08900523560209424,0.03664921465968586,0.02617801047120419,0.041884816753926704,2,Evaluative
0.5866666666666667,8.333333333333334,1.3333333333333335,0.0,0.06,4.49,3.87,0.0,0.0,0.0,2.8933333333333335,150.0,18.0,5.055250296034367,0.22666666666666666,0.48,4.306666666666667,1.4266666666666667,0.6866666666666666,0.10666666666666667,0.04666666666666667,0.013333333333333334,0.0,0.06,0,Literal
0.6125,20.0,11.25,0.0,0.00625,12.49,12.5,0.0,0.0,0.0,4.3875,160.0,8.0,8.837950837156766,0.175,0.5125,5.08125,1.71875,0.5875,0.25625,0.08125,0.06875,0.0,0.00625,1,Inferential
0.5714285714285714,23.0,3.7267080745341614,0.0,0.043478260869565216,10.53,10.69,0.0,0.0,0.0,3.3975155279503104,161.0,7.0,4.780914437337574,0.13043478260869565,0.5031055900621118,4.658385093167702,1.453416149068323,0.6149068322981367,0.19254658385093168,0.13664596273291926,0.012422360248447204,0.031055900621118012,0.012422360248447204,0,Literal
0.6013071895424836,25.5,3.2679738562091507,0.0,0.06535947712418301,12.94,11.51,0.0,0.0,0.0,3.7254901960784315,153.0,6.0,10.6092203085597,0.0915032679738562,0.5098039215686274,4.751633986928105,1.5751633986928104,0.673202614379085,0.1568627450980392,0.058823529411764705,0.0457516339869281,0.032679738562091505,0.032679738562091505,1,Inferential
0.615,28.571428571428573,0.5,0.0,0.01,10.72,11.63,0.0,0.0,0.0,4.11,200.0,7.0,27.143609012142836,0.175,0.625,3.855,1.285,0.755,0.145,0.04,0.05,0.0,0.01,0,Literal
0.574468085106383,17.09090909090909,1.5957446808510638,0.0,0.03723404255319149,5.83,7.47,0.0,0.0,0.0,3.2180851063829787,188.0,11.0,7.986558956580872,0.10106382978723404,0.601063829787234,3.8191489361702127,1.25,0.776595744680851,0.12234042553191489,0.05319148936170213,0.010638297872340425,0.010638297872340425,0.026595744680851064,0,Literal
0.6706586826347305,41.75,0.0,0.0,0.04790419161676647,15.6,16.7,0.0,0.0,0.0,4.712574850299402,167.0,4.0,21.568205766822608,0.19161676646706588,0.5988023952095808,3.92814371257485,1.2634730538922156,0.6946107784431138,0.16167664670658682,0.05389221556886228,0.03592814371257485,0.005988023952095809,0.041916167664670656,2,Evaluative
0.5777777777777777,36.0,0.0,0.0,0.022222222222222223,12.61,14.4,0.0,0.0,0.0,4.75,180.0,5.0,23.979991659714983,0.20555555555555555,0.5722222222222222,4.027777777777778,1.2,0.7388888888888889,0.16666666666666666,0.03888888888888889,0.03333333333333333,0.0,0.022222222222222223,1,Inferential
0.7301587301587301,27.0,7.4074074074074066,0.0,0.06349206349206349,14.67,13.76,0.0,0.0,0.0,3.8412698412698414,189.0,7.0,8.729494924258393,0.164021164021164,0.4603174603174603,4.915343915343915,1.6719576719576719,0.5608465608465608,0.20105820105820105,0.10582010582010581,0.06878306878306878,0.005291005291005291,0.0582010582010582,1,Inferential
0.6420454545454546,29.333333333333332,2.272727272727273,0.0,0.07386363636363637,11.4,12.64,0.0,0.0,0.0,3.903409090909091,176.0,6.0,10.79608982713443,0.11931818181818182,0.5625,4.4147727272727275,1.3181818181818181,0.6079545454545454,0.16477272727272727,0.10227272727272728,0.05113636363636364,0.0,0.07386363636363637,0,Literal
0.6387434554973822,19.1,1.5706806282722512,0.0,0.005235602094240838,6.44,8.27,0.0,0.0,0.0,3.764397905759162,191.0,10.0,8.478797084492587,0.13089005235602094,0.6492146596858639,3.7801047120418847,1.2356020942408377,0.7643979057591623,0.16230366492146597,0.05235602094240838,0.015706806282722512,0.0,0.005235602094240838,0,Literal
0.5773195876288659,19.4,13.917525773195877,0.0,0.041237113402061855,12.84,13.33,0.0,0.0,0.0,2.963917525773196,194.0,10.0,6.135959582656978,0.09278350515463918,0.5515463917525774,5.061855670103093,1.768041237113402,0.5670103092783505,0.17525773195876287,0.11855670103092783,0.0979381443298969,0.005154639175257732,0.03608247422680412,1,Inferential
0.5238095238095238,17.181818181818183,0.0,0.0,0.015873015873015872,4.47,6.87,0.0,0.0,0.0,3.439153439153439,189.0,11.0,6.617032867301034,0.1693121693121693,0.6613756613756614,3.6084656084656084,1.1322751322751323,0.7671957671957672,0.10582010582010581,0.06349206349206349,0.047619047619047616,0.015873015873015872,0.0,0,Literal
0.6022727272727273,19.555555555555557,13.068181818181818,0.0,0.09659090909090909,13.63,13.05,0.0,0.0,0.0,3.090909090909091,176.0,9.0,9.6391690641317,0.10227272727272728,0.4715909090909091,5.1647727272727275,1.8295454545454546,0.48295454545454547,0.17613636363636365,0.13636363636363635,0.10795454545454546,0.045454545454545456,0.05113636363636364,1,Inferential
0.6547619047619048,28.0,1.7857142857142856,0.0,0.011904761904761904,11.34,11.91,0.0,0.0,0.0,3.6785714285714284,168.0,6.0,21.654483754332883,0.08928571428571429,0.6190476190476191,4.220238095238095,1.3571428571428572,0.6845238095238095,0.16071428571428573,0.08928571428571429,0.05357142857142857,0.0,0.011904761904761904,0,Literal
0.6626506024096386,20.75,6.024096385542169,0.0,0.018072289156626505,11.77,10.71,0.0,0.0,0.0,3.644578313253012,166.0,8.0,6.726812023536855,0.1566265060240964,0.5240963855421686,5.024096385542169,1.6325301204819278,0.572289156626506,0.21686746987951808,0.12650602409638553,0.06626506024096386,0.0,0.018072289156626505,0,Literal
0.5662650602409639,18.444444444444443,0.0,0.0,0.024096385542168676,5.46,7.38,0.0,0.0,0.0,4.63855421686747,166.0,9.0,9.608381115168205,0.21084337349397592,0.6024096385542169,3.927710843373494,1.1746987951807228,0.7349397590361446,0.1746987951807229,0.018072289156626505,0.04819277108433735,0.018072289156626505,0.006024096385542169,0,Literal
0.6551724137931034,29.0,2.0689655172413794,0.0,0.04827586206896552,12.48,12.43,0.0,0.0,0.0,4.475862068965517,145.0,5.0,12.690153663372245,0.15172413793103448,0.6,4.4206896551724135,1.4206896551724137,0.6344827586206897,0.2206896551724138,0.04827586206896552,0.04827586206896552,0.0,0.04827586206896552,1,Inferential
0.6573033707865169,29.666666666666668,5.056179775280898,0.0,0.06179775280898876,14.48,13.89,0.0,0.0,0.0,4.140449438202247,178.0,6.0,19.8298316236478,0.14606741573033707,0.5337078651685393,4.735955056179775,1.5674157303370786,0.6067415730337079,0.15168539325842698,0.10112359550561797,0.06741573033707865,0.0,0.06179775280898876,1,Inferential
0.6627906976744186,21.5,3.488372093023256,0.0,0.09302325581395349,10.7,10.0,0.0,0.0,0.0,3.7790697674418605,172.0,8.0,4.9749371855331,0.13953488372093023,0.5755813953488372,4.593023255813954,1.5174418604651163,0.686046511627907,0.12209302325581395,0.05813953488372093,0.040697674418604654,0.011627906976744186,0.08139534883720931,0,Literal
0.37222222222222223,22.5,8.333333333333332,0.0,0.027777777777777776,12.92,12.33,0.0,0.0,0.0,3.061111111111111,180.0,8.0,9.413255281782174,0.07222222222222222,0.4666666666666667,5.016666666666667,1.6722222222222223,0.5444444444444444,0.15555555555555556,0.15,0.11666666666666667,0.027777777777777776,0.0,1,Inferential
0.6864864864864865,23.125,2.7027027027027026,0.0,0.08108108108108109,9.57,10.33,0.0,0.0,0.0,4.65945945945946,185.0,8.0,13.369157602481916,0.1945945945945946,0.5513513513513514,4.345945945945946,1.3675675675675676,0.6918918918918919,0.12972972972972974,0.043243243243243246,0.043243243243243246,0.005405405405405406,0.07567567567567568,0,Literal
0.6036585365853658,32.8,1.2195121951219512,0.0,0.042682926829268296,11.66,13.61,0.0,0.0,0.0,4.408536585365853,164.0,5.0,15.78100123566309,0.17682926829268292,0.6646341463414634,3.932926829268293,1.225609756097561,0.7439024390243902,0.17073170731707318,0.036585365853658534,0.006097560975609756,0.0,0.042682926829268296,0,Literal
0.7096774193548387,15.5,2.6881720430107525,0.0,0.08064516129032258,6.44,7.28,0.0,0.0,0.0,3.78494623655914,186.0,12.0,7.829786431030897,0.25268817204301075,0.521505376344086,4.338709677419355,1.3548387096774193,0.6290322580645161,0.11827956989247312,0.0913978494623656,0.06451612903225806,0.021505376344086023,0.05913978494623656,0,Literal
0.6363636363636364,12.833333333333334,2.5974025974025974,0.0,0.18831168831168832,8.34,6.17,0.0,0.0,0.0,2.7987012987012987,154.0,12.0,5.9137316664033905,0.18181818181818182,0.42857142857142855,4.87012987012987,1.603896103896104,0.5064935064935064,0.18831168831168832,0.07792207792207792,0.025974025974025976,0.09740259740259741,0.09090909090909091,0,Literal
0.6140350877192983,19.0,4.093567251461988,0.0,0.023391812865497075,7.55,9.24,0.0,0.0,0.0,4.181286549707602,171.0,9.0,8.717797887081348,0.19298245614035087,0.5964912280701754,4.146198830409356,1.3333333333333333,0.7426900584795322,0.13450292397660818,0.04678362573099415,0.023391812865497075,0.0,0.023391812865497075,0,Literal
0.6685393258426966,22.25,2.8089887640449436,0.0,0.07865168539325842,11.25,10.02,0.0,0.0,0.0,3.842696629213483,178.0,8.0,8.642193008721803,0.15730337078651685,0.5112359550561798,4.668539325842697,1.5393258426966292,0.5898876404494382,0.16853932584269662,0.0898876404494382,0.07303370786516854,0.0,0.07865168539325842,0,Literal
0.47305389221556887,23.857142857142858,4.191616766467066,0.0,0.08383233532934131,10.81,11.22,0.0,0.0,0.0,3.7365269461077846,167.0,7.0,11.299268533305822,0.1497005988023952,0.592814371257485,4.245508982035928,1.4491017964071857,0.6766467065868264,0.11976047904191617,0.11377245508982035,0.005988023952095809,0.011976047904191617,0.0718562874251497,0,Literal
0.601063829787234,23.5,2.127659574468085,0.0,0.026595744680851064,9.52,10.25,0.0,0.0,0.0,4.0,188.0,8.0,13.856406460551018,0.11170212765957446,0.6063829787234043,4.372340425531915,1.351063829787234,0.648936170212766,0.1702127659574468,0.07446808510638298,0.07446808510638298,0.005319148936170213,0.02127659574468085,0,Literal
0.5025125628140703,39.8,5.527638190954774,0.0,0.04020100502512563,17.37,18.13,0.0,0.0,0.0,4.221105527638191,199.0,5.0,7.520638270785266,0.1407035175879397,0.5376884422110553,4.437185929648241,1.4773869346733668,0.542713567839196,0.271356783919598,0.07537688442211055,0.06532663316582915,0.020100502512562814,0.020100502512562814,2,Evaluative
0.577639751552795,20.125,2.484472049689441,0.0,0.012422360248447204,9.34,9.04,0.0,0.0,0.0,3.527950310559006,161.0,8.0,6.4213997695206615,0.13664596273291926,0.6024844720496895,4.372670807453416,1.4472049689440993,0.6894409937888198,0.2236024844720497,0.043478260869565216,0.031055900621118012,0.0,0.012422360248447204,0,Literal
0.6442953020134228,18.625,9.395973154362416,0.0,0.03355704697986577,10.6,11.21,0.0,0.0,0.0,3.825503355704698,149.0,8.0,5.606915373001451,0.15436241610738255,0.5167785234899329,5.073825503355705,1.604026845637584,0.5906040268456376,0.19463087248322147,0.1610738255033557,0.020134228187919462,0.013422818791946308,0.020134228187919462,0,Literal
0.6684210526315789,19.0,2.631578947368421,0.0,0.06842105263157895,7.72,8.65,0.0,0.0,0.0,3.5789473684210527,190.0,10.0,10.373041983911952,0.15263157894736842,0.5736842105263158,4.3052631578947365,1.3473684210526315,0.6578947368421053,0.14736842105263157,0.07368421052631578,0.05263157894736842,0.005263157894736842,0.06315789473684211,0,Literal
0.5979899497487438,19.9,5.025125628140704,0.0,0.020100502512562814,11.56,9.97,0.0,0.0,0.0,3.457286432160804,199.0,10.0,6.20403094769844,0.18090452261306533,0.457286432160804,5.005025125628141,1.64321608040201,0.6683417085427136,0.1658291457286432,0.11557788944723618,0.03015075376884422,0.005025125628140704,0.01507537688442211,0,Literal
0.625,5.866666666666666,1.7045454545454544,0.0,0.09090909090909091,1.58,3.03,0.0,0.0,0.0,2.3863636363636362,176.0,30.0,2.539466260632121,0.25,0.4943181818181818,4.221590909090909,1.2613636363636365,0.6647727272727273,0.125,0.045454545454545456,0.005681818181818182,0.03409090909090909,0.056818181818181816,0,Literal
0.6818181818181818,13.538461538461538,6.8181818181818175,0.0,0.03409090909090909,9.8,8.14,0.0,0.0,0.0,2.8806818181818183,176.0,13.0,5.3692087281892755,0.09659090909090909,0.4090909090909091,5.2272727272727275,1.7045454545454546,0.48863636363636365,0.23295454545454544,0.14772727272727273,0.09090909090909091,0.005681818181818182,0.028409090909090908,0,Literal
0.4861878453038674,12.928571428571429,17.12707182320442,0.0,0.0,9.27,12.02,0.0,0.0,0.0,2.7845303867403315,181.0,14.0,6.045743991285379,0.14917127071823205,0.5303867403314917,5.1878453038674035,1.6795580110497237,0.5469613259668509,0.2154696132596685,0.12154696132596685,0.11602209944751381,0.0,0.0,0,Literal
0.6,21.25,1.7647058823529411,0.0,0.023529411764705882,9.22,9.21,0.0,0.0,0.0,3.335294117647059,170.0,8.0,9.532018411648187,0.12352941176470589,0.5882352941176471,4.394117647058824,1.4,0.7470588235294118,0.1411764705882353,0.06470588235294118,0.023529411764705882,0.0058823529411764705,0.01764705882352941,0,Literal
0.46994535519125685,16.636363636363637,0.546448087431694,0.0,0.08196721311475409,5.15,6.87,0.0,0.0,0.0,3.814207650273224,183.0,11.0,7.978276290150867,0.22404371584699453,0.5901639344262295,3.8524590163934427,1.2076502732240437,0.7650273224043715,0.11475409836065574,0.01639344262295082,0.02185792349726776,0.04371584699453552,0.03825136612021858,0,Literal
0.7150837988826816,19.88888888888889,2.2346368715083798,0.0,0.027932960893854747,9.31,8.85,0.0,0.0,0.0,2.994413407821229,179.0,9.0,6.972609550994325,0.0893854748603352,0.553072625698324,4.4525139664804465,1.452513966480447,0.6983240223463687,0.16759776536312848,0.055865921787709494,0.05027932960893855,0.0,0.027932960893854747,0,Literal
0.6857142857142857,15.555555555555555,0.7142857142857143,0.0,0.05714285714285714,4.81,6.51,0.0,0.0,0.0,3.9714285714285715,140.0,9.0,9.499837555466247,0.21428571428571427,0.5928571428571429,3.8642857142857143,1.2142857142857142,0.6857142857142857,0.17857142857142858,0.02857142857142857,0.05,0.02857142857142857,0.02857142857142857,0,Literal
0.6646706586826348,11.928571428571429,7.784431137724551,0.0,0.05389221556886228,9.62,7.89,0.0,0.0,0.0,2.568862275449102,167.0,14.0,4.1138144571376944,0.16167664670658682,0.48502994011976047,5.3053892215568865,1.7425149700598803,0.48502994011976047,0.23952095808383234,0.1317365269461078,0.08982035928143713,0.017964071856287425,0.03592814371257485,0,Literal
0.6023391812865497,21.375,7.017543859649122,0.0,0.05263157894736842,13.31,11.36,0.0,0.0,0.0,3.6842105263157894,171.0,8.0,11.85261047195933,0.14619883040935672,0.42105263157894735,4.970760233918129,1.7426900584795322,0.543859649122807,0.15789473684210525,0.0935672514619883,0.14035087719298245,0.005847953216374269,0.04678362573099415,1,Inferential
0.5647668393782384,24.125,10.362694300518134,0.0,0.025906735751295335,14.24,13.8,0.0,0.0,0.0,3.699481865284974,193.0,8.0,7.218682358990455,0.11917098445595854,0.5233160621761658,5.243523316062176,1.7305699481865284,0.6424870466321243,0.22279792746113988,0.07253886010362694,0.03626943005181347,0.0,0.025906735751295335,1,Inferential
0.5824175824175825,22.75,9.89010989010989,0.0,0.07142857142857142,14.09,13.06,0.0,0.0,0.0,3.3076923076923075,182.0,8.0,11.090536506409418,0.10989010989010989,0.43956043956043955,5.2032967032967035,1.7637362637362637,0.521978021978022,0.2032967032967033,0.10989010989010989,0.08241758241758242,0.02197802197802198,0.04945054945054945,1,Inferential
0.6982248520710059,18.77777777777778,2.366863905325444,0.0,0.011834319526627219,7.09,8.46,0.0,0.0,0.0,3.769230769230769,169.0,9.0,11.518101695447328,0.1834319526627219,0.6153846153846154,4.023668639053255,1.301775147928994,0.7041420118343196,0.1834319526627219,0.047337278106508875,0.04142011834319527,0.0,0.011834319526627219,0,Literal
0.5833333333333334,18.0,4.861111111111112,0.0,0.020833333333333332,11.42,9.14,0.0,0.0,0.0,3.5347222222222223,144.0,8.0,5.717298313014636,0.11805555555555555,0.5069444444444444,4.895833333333333,1.6944444444444444,0.6875,0.1597222222222222,0.1111111111111111,0.020833333333333332,0.0,0.020833333333333332,0,Literal
0.6436781609195402,21.75,1.7241379310344827,0.0,0.05172413793103448,8.83,9.39,0.0,0.0,0.0,3.7298850574712645,174.0,8.0,12.648492993238364,0.1206896551724138,0.5287356321839081,4.310344827586207,1.3505747126436782,0.6666666666666666,0.13218390804597702,0.08045977011494253,0.06896551724137931,0.005747126436781609,0.04597701149425287,0,Literal
0.5445544554455446,25.25,2.4752475247524752,0.0,0.034653465346534656,9.68,11.09,0.0,0.0,0.0,4.599009900990099,202.0,8.0,11.894720467501537,0.15841584158415842,0.6089108910891089,4.0495049504950495,1.306930693069307,0.6732673267326733,0.22772277227722773,0.024752475247524754,0.024752475247524754,0.01485148514851485,0.019801980198019802,0,Literal
0.5714285714285714,45.5,3.8461538461538463,0.0,0.04395604395604396,19.73,19.74,0.0,0.0,0.0,4.461538461538462,182.0,4.0,15.337861650177967,0.13186813186813187,0.6208791208791209,4.521978021978022,1.489010989010989,0.6648351648351648,0.13736263736263737,0.10989010989010989,0.04395604395604396,0.016483516483516484,0.027472527472527472,2,Evaluative
0.544973544973545,21.0,4.761904761904762,0.0,0.015873015873015872,10.52,10.3,0.0,0.0,0.0,4.0476190476190474,189.0,9.0,7.602793508691556,0.1746031746031746,0.5238095238095238,4.5661375661375665,1.5185185185185186,0.6878306878306878,0.13756613756613756,0.08994708994708994,0.06878306878306878,0.005291005291005291,0.010582010582010581,0,Literal
0.656441717791411,23.285714285714285,2.4539877300613497,0.0,0.08588957055214724,10.5,10.3,0.0,0.0,0.0,3.834355828220859,163.0,7.0,12.50958815942265,0.147239263803681,0.5705521472392638,4.558282208588957,1.4417177914110428,0.6196319018404908,0.13496932515337423,0.07975460122699386,0.07975460122699386,0.012269938650306749,0.0736196319018405,0,Literal
0.6423841059602649,15.1,11.920529801324504,0.0,0.11920529801324503,11.95,10.81,0.0,0.0,0.0,3.2781456953642385,151.0,10.0,6.670082458260917,0.1390728476821192,0.47019867549668876,5.298013245033113,1.8344370860927153,0.5099337748344371,0.17218543046357615,0.09933774834437085,0.09933774834437085,0.033112582781456956,0.08609271523178808,0,Literal
0.6521739130434783,26.833333333333332,1.8633540372670807,0.0,0.043478260869565216,11.66,11.48,0.0,0.0,0.0,3.2546583850931676,161.0,6.0,11.911712256803758,0.08695652173913043,0.6024844720496895,4.391304347826087,1.4223602484472049,0.7142857142857143,0.14285714285714285,0.037267080745341616,0.049689440993788817,0.012422360248447204,0.031055900621118012,0,Literal
0.576530612244898,16.333333333333332,0.0,0.0,0.0,4.75,6.53,0.0,0.0,0.0,3.510204081632653,196.0,12.0,6.859705209085559,0.16326530612244897,0.6377551020408163,3.586734693877551,1.183673469387755,0.7806122448979592,0.12244897959183673,0.03571428571428571,0.061224489795918366,0.0,0.0,0,Literal
0.5913978494623656,26.571428571428573,0.0,0.0,0.03225806451612903,10.13,10.63,0.0,0.0,0.0,3.521505376344086,186.0,7.0,7.22806322324201,0.07526881720430108,0.6236559139784946,4.10752688172043,1.3010752688172043,0.7580645161290323,0.11827956989247312,0.043010752688172046,0.04838709677419355,0.021505376344086023,0.010752688172043012,0,Literal
0.5252525252525253,28.285714285714285,5.555555555555555,0.0,0.03535353535353535,14.27,13.54,0.0,0.0,0.0,4.01010101010101,198.0,7.0,15.011560171265018,0.14646464646464646,0.5858585858585859,4.742424242424242,1.595959595959596,0.7323232323232324,0.15151515151515152,0.04040404040404041,0.04040404040404041,0.010101010101010102,0.025252525252525252,1,Inferential
0.5423728813559322,19.666666666666668,6.214689265536723,0.0,0.096045197740113,12.08,10.35,0.0,0.0,0.0,2.9887005649717513,177.0,9.0,6.550845765770522,0.1016949152542373,0.4350282485875706,5.0508474576271185,1.694915254237288,0.519774011299435,0.14689265536723164,0.1807909604519774,0.05649717514124294,0.011299435028248588,0.0847457627118644,1,Inferential
0.5925925925925926,9.45,1.0582010582010581,0.0,0.015873015873015872,4.2,4.2,0.0,0.0,0.0,2.994708994708995,189.0,20.0,2.558808316384797,0.20105820105820105,0.544973544973545,4.3121693121693125,1.3650793650793651,0.7883597883597884,0.1164021164021164,0.021164021164021163,0.0582010582010582,0.0,0.015873015873015872,0,Literal
0.6229508196721312,20.333333333333332,0.0,0.0,0.0273224043715847,5.95,8.13,0.0,0.0,0.0,4.475409836065574,183.0,9.0,13.219887749098532,0.16939890710382513,0.5846994535519126,3.7650273224043715,1.1530054644808743,0.726775956284153,0.17486338797814208,0.04918032786885246,0.02185792349726776,0.01639344262295082,0.01092896174863388,0,Literal
0.6462585034013606,18.375,3.4013605442176873,0.0,0.02040816326530612,8.43,8.71,0.0,0.0,0.0,3.9523809523809526,147.0,8.0,8.902246907382429,0.1564625850340136,0.5850340136054422,4.3061224489795915,1.4285714285714286,0.673469387755102,0.17687074829931973,0.10204081632653061,0.027210884353741496,0.0,0.02040816326530612,0,Literal
0.6558441558441559,11.0,0.0,0.0,0.012987012987012988,4.18,4.4,0.0,0.0,0.0,2.9675324675324677,154.0,14.0,3.6735402487496542,0.15584415584415584,0.577922077922078,4.266233766233766,1.3116883116883118,0.7337662337662337,0.19480519480519481,0.03896103896103896,0.01948051948051948,0.0,0.012987012987012988,0,Literal
0.6477272727272727,25.142857142857142,20.454545454545457,0.0,0.017045454545454544,18.75,18.24,0.0,0.0,0.0,4.056818181818182,176.0,7.0,17.359347302692868,0.20454545454545456,0.4431818181818182,5.829545454545454,2.0795454545454546,0.5397727272727273,0.2556818181818182,0.08522727272727272,0.09090909090909091,0.0,0.017045454545454544,2,Evaluative
0.625,8.347826086956522,0.5208333333333333,0.0,0.026041666666666668,4.01,3.55,0.0,0.0,0.0,2.8697916666666665,192.0,23.0,2.760099173583283,0.2864583333333333,0.5416666666666666,4.192708333333333,1.3854166666666667,0.6979166666666666,0.125,0.078125,0.036458333333333336,0.0,0.026041666666666668,0,Literal
0.5965909090909091,29.333333333333332,0.5681818181818182,0.0,0.0625,10.33,11.96,0.0,0.0,0.0,3.8806818181818183,176.0,6.0,13.012814197295423,0.11931818181818182,0.6193181818181818,4.0397727272727275,1.2272727272727273,0.7272727272727273,0.13636363636363635,0.03977272727272727,0.03409090909090909,0.011363636363636364,0.05113636363636364,0,Literal
0.7150259067357513,32.166666666666664,5.699481865284974,0.0,0.06217616580310881,17.62,15.15,0.0,0.0,0.0,4.450777202072539,193.0,6.0,22.801681224564707,0.11917098445595854,0.41450777202072536,5.196891191709844,1.7512953367875648,0.5077720207253886,0.17098445595854922,0.16062176165803108,0.09844559585492228,0.010362694300518135,0.05181347150259067,2,Evaluative
0.61875,14.545454545454545,5.0,0.0,0.1,8.23,7.82,0.0,0.0,0.0,3.26875,160.0,11.0,3.8697812097805024,0.19375,0.5,4.49375,1.5375,0.58125,0.1875,0.08125,0.05,0.00625,0.09375,0,Literal
0.5549132947976878,15.727272727272727,8.670520231213873,0.0,0.046242774566473986,11.21,9.76,0.0,0.0,0.0,3.433526011560694,173.0,11.0,7.1223081039275975,0.2023121387283237,0.42196531791907516,5.23121387283237,1.7514450867052023,0.4797687861271676,0.23699421965317918,0.1329479768786127,0.09248554913294797,0.005780346820809248,0.04046242774566474,0,Literal
0.6875,20.571428571428573,0.6944444444444444,0.0,0.020833333333333332,8.9,8.51,0.0,0.0,0.0,4.111111111111111,144.0,7.0,13.812150817453508,0.125,0.5486111111111112,4.104166666666667,1.3958333333333333,0.6597222222222222,0.2013888888888889,0.0625,0.05555555555555555,0.0,0.020833333333333332,0,Literal
0.64,18.75,6.666666666666667,0.0,0.07333333333333333,10.21,10.17,0.0,0.0,0.0,4.473333333333334,150.0,8.0,8.302860952707807,0.17333333333333334,0.48,4.713333333333333,1.5666666666666667,0.5266666666666666,0.14666666666666667,0.12666666666666668,0.06,0.04,0.03333333333333333,0,Literal
0.5988372093023255,24.571428571428573,11.627906976744185,0.0,0.03488372093023256,15.88,14.48,0.0,0.0,0.0,4.075581395348837,172.0,7.0,13.967893213234648,0.1744186046511628,0.38953488372093026,5.488372093023256,1.8546511627906976,0.48255813953488375,0.19186046511627908,0.14534883720930233,0.13953488372093023,0.011627906976744186,0.023255813953488372,2,Evaluative
0.6071428571428571,24.5,1.0204081632653061,0.0,0.05612244897959184,10.22,10.21,0.0,0.0,0.0,4.142857142857143,196.0,8.0,16.64143924064262,0.14795918367346939,0.5867346938775511,4.188775510204081,1.3775510204081634,0.7653061224489796,0.11224489795918367,0.03571428571428571,0.030612244897959183,0.015306122448979591,0.04081632653061224,0,Literal
0.631578947368421,23.75,2.631578947368421,0.0,0.021052631578947368,10.57,10.55,0.0,0.0,0.0,3.442105263157895,190.0,8.0,11.03333018630368,0.08421052631578947,0.5578947368421052,4.515789473684211,1.431578947368421,0.7631578947368421,0.1631578947368421,0.031578947368421054,0.021052631578947368,0.0,0.021052631578947368,0,Literal
0.5655172413793104,9.666666666666666,0.6896551724137931,0.0,0.006896551724137931,5.92,4.14,0.0,0.0,0.0,2.9931034482758623,145.0,15.0,3.2998316455372216,0.2413793103448276,0.4689655172413793,4.572413793103448,1.5034482758620689,0.7241379310344828,0.13793103448275862,0.10344827586206896,0.027586206896551724,0.0,0.006896551724137931,0,Literal
0.6011560693641619,24.714285714285715,3.4682080924855487,0.0,0.023121387283236993,11.78,11.27,0.0,0.0,0.0,3.4508670520231215,173.0,7.0,6.430158534243942,0.10982658959537572,0.6184971098265896,4.456647398843931,1.5028901734104045,0.653179190751445,0.18497109826589594,0.06358381502890173,0.057803468208092484,0.005780346820809248,0.017341040462427744,0,Literal
0.6993464052287581,25.5,5.228758169934641,0.0,0.0392156862745098,12.09,12.29,0.0,0.0,0.0,4.241830065359477,153.0,6.0,14.522970311429637,0.1895424836601307,0.5882352941176471,4.555555555555555,1.5032679738562091,0.6797385620915033,0.16993464052287582,0.0392156862745098,0.0718954248366013,0.0,0.0392156862745098,1,Inferential
0.5818181818181818,41.25,6.0606060606060606,0.0,0.03636363636363636,18.95,18.92,0.0,0.0,0.0,5.0,165.0,4.0,8.437268515343103,0.10303030303030303,0.5454545454545454,4.696969696969697,1.5636363636363637,0.5636363636363636,0.1696969696969697,0.15757575757575756,0.06060606060606061,0.012121212121212121,0.024242424242424242,2,Evaluative
0.5698924731182796,26.571428571428573,8.60215053763441,0.0,0.05913978494623656,14.25,14.07,0.0,0.0,0.0,3.5591397849462365,186.0,7.0,12.033965536372964,0.13440860215053763,0.5913978494623656,4.946236559139785,1.6505376344086022,0.5806451612903226,0.14516129032258066,0.10752688172043011,0.10752688172043011,0.016129032258064516,0.043010752688172046,1,Inferential
0.6103896103896104,51.333333333333336,7.142857142857142,0.0,0.045454545454545456,23.05,23.39,0.0,0.0,0.0,4.64935064935065,154.0,3.0,35.97530016861877,0.12987012987012986,0.6168831168831169,4.590909090909091,1.577922077922078,0.6103896103896104,0.2077922077922078,0.09090909090909091,0.045454545454545456,0.012987012987012988,0.032467532467532464,2,Evaluative
0.6524390243902439,27.333333333333332,7.317073170731707,0.0,0.054878048780487805,16.3,13.86,0.0,0.0,0.0,4.060975609756097,164.0,6.0,6.618576550554926,0.12195121951219512,0.49390243902439024,5.286585365853658,1.798780487804878,0.524390243902439,0.18292682926829268,0.12195121951219512,0.11585365853658537,0.012195121951219513,0.042682926829268296,2,Evaluative
0.5736842105263158,27.142857142857142,1.5789473684210527,0.0,0.02631578947368421,11.64,11.49,0.0,0.0,0.0,3.163157894736842,190.0,7.0,8.8109393972053,0.11052631578947368,0.5526315789473685,4.468421052631579,1.4105263157894736,0.6052631578947368,0.24210526315789474,0.05789473684210526,0.06842105263157895,0.005263157894736842,0.021052631578947368,0,Literal
0.5204081632653061,28.0,5.1020408163265305,0.0,0.09183673469387756,13.15,13.24,0.0,0.0,0.0,3.066326530612245,196.0,7.0,10.552105892925365,0.08163265306122448,0.5663265306122449,4.530612244897959,1.510204081632653,0.5969387755102041,0.11224489795918367,0.09183673469387756,0.10714285714285714,0.02040816326530612,0.07142857142857142,1,Inferential
0.6067415730337079,22.25,5.617977528089887,0.0,0.02247191011235955,10.19,11.15,0.0,0.0,0.0,3.308988764044944,178.0,8.0,6.144102863722254,0.12921348314606743,0.5617977528089888,4.550561797752809,1.449438202247191,0.6966292134831461,0.12359550561797752,0.12921348314606743,0.028089887640449437,0.0,0.02247191011235955,0,Literal
0.5988700564971752,17.7,3.389830508474576,0.0,0.03389830508474576,8.25,8.44,0.0,0.0,0.0,3.5028248587570623,177.0,10.0,10.910545357588685,0.15819209039548024,0.559322033898305,4.163841807909605,1.4350282485875707,0.711864406779661,0.1694915254237288,0.03954802259887006,0.022598870056497175,0.0,0.03389830508474576,0,Literal
0.5828877005347594,18.7,0.0,0.0,0.0481283422459893,6.47,7.48,0.0,0.0,0.0,3.9946524064171123,187.0,10.0,16.805058762170393,0.17647058823529413,0.6310160427807486,3.828877005347594,1.2513368983957218,0.7593582887700535,0.10695187165775401,0.0427807486631016,0.0427807486631016,0.0053475935828877,0.0427807486631016,0,Literal
0.4973821989528796,13.642857142857142,3.664921465968586,0.0,0.005235602094240838,8.02,6.92,0.0,0.0,0.0,2.6282722513089007,191.0,14.0,5.495824017620384,0.13612565445026178,0.5497382198952879,4.460732984293194,1.549738219895288,0.6910994764397905,0.14659685863874344,0.031413612565445025,0.1256544502617801,0.005235602094240838,0.0,0,Literal
0.6829268292682927,12.615384615384615,5.487804878048781,0.0,0.06097560975609756,5.38,7.24,0.0,0.0,0.0,3.725609756097561,164.0,13.0,7.995560898576175,0.21951219512195122,0.6341463414634146,4.323170731707317,1.3597560975609757,0.6951219512195121,0.10975609756097561,0.07926829268292683,0.042682926829268296,0.0,0.06097560975609756,0,Literal
0.5959595959595959,16.5,0.5050505050505051,0.0,0.03535353535353535,5.92,6.8,0.0,0.0,0.0,3.606060606060606,198.0,12.0,5.340489990004039,0.18686868686868688,0.5454545454545454,4.045454545454546,1.2777777777777777,0.7222222222222222,0.11616161616161616,0.09595959595959595,0.030303030303030304,0.010101010101010102,0.025252525252525252,0,Literal
0.6593406593406593,16.545454545454547,1.098901098901099,0.0,0.06043956043956044,7.14,7.06,0.0,0.0,0.0,3.9725274725274726,182.0,11.0,28.11752196268928,0.34615384615384615,0.5494505494505495,4.4945054945054945,1.379120879120879,0.5879120879120879,0.2087912087912088,0.08791208791208792,0.027472527472527472,0.016483516483516484,0.04395604395604396,0,Literal
0.5489130434782609,23.0,0.5434782608695652,0.0,0.016304347826086956,8.39,9.42,0.0,0.0,0.0,3.733695652173913,184.0,8.0,13.152946437965905,0.15760869565217392,0.7119565217391305,3.7282608695652173,1.2717391304347827,0.6956521739130435,0.17391304347826086,0.02717391304347826,0.08695652173913043,0.016304347826086956,0.0,0,Literal
0.5697674418604651,14.333333333333334,8.13953488372093,0.0,0.05813953488372093,7.7,8.99,0.0,0.0,0.0,2.703488372093023,172.0,12.0,5.654398484562457,0.0755813953488372,0.6046511627906976,4.709302325581396,1.5,0.6337209302325582,0.14534883720930233,0.10465116279069768,0.05232558139534884,0.03488372093023256,0.023255813953488372,0,Literal
0.6736842105263158,23.75,3.684210526315789,0.0,0.04736842105263158,12.55,10.97,0.0,0.0,0.0,3.8473684210526318,190.0,8.0,17.46424919657298,0.17894736842105263,0.5421052631578948,4.705263157894737,1.6,0.6210526315789474,0.1368421052631579,0.07894736842105263,0.07894736842105263,0.005263157894736842,0.042105263157894736,1,Inferential
0.5882352941176471,21.25,0.0,0.0,0.047058823529411764,6.58,8.5,0.0,0.0,0.0,5.1647058823529415,170.0,8.0,9.967917284969815,0.21176470588235294,0.6352941176470588,3.929411764705882,1.1764705882352942,0.7705882352941177,0.1,0.029411764705882353,0.011764705882352941,0.0,0.047058823529411764,0,Literal
0.6193548387096774,19.375,25.161290322580644,0.0,0.05806451612903226,20.9,17.81,0.0,0.0,0.0,4.806451612903226,155.0,8.0,10.073945354229394,0.2064516129032258,0.3225806451612903,6.883870967741935,2.4516129032258065,0.43870967741935485,0.17419354838709677,0.21935483870967742,0.10967741935483871,0.012903225806451613,0.04516129032258064,2,Evaluative
0.6136363636363636,22.0,1.7045454545454544,0.0,0.028409090909090908,10.42,9.48,0.0,0.0,0.0,3.221590909090909,176.0,8.0,6.708203932499369,0.11931818181818182,0.5965909090909091,4.4375,1.4772727272727273,0.6931818181818182,0.1590909090909091,0.07386363636363637,0.045454545454545456,0.005681818181818182,0.022727272727272728,0,Literal
0.5355191256830601,14.076923076923077,1.092896174863388,0.0,0.00546448087431694,4.15,6.07,0.0,0.0,0.0,4.032786885245901,183.0,13.0,10.125835490402666,0.24043715846994534,0.6721311475409836,3.890710382513661,1.2076502732240437,0.7814207650273224,0.14754098360655737,0.01639344262295082,0.04918032786885246,0.0,0.00546448087431694,0,Literal
0.5523255813953488,28.666666666666668,0.5813953488372093,0.0,0.09883720930232558,8.76,11.7,0.0,0.0,0.0,3.941860465116279,172.0,6.0,11.572236891226634,0.19767441860465115,0.6511627906976745,3.616279069767442,1.1162790697674418,0.7034883720930233,0.1511627906976744,0.023255813953488372,0.023255813953488372,0.0,0.09883720930232558,0,Literal
0.6516129032258065,31.0,5.806451612903226,0.0,0.0967741935483871,16.9,14.72,0.0,0.0,0.0,3.1806451612903226,155.0,5.0,6.823488843692792,0.12258064516129032,0.4967741935483871,4.909677419354839,1.729032258064516,0.5741935483870968,0.14838709677419354,0.12258064516129032,0.03225806451612903,0.03225806451612903,0.06451612903225806,2,Evaluative
0.6325301204819277,27.666666666666668,1.2048192771084338,0.0,0.06626506024096386,11.62,11.55,0.0,0.0,0.0,4.5843373493975905,166.0,6.0,21.830152440043918,0.15060240963855423,0.608433734939759,4.253012048192771,1.391566265060241,0.6746987951807228,0.12650602409638553,0.10240963855421686,0.030120481927710843,0.012048192771084338,0.05421686746987952,0,Literal
0.58,6.25,0.6666666666666667,0.0,0.013333333333333334,1.48,2.77,0.0,0.0,0.0,2.12,150.0,24.0,2.277608394786075,0.19333333333333333,0.5533333333333333,3.6933333333333334,1.24,0.84,0.1,0.03333333333333333,0.013333333333333334,0.0,0.013333333333333334,0,Literal
0.6989247311827957,20.666666666666668,2.6881720430107525,0.0,0.0913978494623656,10.8,9.34,0.0,0.0,0.0,3.21505376344086,186.0,9.0,6.679617051195173,0.11290322580645161,0.46774193548387094,4.849462365591398,1.553763440860215,0.5698924731182796,0.17204301075268819,0.08064516129032258,0.08064516129032258,0.021505376344086023,0.06989247311827956,0,Literal
0.5519125683060109,18.3,5.46448087431694,0.0,0.0,11.21,9.51,0.0,0.0,0.0,2.9945355191256833,183.0,10.0,4.874423042781576,0.12021857923497267,0.4808743169398907,4.825136612021858,1.6666666666666667,0.7049180327868853,0.14754098360655737,0.12021857923497267,0.0273224043715847,0.0,0.0,0,Literal
0.4936708860759494,13.166666666666666,3.79746835443038,0.0,0.06962025316455696,8.81,6.79,0.0,0.0,0.0,3.0253164556962027,158.0,12.0,5.948856099191582,0.1518987341772152,0.5253164556962026,4.7405063291139244,1.6329113924050633,0.569620253164557,0.17088607594936708,0.16455696202531644,0.02531645569620253,0.0189873417721519,0.05063291139240506,0,Literal
0.6506024096385542,23.714285714285715,3.614457831325301,0.0,0.030120481927710843,10.01,10.93,0.0,0.0,0.0,4.006024096385542,166.0,7.0,12.032269536711752,0.12650602409638553,0.5963855421686747,4.319277108433735,1.3855421686746987,0.6325301204819277,0.1686746987951807,0.10843373493975904,0.05421686746987952,0.0,0.030120481927710843,0,Literal
0.6149425287356322,17.4,0.0,0.0,0.022988505747126436,5.51,6.96,0.0,0.0,0.0,3.7701149425287355,174.0,10.0,7.925276020429825,0.1724137931034483,0.632183908045977,3.9367816091954024,1.2126436781609196,0.8275862068965517,0.10919540229885058,0.022988505747126436,0.017241379310344827,0.017241379310344827,0.005747126436781609,0,Literal
0.6407185628742516,11.133333333333333,4.191616766467066,0.0,0.0658682634730539,5.14,6.13,0.0,0.0,0.0,3.8862275449101795,167.0,15.0,8.574898768433881,0.30538922155688625,0.5988023952095808,4.197604790419161,1.3892215568862276,0.6586826347305389,0.1497005988023952,0.0718562874251497,0.05389221556886228,0.0,0.0658682634730539,0,Literal
0.5561797752808989,19.77777777777778,1.1235955056179776,0.0,0.06179775280898876,7.7,8.36,0.0,0.0,0.0,3.162921348314607,178.0,9.0,10.2932316249053,0.08426966292134831,0.5561797752808989,4.157303370786517,1.3202247191011236,0.7303370786516854,0.0898876404494382,0.02247191011235955,0.07303370786516854,0.02247191011235955,0.03932584269662921,0,Literal
0.5942028985507246,17.25,5.797101449275362,0.0,0.007246376811594203,8.92,9.22,0.0,0.0,0.0,3.318840579710145,138.0,8.0,6.5383484153110105,0.13768115942028986,0.5289855072463768,4.579710144927536,1.5072463768115942,0.6739130434782609,0.17391304347826086,0.12318840579710146,0.014492753623188406,0.0,0.007246376811594203,0,Literal
0.46842105263157896,17.272727272727273,4.736842105263158,0.0,0.08421052631578947,10.9,8.8,0.0,0.0,0.0,3.473684210526316,190.0,11.0,7.174334420708675,0.15263157894736842,0.5,4.663157894736842,1.6736842105263159,0.5578947368421052,0.15263157894736842,0.1,0.08421052631578947,0.031578947368421054,0.05263157894736842,0,Literal
0.6303030303030303,33.0,2.4242424242424243,0.0,0.07878787878787878,12.94,14.17,0.0,0.0,0.0,4.527272727272727,165.0,5.0,23.36321895629966,0.18787878787878787,0.5757575757575758,4.260606060606061,1.3272727272727274,0.6909090909090909,0.13333333333333333,0.06060606060606061,0.03636363636363636,0.006060606060606061,0.07272727272727272,1,Inferential
0.7167630057803468,12.357142857142858,4.046242774566474,0.0,0.06936416184971098,6.55,6.56,0.0,0.0,0.0,3.6705202312138727,173.0,14.0,8.463908972929756,0.2543352601156069,0.5722543352601156,4.473988439306359,1.4682080924855492,0.6647398843930635,0.12138728323699421,0.06358381502890173,0.04046242774566474,0.0,0.06936416184971098,0,Literal
0.5816993464052288,17.0,1.9607843137254901,0.0,0.0196078431372549,7.62,7.58,0.0,0.0,0.0,3.2549019607843137,153.0,9.0,4.0824829046386295,0.16339869281045752,0.6274509803921569,4.189542483660131,1.4052287581699345,0.7581699346405228,0.13725490196078433,0.058823529411764705,0.026143790849673203,0.0,0.0196078431372549,0,Literal
0.541095890410959,11.23076923076923,4.794520547945205,0.0,0.0958904109589041,9.4,6.41,0.0,0.0,0.0,3.287671232876712,146.0,13.0,5.567232960837608,0.18493150684931506,0.5273972602739726,5.226027397260274,1.7465753424657535,0.589041095890411,0.18493150684931506,0.1095890410958904,0.02054794520547945,0.00684931506849315,0.08904109589041095,0,Literal
0.6123595505617978,22.25,3.932584269662921,0.0,0.05056179775280899,12.31,10.47,0.0,0.0,0.0,3.8820224719101124,178.0,8.0,9.614442261514705,0.1404494382022472,0.5,4.842696629213483,1.6292134831460674,0.550561797752809,0.21348314606741572,0.15168539325842698,0.033707865168539325,0.028089887640449437,0.02247191011235955,1,Inferential
0.5527638190954773,11.055555555555555,4.522613065326634,0.0,0.03015075376884422,8.17,6.23,0.0,0.0,0.0,2.9145728643216082,199.0,18.0,4.169628576880176,0.20100502512562815,0.4824120603015075,4.653266331658291,1.6482412060301508,0.5778894472361809,0.19597989949748743,0.11557788944723618,0.05527638190954774,0.0,0.03015075376884422,0,Literal
0.6275862068965518,9.0625,0.0,0.0,0.034482758620689655,3.33,3.62,0.0,0.0,0.0,2.779310344827586,145.0,16.0,4.588964343945157,0.2206896551724138,0.6,3.9448275862068964,1.303448275862069,0.7379310344827587,0.15862068965517243,0.041379310344827586,0.027586206896551724,0.0,0.034482758620689655,0,Literal
0.5111111111111111,30.0,0.5555555555555556,0.0,0.0,10.6,12.22,0.0,0.0,0.0,3.75,180.0,6.0,11.67618659209133,0.1111111111111111,0.6333333333333333,3.8777777777777778,1.2277777777777779,0.7722222222222223,0.17777777777777778,0.022222222222222223,0.027777777777777776,0.0,0.0,0,Literal
0.43157894736842106,9.047619047619047,0.0,0.0,0.08421052631578947,2.6,3.62,0.0,0.0,0.0,3.2,190.0,21.0,4.122830632745402,0.25263157894736843,0.5631578947368421,3.6578947368421053,1.2421052631578948,0.7578947368421053,0.12631578947368421,0.031578947368421054,0.0,0.021052631578947368,0.06315789473684211,0,Literal
0.5841584158415841,25.25,2.9702970297029703,0.0,0.06930693069306931,9.68,11.29,0.0,0.0,0.0,3.504950495049505,202.0,8.0,12.449899597988733,0.10396039603960396,0.599009900990099,4.133663366336633,1.306930693069307,0.7029702970297029,0.13366336633663367,0.06930693069306931,0.024752475247524754,0.009900990099009901,0.0594059405940594,0,Literal
0.5163043478260869,16.727272727272727,1.0869565217391304,0.0,0.005434782608695652,6.39,7.13,0.0,0.0,0.0,3.0489130434782608,184.0,11.0,11.291772767435809,0.14130434782608695,0.6413043478260869,4.130434782608695,1.309782608695652,0.8043478260869565,0.15217391304347827,0.03260869565217391,0.005434782608695652,0.005434782608695652,0.0,0,Literal
0.6185567010309279,17.636363636363637,5.154639175257731,0.0,0.04639175257731959,9.47,9.12,0.0,0.0,0.0,3.417525773195876,194.0,11.0,7.31578165044753,0.16494845360824742,0.5463917525773195,4.685567010309279,1.541237113402062,0.5824742268041238,0.26288659793814434,0.04639175257731959,0.061855670103092786,0.010309278350515464,0.03608247422680412,0,Literal
0.5542168674698795,27.666666666666668,7.228915662650602,0.0,0.024096385542168676,15.46,13.96,0.0,0.0,0.0,4.469879518072289,166.0,6.0,6.576473218982953,0.1746987951807229,0.6385542168674698,4.680722891566265,1.716867469879518,0.6144578313253012,0.1144578313253012,0.15060240963855423,0.09036144578313253,0.006024096385542169,0.018072289156626505,2,Evaluative
0.6282722513089005,38.2,6.282722513089005,0.0,0.02617801047120419,17.22,17.79,0.0,0.0,0.0,3.9424083769633507,191.0,5.0,23.523605165875406,0.10471204188481675,0.6492146596858639,4.429319371727749,1.5183246073298429,0.6701570680628273,0.19895287958115182,0.041884816753926704,0.06282722513089005,0.0,0.02617801047120419,2,Evaluative
0.5425531914893617,23.5,10.106382978723403,0.0,0.09042553191489362,15.04,13.44,0.0,0.0,0.0,3.5372340425531914,188.0,8.0,9.082951062292475,0.13829787234042554,0.42021276595744683,5.335106382978723,1.8191489361702127,0.4574468085106383,0.18617021276595744,0.1595744680851064,0.09574468085106383,0.010638297872340425,0.0797872340425532,2,Evaluative
0.4482758620689655,14.5,1.7241379310344827,0.0,0.08045977011494253,6.07,6.49,0.0,0.0,0.0,2.8850574712643677,174.0,12.0,5.038738819276991,0.10919540229885058,0.5747126436781609,4.011494252873563,1.3563218390804597,0.7298850574712644,0.1206896551724138,0.022988505747126436,0.04597701149425287,0.0,0.08045977011494253,0,Literal
0.5722543352601156,28.833333333333332,1.1560693641618496,0.0,0.017341040462427744,11.82,12.0,0.0,0.0,0.0,3.445086705202312,173.0,6.0,13.09474025027691,0.057803468208092484,0.6011560693641619,4.236994219653179,1.369942196531792,0.6358381502890174,0.2023121387283237,0.11560693641618497,0.028901734104046242,0.0,0.017341040462427744,0,Literal
0.6380368098159509,18.11111111111111,3.6809815950920246,0.0,0.03067484662576687,8.12,8.72,0.0,0.0,0.0,3.4294478527607364,163.0,9.0,6.279498289308797,0.13496932515337423,0.6503067484662577,4.386503067484663,1.4110429447852761,0.7668711656441718,0.1411042944785276,0.049079754601226995,0.012269938650306749,0.006134969325153374,0.024539877300613498,0,Literal
0.6632124352331606,19.3,1.5544041450777202,0.0,0.09326424870466321,8.14,8.34,0.0,0.0,0.0,3.8963730569948187,193.0,10.0,5.706137047074843,0.20207253886010362,0.49740932642487046,4.606217616580311,1.3730569948186528,0.6269430051813472,0.12435233160621761,0.09326424870466321,0.06217616580310881,0.015544041450777202,0.07772020725388601,0,Literal
0.615819209039548,29.5,0.5649717514124294,0.0,0.07344632768361582,11.65,12.03,0.0,0.0,0.0,4.192090395480226,177.0,6.0,9.956851354162565,0.11864406779661017,0.6101694915254238,4.214689265536723,1.3333333333333333,0.6497175141242938,0.192090395480226,0.05084745762711865,0.03389830508474576,0.01694915254237288,0.05649717514124294,0,Literal
0.6256983240223464,22.375,2.793296089385475,0.0,0.0223463687150838,10.54,10.07,0.0,0.0,0.0,3.9608938547486034,179.0,8.0,13.037805605238942,0.16759776536312848,0.6201117318435754,4.396648044692737,1.4748603351955307,0.6145251396648045,0.21787709497206703,0.11731843575418995,0.0223463687150838,0.0,0.0223463687150838,0,Literal
0.5810055865921788,14.916666666666666,2.2346368715083798,0.0,0.055865921787709494,5.79,6.86,0.0,0.0,0.0,2.7486033519553073,179.0,12.0,6.039223643997813,0.10614525139664804,0.5977653631284916,4.106145251396648,1.318435754189944,0.6312849162011173,0.19553072625698323,0.0782122905027933,0.03910614525139665,0.0223463687150838,0.0335195530726257,0,Literal
0.6460674157303371,12.714285714285714,3.932584269662921,0.0,0.033707865168539325,7.6,6.66,0.0,0.0,0.0,2.9831460674157304,178.0,14.0,4.69965261417028,0.1348314606741573,0.5168539325842697,4.584269662921348,1.5449438202247192,0.5898876404494382,0.15168539325842698,0.0898876404494382,0.12359550561797752,0.0,0.033707865168539325,0,Literal
0.5340909090909091,19.555555555555557,9.090909090909092,0.0,0.022727272727272728,12.89,11.46,0.0,0.0,0.0,4.159090909090909,176.0,9.0,5.185449728701348,0.13068181818181818,0.4772727272727273,5.551136363636363,1.7670454545454546,0.48863636363636365,0.17613636363636365,0.23295454545454544,0.07954545454545454,0.011363636363636364,0.011363636363636364,1,Inferential
0.5524861878453039,18.1,2.7624309392265194,0.0,0.11049723756906077,11.48,8.34,0.0,0.0,0.0,3.569060773480663,181.0,10.0,6.590902821313632,0.18232044198895028,0.46408839779005523,4.69060773480663,1.6961325966850829,0.5138121546961326,0.1270718232044199,0.143646408839779,0.08287292817679558,0.0055248618784530384,0.10497237569060773,0,Literal
0.7071823204419889,45.25,3.314917127071823,0.0,0.049723756906077346,18.62,19.43,0.0,0.0,0.0,5.265193370165746,181.0,4.0,25.20416632225712,0.1878453038674033,0.569060773480663,4.486187845303867,1.4033149171270718,0.6353591160220995,0.17679558011049723,0.10497237569060773,0.03314917127071823,0.016574585635359115,0.03314917127071823,2,Evaluative
0.6633165829145728,15.307692307692308,4.522613065326634,0.0,0.06532663316582915,8.64,7.93,0.0,0.0,0.0,3.221105527638191,199.0,13.0,6.856086140048367,0.1407035175879397,0.5628140703517588,4.728643216080402,1.5477386934673367,0.6482412060301508,0.18592964824120603,0.06532663316582915,0.035175879396984924,0.0,0.06532663316582915,0,Literal
0.518918918918919,20.555555555555557,4.864864864864865,0.0,0.06486486486486487,10.99,10.17,0.0,0.0,0.0,3.4864864864864864,185.0,9.0,8.301420375267933,0.15675675675675677,0.5243243243243243,4.702702702702703,1.572972972972973,0.6216216216216216,0.14054054054054055,0.08648648648648649,0.07567567567567568,0.005405405405405406,0.05945945945945946,0,Literal
0.6101694915254238,12.642857142857142,4.519774011299435,0.0,0.02824858757062147,5.87,6.87,0.0,0.0,0.0,3.542372881355932,177.0,14.0,12.970925100361333,0.1807909604519774,0.6101694915254238,4.259887005649717,1.4011299435028248,0.7231638418079096,0.14689265536723164,0.062146892655367235,0.03954802259887006,0.005649717514124294,0.022598870056497175,0,Literal
0.6011904761904762,21.0,3.571428571428571,0.0,0.023809523809523808,8.82,9.83,0.0,0.0,0.0,3.7797619047619047,168.0,8.0,9.447221813845593,0.1130952380952381,0.6488095238095238,4.244047619047619,1.375,0.7321428571428571,0.13095238095238096,0.06547619047619048,0.047619047619047616,0.0,0.023809523809523808,0,Literal
0.65,20.0,8.75,0.0,0.1,10.43,11.5,0.0,0.0,0.0,4.23125,160.0,8.0,8.440045912197398,0.21875,0.51875,4.75,1.54375,0.5625,0.13125,0.125,0.075,0.01875,0.08125,0,Literal
0.5860215053763441,20.666666666666668,0.5376344086021506,0.0,0.03763440860215054,7.57,8.48,0.0,0.0,0.0,4.182795698924731,186.0,9.0,6.394442031083626,0.1827956989247312,0.6182795698924731,4.075268817204301,1.2795698924731183,0.8172043010752689,0.07526881720430108,0.03763440860215054,0.03225806451612903,0.0,0.03763440860215054,0,Literal
0.5739644970414202,18.77777777777778,2.366863905325444,0.0,0.023668639053254437,7.58,8.46,0.0,0.0,0.0,3.2189349112426036,169.0,9.0,7.375300789011596,0.11242603550295859,0.5976331360946746,4.06508875739645,1.3431952662721893,0.6982248520710059,0.15384615384615385,0.08284023668639054,0.04142011834319527,0.0,0.023668639053254437,0,Literal
0.6928571428571428,15.555555555555555,2.142857142857143,0.0,0.007142857142857143,7.17,7.08,0.0,0.0,0.0,3.892857142857143,140.0,9.0,7.972173828734266,0.22857142857142856,0.5928571428571429,4.228571428571429,1.4142857142857144,0.7857142857142857,0.12857142857142856,0.02857142857142857,0.05,0.0,0.007142857142857143,0,Literal
0.4880952380952381,8.0,0.0,0.0,0.02976190476190476,3.47,3.2,0.0,0.0,0.0,2.6607142857142856,168.0,21.0,3.559026084010437,0.22023809523809523,0.5476190476190477,4.196428571428571,1.3511904761904763,0.8035714285714286,0.13690476190476192,0.017857142857142856,0.011904761904761904,0.0,0.02976190476190476,0,Literal
0.6341463414634146,23.428571428571427,14.02439024390244,0.0,0.12804878048780488,16.21,14.98,0.0,0.0,0.0,3.1890243902439024,164.0,7.0,7.925675146674398,0.1402439024390244,0.4634146341463415,5.737804878048781,1.920731707317073,0.42073170731707316,0.1524390243902439,0.16463414634146342,0.10365853658536585,0.03048780487804878,0.0975609756097561,2,Evaluative
0.5459770114942529,29.0,0.0,0.0,0.034482758620689655,10.1,11.6,0.0,0.0,0.0,4.988505747126437,174.0,6.0,14.11165790716629,0.2471264367816092,0.6666666666666666,3.7528735632183907,1.2183908045977012,0.7816091954022989,0.11494252873563218,0.028735632183908046,0.040229885057471264,0.0,0.034482758620689655,0,Literal
0.47715736040609136,14.071428571428571,0.0,0.0,0.030456852791878174,4.45,5.63,0.0,0.0,0.0,3.3908629441624365,197.0,14.0,5.297766183082474,0.14720812182741116,0.6345177664974619,3.715736040609137,1.233502538071066,0.7309644670050761,0.16243654822335024,0.05583756345177665,0.015228426395939087,0.0,0.030456852791878174,0,Literal
0.6866666666666666,21.428571428571427,3.3333333333333335,0.0,0.12,12.36,9.9,0.0,0.0,0.0,3.3933333333333335,150.0,7.0,8.903106543361647,0.12,0.47333333333333333,4.98,1.66,0.48,0.15333333333333332,0.12666666666666668,0.12,0.02,0.1,1,Inferential
0.6203208556149733,31.166666666666668,3.7433155080213902,0.0,0.058823529411764705,13.29,13.96,0.0,0.0,0.0,3.823529411764706,187.0,6.0,10.15573182438808,0.10160427807486631,0.6203208556149733,4.481283422459893,1.4171122994652405,0.6203208556149733,0.19786096256684493,0.0481283422459893,0.06951871657754011,0.0053475935828877,0.053475935828877004,1,Inferential
0.6402116402116402,27.0,2.6455026455026456,0.0,0.037037037037037035,10.3,11.86,0.0,0.0,0.0,4.08994708994709,189.0,7.0,3.989782869648269,0.1693121693121693,0.5661375661375662,4.3121693121693125,1.3015873015873016,0.7407407407407407,0.15343915343915343,0.026455026455026454,0.037037037037037035,0.005291005291005291,0.031746031746031744,0,Literal
0.6512820512820513,11.470588235294118,0.5128205128205128,0.0,0.046153846153846156,4.92,4.79,0.0,0.0,0.0,3.3435897435897437,195.0,17.0,8.359152620089644,0.2153846153846154,0.517948717948718,4.256410256410256,1.358974358974359,0.6615384615384615,0.15384615384615385,0.05128205128205128,0.07179487179487179,0.005128205128205128,0.041025641025641026,0,Literal
0.5428571428571428,25.0,3.428571428571429,0.0,0.045714285714285714,11.56,11.37,0.0,0.0,0.0,3.64,175.0,7.0,7.62380803664362,0.14285714285714285,0.5657142857142857,4.451428571428571,1.4742857142857142,0.6171428571428571,0.17142857142857143,0.10857142857142857,0.05714285714285714,0.0,0.045714285714285714,0,Literal
0.6114649681528662,26.166666666666668,5.7324840764331215,0.0,0.044585987261146494,13.71,12.76,0.0,0.0,0.0,3.910828025477707,157.0,6.0,7.295356209413097,0.1464968152866242,0.4585987261146497,4.987261146496815,1.6178343949044587,0.5159235668789809,0.17834394904458598,0.20382165605095542,0.05732484076433121,0.0,0.044585987261146494,1,Inferential
0.6139240506329114,15.8,1.89873417721519,0.0,0.012658227848101266,5.81,7.08,0.0,0.0,0.0,3.2658227848101267,158.0,10.0,14.480676779764128,0.12025316455696203,0.620253164556962,4.139240506329114,1.2911392405063291,0.7151898734177216,0.14556962025316456,0.08227848101265822,0.04430379746835443,0.0,0.012658227848101266,0,Literal
0.5679012345679012,23.142857142857142,8.641975308641975,0.0,0.08641975308641975,12.74,12.71,0.0,0.0,0.0,4.2592592592592595,162.0,7.0,5.986379097073418,0.2037037037037037,0.4876543209876543,4.901234567901234,1.6358024691358024,0.5061728395061729,0.24691358024691357,0.09876543209876543,0.06172839506172839,0.04938271604938271,0.037037037037037035,1,Inferential
0.6984924623115578,24.875,0.5025125628140703,0.0,0.05527638190954774,9.05,10.15,0.0,0.0,0.0,3.663316582914573,199.0,8.0,12.030560045151681,0.10552763819095477,0.5628140703517588,4.040201005025126,1.2663316582914572,0.6080402010050251,0.19597989949748743,0.07537688442211055,0.06532663316582915,0.01507537688442211,0.04020100502512563,0,Literal
0.6453900709219859,11.75,4.964539007092199,0.0,0.09929078014184398,8.99,6.69,0.0,0.0,0.0,3.297872340425532,141.0,12.0,5.082650227325635,0.22695035460992907,0.48936170212765956,4.950354609929078,1.6950354609929077,0.524822695035461,0.14893617021276595,0.09929078014184398,0.1276595744680851,0.06382978723404255,0.03546099290780142,0,Literal
0.6306818181818182,29.333333333333332,2.840909090909091,0.0,0.08522727272727272,12.21,12.87,0.0,0.0,0.0,4.068181818181818,176.0,6.0,10.43498389499902,0.1590909090909091,0.6022727272727273,4.403409090909091,1.3863636363636365,0.6647727272727273,0.18181818181818182,0.011363636363636364,0.056818181818181816,0.0,0.08522727272727272,1,Inferential
0.34615384615384615,11.375,2.7472527472527473,0.0,0.09340659340659341,5.9,5.65,0.0,0.0,0.0,2.478021978021978,182.0,16.0,3.7059917700933984,0.12087912087912088,0.4945054945054945,4.43956043956044,1.445054945054945,0.5824175824175825,0.14285714285714285,0.06043956043956044,0.1043956043956044,0.0,0.09340659340659341,0,Literal
0.6193548387096774,14.090909090909092,1.935483870967742,0.0,0.012903225806451613,7.42,6.41,0.0,0.0,0.0,2.7806451612903227,155.0,11.0,3.221826390303518,0.09032258064516129,0.567741935483871,4.619354838709677,1.4838709677419355,0.5612903225806452,0.2645161290322581,0.12258064516129032,0.03870967741935484,0.0,0.012903225806451613,0,Literal
0.5226130653266332,14.214285714285714,2.512562814070352,0.0,0.010050251256281407,3.71,6.69,0.0,0.0,0.0,3.0050251256281406,199.0,14.0,6.471680852856117,0.15577889447236182,0.6331658291457286,3.6030150753768844,1.1658291457286432,0.8341708542713567,0.08542713567839195,0.04020100502512563,0.03015075376884422,0.0,0.010050251256281407,0,Literal
0.5677083333333334,14.76923076923077,5.729166666666666,0.0,0.020833333333333332,7.32,8.2,0.0,0.0,0.0,3.296875,192.0,13.0,6.41374264174641,0.15104166666666666,0.4895833333333333,4.526041666666667,1.453125,0.6770833333333334,0.21354166666666666,0.036458333333333336,0.052083333333333336,0.005208333333333333,0.015625,0,Literal
0.5572916666666666,17.454545454545453,0.0,0.0,0.03125,5.41,6.98,0.0,0.0,0.0,4.255208333333333,192.0,11.0,14.852442267934052,0.20833333333333334,0.5625,3.8385416666666665,1.203125,0.7447916666666666,0.140625,0.046875,0.036458333333333336,0.0,0.03125,0,Literal
0.553763440860215,18.6,0.0,0.0,0.010752688172043012,6.19,7.44,0.0,0.0,0.0,4.967741935483871,186.0,10.0,15.765785740013088,0.24193548387096775,0.6021505376344086,3.7204301075268815,1.2311827956989247,0.7473118279569892,0.10752688172043011,0.04838709677419355,0.05913978494623656,0.0,0.010752688172043012,0,Literal
0.6938775510204082,21.0,2.0408163265306123,0.0,0.027210884353741496,8.09,9.22,0.0,0.0,0.0,3.925170068027211,147.0,7.0,8.305395344999217,0.12244897959183673,0.5374149659863946,4.163265306122449,1.3129251700680271,0.673469387755102,0.14285714285714285,0.07482993197278912,0.06802721088435375,0.006802721088435374,0.02040816326530612,0,Literal
0.6573426573426573,17.875,6.993006993006993,0.0,0.11188811188811189,10.61,9.95,0.0,0.0,0.0,3.3566433566433567,143.0,8.0,9.854408911751126,0.11888111888111888,0.5244755244755245,4.9020979020979025,1.6293706293706294,0.6013986013986014,0.1888111888111888,0.06293706293706294,0.03496503496503497,0.02097902097902098,0.09090909090909091,0,Literal
0.5175879396984925,22.11111111111111,0.0,0.0,0.005025125628140704,7.44,8.84,0.0,0.0,0.0,3.351758793969849,199.0,9.0,6.69991708074726,0.11557788944723618,0.6231155778894473,3.8442211055276383,1.221105527638191,0.8040201005025126,0.1507537688442211,0.01507537688442211,0.02512562814070352,0.0,0.005025125628140704,0,Literal
0.5481927710843374,13.833333333333334,1.8072289156626504,0.0,0.012048192771084338,6.87,6.26,0.0,0.0,0.0,2.608433734939759,166.0,12.0,4.4783429475148,0.10843373493975904,0.4879518072289157,4.843373493975903,1.4457831325301205,0.6445783132530121,0.1686746987951807,0.060240963855421686,0.09036144578313253,0.0,0.012048192771084338,0,Literal
0.6626506024096386,27.666666666666668,6.024096385542169,0.0,0.030120481927710843,12.97,13.48,0.0,0.0,0.0,3.7590361445783134,166.0,6.0,21.62303298696914,0.12048192771084337,0.5481927710843374,4.644578313253012,1.5060240963855422,0.6445783132530121,0.21084337349397592,0.08433734939759036,0.030120481927710843,0.006024096385542169,0.024096385542168676,1,Inferential
0.3389830508474576,8.045454545454545,7.909604519774012,0.0,0.03954802259887006,6.48,6.38,0.0,0.0,0.0,2.288135593220339,177.0,22.0,3.9167472590032015,0.14689265536723164,0.4915254237288136,4.576271186440678,1.6045197740112995,0.536723163841808,0.23728813559322035,0.12429378531073447,0.062146892655367235,0.03954802259887006,0.0,0,Literal
0.5555555555555556,16.2,2.4691358024691357,0.0,0.043209876543209874,7.41,7.47,0.0,0.0,0.0,3.240740740740741,162.0,10.0,10.469479452198184,0.12345679012345678,0.5864197530864198,4.1419753086419755,1.4135802469135803,0.6111111111111112,0.10493827160493827,0.15432098765432098,0.08024691358024691,0.006172839506172839,0.037037037037037035,0,Literal
0.7011494252873564,19.333333333333332,0.5747126436781609,0.0,0.07471264367816093,7.68,7.96,0.0,0.0,0.0,4.626436781609195,174.0,9.0,19.156921838358784,0.25287356321839083,0.5229885057471264,4.17816091954023,1.3333333333333333,0.6896551724137931,0.14367816091954022,0.040229885057471264,0.05172413793103448,0.011494252873563218,0.06321839080459771,0,Literal
0.4624277456647399,24.714285714285715,4.624277456647398,0.0,0.12716763005780346,11.78,11.74,0.0,0.0,0.0,3.7572254335260116,173.0,7.0,8.668497975016038,0.1676300578034682,0.4682080924855491,4.5606936416184976,1.5028901734104045,0.5086705202312138,0.14450867052023122,0.13872832369942195,0.07514450867052024,0.028901734104046242,0.09826589595375723,0,Literal
0.5254237288135594,14.75,2.2598870056497176,0.0,0.022598870056497175,6.43,6.8,0.0,0.0,0.0,2.694915254237288,177.0,12.0,6.080478782318233,0.11299435028248588,0.519774011299435,4.163841807909605,1.3785310734463276,0.6836158192090396,0.1807909604519774,0.07909604519774012,0.03389830508474576,0.011299435028248588,0.011299435028248588,0,Literal
0.6666666666666666,37.2,2.1505376344086025,0.0,0.04838709677419355,15.86,15.74,0.0,0.0,0.0,4.075268817204301,186.0,5.0,20.232646885664764,0.12365591397849462,0.532258064516129,4.532258064516129,1.435483870967742,0.6989247311827957,0.13440860215053763,0.043010752688172046,0.06989247311827956,0.021505376344086023,0.026881720430107527,2,Evaluative
0.5621890547263682,18.272727272727273,0.9950248756218906,0.0,0.029850746268656716,6.98,7.71,0.0,0.0,0.0,3.0646766169154227,201.0,11.0,10.004131377990754,0.11940298507462686,0.6368159203980099,4.069651741293533,1.308457711442786,0.7412935323383084,0.15920398009950248,0.04975124378109453,0.014925373134328358,0.009950248756218905,0.01990049751243781,0,Literal
0.6376811594202898,19.714285714285715,7.971014492753622,0.0,0.10869565217391304,13.56,11.07,0.0,0.0,0.0,3.5579710144927534,138.0,7.0,6.854166020511518,0.18115942028985507,0.45652173913043476,5.304347826086956,1.818840579710145,0.4782608695652174,0.11594202898550725,0.14492753623188406,0.12318840579710146,0.021739130434782608,0.08695652173913043,1,Inferential
0.5967741935483871,20.666666666666668,5.376344086021505,0.0,0.026881720430107527,8.9,10.42,0.0,0.0,0.0,3.543010752688172,186.0,9.0,6.208317797643997,0.11827956989247312,0.5967741935483871,4.338709677419355,1.39247311827957,0.6720430107526881,0.11290322580645161,0.10215053763440861,0.08602150537634409,0.0,0.026881720430107527,0,Literal
0.7005347593582888,31.166666666666668,6.951871657754011,0.0,0.0481283422459893,16.25,15.25,0.0,0.0,0.0,4.005347593582887,187.0,6.0,16.59735588044741,0.17647058823529413,0.5668449197860963,5.016042780748663,1.6684491978609626,0.5668449197860963,0.20320855614973263,0.10695187165775401,0.0748663101604278,0.0106951871657754,0.0374331550802139,2,Evaluative
0.5909090909090909,22.0,2.272727272727273,0.0,0.022727272727272728,8.41,9.71,0.0,0.0,0.0,3.602272727272727,176.0,8.0,15.596473960482221,0.11931818181818182,0.6647727272727273,4.136363636363637,1.3068181818181819,0.7159090909090909,0.18181818181818182,0.045454545454545456,0.03409090909090909,0.011363636363636364,0.011363636363636364,0,Literal
0.6190476190476191,28.0,1.7857142857142856,0.0,0.06547619047619048,10.5,11.91,0.0,0.0,0.0,3.8333333333333335,168.0,6.0,13.102162671355696,0.08333333333333333,0.6309523809523809,4.190476190476191,1.2857142857142858,0.7440476190476191,0.13095238095238096,0.047619047619047616,0.0,0.041666666666666664,0.023809523809523808,0,Literal
0.615819209039548,25.285714285714285,8.47457627118644,0.0,0.05649717514124294,13.67,13.5,0.0,0.0,0.0,3.1242937853107344,177.0,7.0,10.123724409443756,0.06779661016949153,0.4576271186440678,4.937853107344632,1.6440677966101696,0.5028248587570622,0.192090395480226,0.11864406779661017,0.11299435028248588,0.022598870056497175,0.03389830508474576,1,Inferential
0.6621621621621622,21.142857142857142,2.027027027027027,0.0,0.08108108108108109,8.52,9.27,0.0,0.0,0.0,3.6486486486486487,148.0,7.0,14.09153748075165,0.16216216216216217,0.5608108108108109,4.162162162162162,1.3445945945945945,0.6216216216216216,0.16216216216216217,0.08783783783783784,0.04054054054054054,0.013513513513513514,0.06756756756756757,0,Literal
0.5846153846153846,24.375,1.0256410256410255,0.0,0.041025641025641026,7.59,10.16,0.0,0.0,0.0,3.9025641025641025,195.0,8.0,9.45961812125627,0.13846153846153847,0.5743589743589743,3.6769230769230767,1.158974358974359,0.7025641025641025,0.15897435897435896,0.05128205128205128,0.046153846153846156,0.010256410256410256,0.03076923076923077,0,Literal
0.65625,40.0,3.75,0.0,0.01875,17.34,17.5,0.0,0.0,0.0,4.34375,160.0,4.0,8.860022573334675,0.09375,0.6125,4.35,1.46875,0.675,0.1625,0.08125,0.0625,0.0125,0.00625,2,Evaluative
0.5574712643678161,19.333333333333332,4.022988505747127,0.0,0.034482758620689655,10.12,9.34,0.0,0.0,0.0,3.3620689655172415,174.0,9.0,5.27280467453541,0.14367816091954022,0.5517241379310345,4.620689655172414,1.5402298850574712,0.5689655172413793,0.27586206896551724,0.09195402298850575,0.028735632183908046,0.005747126436781609,0.028735632183908046,0,Literal
0.6222222222222222,30.0,2.7777777777777777,0.0,0.07777777777777778,13.48,13.11,0.0,0.0,0.0,3.95,180.0,6.0,13.46291201783626,0.16666666666666666,0.6166666666666667,4.394444444444445,1.4722222222222223,0.65,0.11666666666666667,0.1,0.05,0.0,0.07777777777777778,1,Inferential
0.45161290322580644,6.642857142857143,0.5376344086021506,0.0,0.03763440860215054,1.91,2.87,0.0,0.0,0.0,2.9301075268817205,186.0,28.0,3.1420453497032526,0.2956989247311828,0.4838709677419355,4.139784946236559,1.2634408602150538,0.6935483870967742,0.15591397849462366,0.04838709677419355,0.053763440860215055,0.0,0.03763440860215054,0,Literal
0.6902173913043478,30.666666666666668,1.0869565217391304,0.0,0.059782608695652176,11.7,12.7,0.0,0.0,0.0,4.461956521739131,184.0,6.0,14.92667262170493,0.11956521739130435,0.5271739130434783,4.385869565217392,1.298913043478261,0.6847826086956522,0.13043478260869565,0.04891304347826087,0.07065217391304347,0.010869565217391304,0.04891304347826087,0,Literal
0.63125,16.0,1.875,0.0,0.03125,6.21,7.15,0.0,0.0,0.0,4.4625,160.0,10.0,10.099504938362077,0.16875,0.725,3.91875,1.31875,0.7625,0.125,0.0375,0.04375,0.01875,0.0125,0,Literal
0.6424242424242425,18.333333333333332,3.0303030303030303,0.0,0.05454545454545454,7.72,8.55,0.0,0.0,0.0,3.412121212121212,165.0,9.0,6.531972647421808,0.1393939393939394,0.5818181818181818,4.387878787878788,1.3696969696969696,0.6727272727272727,0.09090909090909091,0.12727272727272726,0.048484848484848485,0.012121212121212121,0.04242424242424243,0,Literal
0.6615384615384615,17.727272727272727,3.076923076923077,0.0,0.03076923076923077,8.45,8.32,0.0,0.0,0.0,3.0307692307692307,195.0,11.0,7.95545449351243,0.10256410256410256,0.5641025641025641,4.5025641025641026,1.4512820512820512,0.6461538461538462,0.19487179487179487,0.08717948717948718,0.041025641025641026,0.0,0.03076923076923077,0,Literal
0.6684782608695652,20.444444444444443,5.434782608695652,0.0,0.05434782608695652,11.69,10.35,0.0,0.0,0.0,4.005434782608695,184.0,9.0,12.347839317162704,0.1358695652173913,0.592391304347826,4.831521739130435,1.6358695652173914,0.5271739130434783,0.20108695652173914,0.09782608695652174,0.10326086956521739,0.016304347826086956,0.03804347826086957,0,Literal
0.5952380952380952,10.5,1.7857142857142856,0.0,0.047619047619047616,4.03,4.91,0.0,0.0,0.0,2.875,168.0,16.0,4.121210380458634,0.17857142857142858,0.6011904761904762,4.0476190476190474,1.3154761904761905,0.7916666666666666,0.08928571428571429,0.041666666666666664,0.02976190476190476,0.02976190476190476,0.017857142857142856,0,Literal
0.6031746031746031,31.5,1.0582010582010581,0.0,0.042328042328042326,11.8,13.02,0.0,0.0,0.0,4.021164021164021,189.0,6.0,13.696106502701172,0.14285714285714285,0.6666666666666666,4.042328042328043,1.2804232804232805,0.7301587301587301,0.14814814814814814,0.042328042328042326,0.031746031746031744,0.010582010582010581,0.031746031746031744,0,Literal
0.588957055214724,20.375,3.6809815950920246,0.0,0.018404907975460124,7.78,9.62,0.0,0.0,0.0,3.852760736196319,163.0,8.0,9.707439157676962,0.15337423312883436,0.6441717791411042,4.085889570552148,1.3067484662576687,0.6993865030674846,0.17177914110429449,0.06748466257668712,0.04294478527607362,0.0,0.018404907975460124,0,Literal
0.6622516556291391,30.2,5.298013245033113,0.0,0.013245033112582781,13.93,14.2,0.0,0.0,0.0,3.403973509933775,151.0,5.0,9.042123644365853,0.08609271523178808,0.6423841059602649,4.456953642384106,1.5033112582781456,0.6622516556291391,0.17880794701986755,0.09933774834437085,0.046357615894039736,0.006622516556291391,0.006622516556291391,1,Inferential
0.5638297872340425,26.857142857142858,1.5957446808510638,0.0,0.05319148936170213,11.02,11.38,0.0,0.0,0.0,3.845744680851064,188.0,7.0,9.021516230769683,0.12234042553191489,0.6329787234042553,4.175531914893617,1.3670212765957446,0.6542553191489362,0.13829787234042554,0.09042553191489362,0.05851063829787234,0.0,0.05319148936170213,0,Literal
0.6071428571428571,21.0,11.30952380952381,0.0,0.041666666666666664,15.99,12.92,0.0,0.0,0.0,3.369047619047619,168.0,8.0,8.738385148298283,0.09523809523809523,0.4523809523809524,5.404761904761905,1.9821428571428572,0.49404761904761907,0.20238095238095238,0.17261904761904762,0.05952380952380952,0.005952380952380952,0.03571428571428571,2,Evaluative
0.5757575757575758,18.333333333333332,0.0,0.0,0.024242424242424242,6.72,7.33,0.0,0.0,0.0,3.1636363636363636,165.0,9.0,8.385761006272537,0.12121212121212122,0.6727272727272727,4.03030303030303,1.284848484848485,0.7757575757575758,0.12727272727272726,0.04242424242424243,0.030303030303030304,0.0,0.024242424242424242,0,Literal
0.5852272727272727,19.555555555555557,2.272727272727273,0.0,0.022727272727272728,7.93,8.73,0.0,0.0,0.0,4.005681818181818,176.0,9.0,5.92754607482184,0.14204545454545456,0.6420454545454546,4.25,1.3465909090909092,0.6875,0.16477272727272727,0.08522727272727272,0.03977272727272727,0.0,0.022727272727272728,0,Literal
0.5699481865284974,27.571428571428573,2.072538860103627,0.0,0.05699481865284974,10.69,11.86,0.0,0.0,0.0,4.046632124352332,193.0,7.0,10.486142459144325,0.13989637305699482,0.6269430051813472,4.015544041450777,1.3160621761658031,0.7202072538860104,0.11398963730569948,0.06735751295336788,0.04145077720207254,0.010362694300518135,0.046632124352331605,0,Literal
0.4897959183673469,24.5,2.0408163265306123,0.0,0.061224489795918366,10.58,10.62,0.0,0.0,0.0,3.2244897959183674,196.0,8.0,8.48528137423857,0.12244897959183673,0.5918367346938775,4.224489795918367,1.4081632653061225,0.7397959183673469,0.12244897959183673,0.04591836734693878,0.025510204081632654,0.015306122448979591,0.04591836734693878,0,Literal
0.5857988165680473,18.77777777777778,5.325443786982249,0.0,0.05917159763313609,9.54,9.64,0.0,0.0,0.0,3.3254437869822486,169.0,9.0,6.4367770479823285,0.11242603550295859,0.5976331360946746,4.443786982248521,1.5088757396449703,0.6449704142011834,0.14792899408284024,0.09467455621301775,0.047337278106508875,0.005917159763313609,0.05325443786982249,0,Literal
0.6263736263736264,18.2,2.7472527472527473,0.0,0.038461538461538464,9.92,8.38,0.0,0.0,0.0,3.120879120879121,182.0,10.0,7.993122043357026,0.12637362637362637,0.532967032967033,4.642857142857143,1.5604395604395604,0.7637362637362637,0.13186813186813187,0.04945054945054945,0.016483516483516484,0.0,0.038461538461538464,0,Literal
0.612565445026178,19.1,3.664921465968586,0.0,0.04712041884816754,8.42,9.11,0.0,0.0,0.0,3.554973821989529,191.0,10.0,8.221921916437786,0.1256544502617801,0.5706806282722513,4.4136125654450264,1.4031413612565444,0.7120418848167539,0.13089005235602094,0.08376963350785341,0.005235602094240838,0.005235602094240838,0.041884816753926704,0,Literal
0.5661375661375662,18.9,1.5873015873015872,0.0,0.021164021164021163,7.45,8.19,0.0,0.0,0.0,3.3492063492063493,189.0,10.0,6.655073252789934,0.12169312169312169,0.6084656084656085,4.126984126984127,1.3280423280423281,0.6613756613756614,0.21693121693121692,0.06349206349206349,0.021164021164021163,0.0,0.021164021164021163,0,Literal
0.5411764705882353,21.25,2.941176470588235,0.0,0.023529411764705882,9.22,9.68,0.0,0.0,0.0,3.1941176470588237,170.0,8.0,9.068317098558033,0.12941176470588237,0.6,4.2176470588235295,1.4,0.6529411764705882,0.18235294117647058,0.09411764705882353,0.047058823529411764,0.011764705882352941,0.011764705882352941,0,Literal
0.47904191616766467,23.857142857142858,4.790419161676647,0.0,0.0,11.31,11.46,0.0,0.0,0.0,3.6407185628742513,167.0,7.0,14.744075254217906,0.10179640718562874,0.592814371257485,4.592814371257485,1.4910179640718564,0.6467065868263473,0.17365269461077845,0.1377245508982036,0.041916167664670656,0.0,0.0,0,Literal
0.6402116402116402,27.0,2.1164021164021163,0.0,0.037037037037037035,11.8,11.65,0.0,0.0,0.0,4.201058201058201,189.0,7.0,27.268131956702923,0.14814814814814814,0.6084656084656085,4.28042328042328,1.4285714285714286,0.6666666666666666,0.15343915343915343,0.09523809523809523,0.047619047619047616,0.005291005291005291,0.031746031746031744,0,Literal
0.6647398843930635,28.833333333333332,8.670520231213873,0.0,0.017341040462427744,14.21,15.0,0.0,0.0,0.0,3.7572254335260116,173.0,6.0,7.630348761506398,0.12138728323699421,0.5780346820809249,4.901734104046243,1.5722543352601157,0.630057803468208,0.23121387283236994,0.06358381502890173,0.057803468208092484,0.011560693641618497,0.005780346820809248,1,Inferential
0.6395939086294417,32.833333333333336,1.5228426395939088,0.0,0.1065989847715736,13.15,13.74,0.0,0.0,0.0,5.197969543147208,197.0,6.0,14.982397078646066,0.17766497461928935,0.4873096446700508,4.375634517766497,1.350253807106599,0.6040609137055838,0.13705583756345177,0.08629441624365482,0.06091370558375635,0.03553299492385787,0.07106598984771574,1,Inferential
0.655367231638418,22.125,3.389830508474576,0.0,0.022598870056497175,10.64,10.21,0.0,0.0,0.0,4.1525423728813555,177.0,8.0,9.393315442377094,0.13559322033898305,0.5141242937853108,4.677966101694915,1.4915254237288136,0.6101694915254238,0.1977401129943503,0.13559322033898305,0.03389830508474576,0.005649717514124294,0.01694915254237288,0,Literal
0.654054054054054,14.23076923076923,2.7027027027027026,0.0,0.03783783783783784,6.99,6.77,0.0,0.0,0.0,3.016216216216216,185.0,13.0,7.7810268408626415,0.15135135135135136,0.5351351351351351,4.481081081081081,1.4432432432432432,0.6648648648648648,0.15675675675675677,0.08648648648648649,0.04864864864864865,0.005405405405405406,0.032432432432432434,0,Literal
0.5818181818181818,27.5,2.4242424242424243,0.0,0.024242424242424242,11.73,11.97,0.0,0.0,0.0,4.387878787878788,165.0,6.0,11.20515754264774,0.13333333333333333,0.6303030303030303,4.33939393939394,1.406060606060606,0.6424242424242425,0.2,0.10303030303030303,0.030303030303030304,0.012121212121212121,0.012121212121212121,0,Literal
0.7172413793103448,36.25,0.6896551724137931,0.0,0.05517241379310345,14.34,14.78,0.0,0.0,0.0,4.724137931034483,145.0,4.0,9.013878188659973,0.18620689655172415,0.5655172413793104,4.289655172413793,1.3379310344827586,0.696551724137931,0.1310344827586207,0.05517241379310345,0.06206896551724138,0.0,0.05517241379310345,1,Inferential
0.5935828877005348,15.583333333333334,2.6737967914438503,0.0,0.0,6.83,7.3,0.0,0.0,0.0,3.064171122994652,187.0,12.0,6.896053621859067,0.12834224598930483,0.5561497326203209,4.470588235294118,1.3850267379679144,0.7593582887700535,0.1711229946524064,0.0481283422459893,0.0213903743315508,0.0,0.0,0,Literal
0.5337078651685393,16.181818181818183,2.247191011235955,0.0,0.011235955056179775,5.84,7.37,0.0,0.0,0.0,3.550561797752809,178.0,11.0,5.071391156720492,0.15168539325842698,0.7191011235955056,3.898876404494382,1.2808988764044944,0.7640449438202247,0.1797752808988764,0.028089887640449437,0.016853932584269662,0.0,0.011235955056179775,0,Literal
0.6933333333333334,25.0,2.666666666666667,0.0,0.04666666666666667,10.76,11.07,0.0,0.0,0.0,3.5,150.0,6.0,8.621678104251709,0.12,0.5466666666666666,4.54,1.4066666666666667,0.6533333333333333,0.16,0.08666666666666667,0.05333333333333334,0.0,0.04666666666666667,0,Literal
0.6571428571428571,15.555555555555555,6.428571428571428,0.0,0.02142857142857143,9.53,8.79,0.0,0.0,0.0,3.2785714285714285,140.0,9.0,5.370242654930921,0.15714285714285714,0.5428571428571428,4.878571428571429,1.6142857142857143,0.6571428571428571,0.15,0.07142857142857142,0.04285714285714286,0.02142857142857143,0.0,0,Literal
0.6529411764705882,28.333333333333332,7.0588235294117645,0.0,0.029411764705882353,12.6,14.16,0.0,0.0,0.0,3.5470588235294116,170.0,6.0,22.6642155537461,0.1,0.6529411764705882,4.235294117647059,1.4529411764705882,0.7058823529411765,0.12941176470588237,0.07647058823529412,0.058823529411764705,0.0058823529411764705,0.023529411764705882,1,Inferential
0.605,20.0,6.5,0.0,0.04,9.91,10.6,0.0,0.0,0.0,3.905,200.0,10.0,9.305912099305473,0.14,0.63,4.645,1.5,0.615,0.15,0.115,0.08,0.005,0.035,0,Literal
0.6589595375722543,21.625,1.1560693641618496,0.0,0.04046242774566474,8.74,9.11,0.0,0.0,0.0,3.7514450867052025,173.0,8.0,7.069962871189636,0.15028901734104047,0.6069364161849711,4.138728323699422,1.346820809248555,0.7225433526011561,0.13872832369942195,0.057803468208092484,0.028901734104046242,0.011560693641618497,0.028901734104046242,0,Literal
0.6436170212765957,18.8,4.25531914893617,0.0,0.047872340425531915,8.12,9.22,0.0,0.0,0.0,3.595744680851064,188.0,10.0,9.558242516278817,0.15425531914893617,0.6170212765957447,4.090425531914893,1.3882978723404256,0.6968085106382979,0.1702127659574468,0.06382978723404255,0.02127659574468085,0.015957446808510637,0.031914893617021274,0,Literal
0.5857988165680473,21.125,4.142011834319527,0.0,0.03550295857988166,8.71,10.11,0.0,0.0,0.0,3.633136094674556,169.0,8.0,10.499255926016852,0.17159763313609466,0.6449704142011834,4.331360946745562,1.3609467455621302,0.6331360946745562,0.1893491124260355,0.07100591715976332,0.0650887573964497,0.005917159763313609,0.029585798816568046,0,Literal
0.6756756756756757,18.5,1.3513513513513513,0.0,0.08783783783783784,7.81,7.94,0.0,0.0,0.0,3.5945945945945947,148.0,8.0,9.86154146165801,0.20270270270270271,0.6013513513513513,4.155405405405405,1.3716216216216217,0.6013513513513513,0.1554054054054054,0.08108108108108109,0.05405405405405406,0.033783783783783786,0.05405405405405406,0,Literal
0.57,18.181818181818183,7.5,0.0,0.045,8.43,10.27,0.0,0.0,0.0,3.03,200.0,11.0,5.177829405781144,0.135,0.56,4.665,1.435,0.545,0.24,0.105,0.04,0.015,0.03,0,Literal
0.625,20.571428571428573,9.027777777777777,0.0,0.041666666666666664,14.07,11.84,0.0,0.0,0.0,3.576388888888889,144.0,7.0,7.777518622180685,0.1736111111111111,0.5,5.104166666666667,1.8333333333333333,0.4652777777777778,0.16666666666666666,0.2638888888888889,0.0625,0.006944444444444444,0.034722222222222224,1,Inferential
0.5401069518716578,31.166666666666668,8.02139037433155,0.0,0.026737967914438502,16.06,15.68,0.0,0.0,0.0,3.272727272727273,187.0,6.0,12.320939718850813,0.11229946524064172,0.5721925133689839,4.561497326203209,1.6524064171122994,0.5401069518716578,0.20320855614973263,0.1443850267379679,0.0855614973262032,0.0,0.026737967914438502,2,Evaluative
0.6778523489932886,29.8,4.026845637583892,0.0,0.08053691275167785,12.27,13.53,0.0,0.0,0.0,4.9865771812080535,149.0,5.0,17.22324011328879,0.14093959731543623,0.47651006711409394,4.429530201342282,1.3758389261744965,0.610738255033557,0.1610738255033557,0.12080536912751678,0.026845637583892617,0.006711409395973154,0.0738255033557047,1,Inferential
0.5459770114942529,24.857142857142858,0.0,0.0,0.022988505747126436,7.67,9.94,0.0,0.0,0.0,4.304597701149425,174.0,7.0,10.09546271088843,0.19540229885057472,0.6609195402298851,3.6091954022988504,1.1494252873563218,0.7241379310344828,0.15517241379310345,0.040229885057471264,0.05747126436781609,0.011494252873563218,0.011494252873563218,0,Literal
0.5398773006134969,20.375,7.361963190184049,0.0,0.04294478527607362,13.13,11.09,0.0,0.0,0.0,3.6993865030674846,163.0,8.0,10.977249200050075,0.2392638036809816,0.4539877300613497,4.920245398773006,1.7607361963190185,0.4233128834355828,0.24539877300613497,0.2147239263803681,0.049079754601226995,0.006134969325153374,0.03680981595092025,1,Inferential
0.5645161290322581,11.625,0.0,0.0,0.005376344086021506,2.77,4.65,0.0,0.0,0.0,3.413978494623656,186.0,16.0,5.348773223833667,0.1935483870967742,0.6021505376344086,3.596774193548387,1.1720430107526882,0.7849462365591398,0.13440860215053763,0.04838709677419355,0.026881720430107527,0.0,0.005376344086021506,0,Literal
0.5872093023255814,11.466666666666667,2.9069767441860463,0.0,0.005813953488372093,4.59,5.75,0.0,0.0,0.0,2.7790697674418605,172.0,15.0,3.9810663004889646,0.13953488372093023,0.627906976744186,3.7674418604651163,1.3313953488372092,0.813953488372093,0.13953488372093023,0.029069767441860465,0.005813953488372093,0.0,0.005813953488372093,0,Literal
0.489010989010989,36.4,3.296703296703297,0.0,0.03296703296703297,18.32,15.88,0.0,0.0,0.0,4.351648351648351,182.0,5.0,21.490463001061656,0.16483516483516483,0.3901098901098901,4.6923076923076925,1.6703296703296704,0.5274725274725275,0.21978021978021978,0.17582417582417584,0.04395604395604396,0.0,0.03296703296703297,2,Evaluative
0.6496815286624203,19.625,1.910828025477707,0.0,0.050955414012738856,7.25,8.61,0.0,0.0,0.0,3.9936305732484074,157.0,8.0,9.959292143521045,0.22929936305732485,0.5159235668789809,4.10828025477707,1.286624203821656,0.7006369426751592,0.08917197452229299,0.09554140127388536,0.03821656050955414,0.0,0.050955414012738856,0,Literal
0.593939393939394,18.333333333333332,2.4242424242424243,0.0,0.03636363636363636,8.51,8.3,0.0,0.0,0.0,3.624242424242424,165.0,9.0,10.077477638553983,0.17575757575757575,0.5696969696969697,4.460606060606061,1.4363636363636363,0.6424242424242425,0.16363636363636364,0.05454545454545454,0.07878787878787878,0.0,0.03636363636363636,0,Literal
0.5494505494505495,22.75,3.296703296703297,0.0,0.04945054945054945,10.01,10.42,0.0,0.0,0.0,3.6153846153846154,182.0,8.0,7.999023377888078,0.12087912087912088,0.532967032967033,4.428571428571429,1.4175824175824177,0.5934065934065934,0.14285714285714285,0.16483516483516483,0.04945054945054945,0.016483516483516484,0.03296703296703297,0,Literal
0.6,15.833333333333334,4.2105263157894735,0.0,0.03684210526315789,9.09,8.02,0.0,0.0,0.0,3.336842105263158,190.0,12.0,6.087327455916558,0.14736842105263157,0.5052631578947369,4.6,1.568421052631579,0.6473684210526316,0.14210526315789473,0.08421052631578947,0.08421052631578947,0.0,0.03684210526315789,0,Literal
0.6601307189542484,17.0,1.3071895424836601,0.0,0.0392156862745098,8.08,7.32,0.0,0.0,0.0,2.803921568627451,153.0,9.0,8.459051693633013,0.10457516339869281,0.6013071895424836,4.444444444444445,1.4444444444444444,0.6274509803921569,0.19607843137254902,0.09803921568627451,0.0392156862745098,0.013071895424836602,0.026143790849673203,0,Literal
0.610738255033557,24.833333333333332,5.369127516778524,0.0,0.026845637583892617,13.26,12.08,0.0,0.0,0.0,3.7114093959731544,149.0,6.0,9.889669132764531,0.10738255033557047,0.5234899328859061,4.87248322147651,1.6241610738255035,0.5704697986577181,0.174496644295302,0.14093959731543623,0.0738255033557047,0.013422818791946308,0.013422818791946308,1,Inferential
0.625,40.0,0.625,0.0,0.025,15.87,16.25,0.0,0.0,0.0,4.2375,160.0,4.0,9.283722313813572,0.125,0.61875,4.1625,1.34375,0.74375,0.1125,0.05625,0.0625,0.0,0.025,2,Evaluative
0.6132596685082873,16.454545454545453,6.077348066298343,0.0,0.03314917127071823,7.45,9.01,0.0,0.0,0.0,3.2209944751381214,181.0,11.0,8.2110588600561,0.12154696132596685,0.6077348066298343,4.574585635359116,1.408839779005525,0.6906077348066298,0.16574585635359115,0.03314917127071823,0.07734806629834254,0.011049723756906077,0.022099447513812154,0,Literal
0.5384615384615384,8.478260869565217,1.5384615384615385,0.0,0.035897435897435895,4.72,4.01,0.0,0.0,0.0,3.076923076923077,195.0,23.0,3.4245858552200374,0.2717948717948718,0.5230769230769231,4.235897435897436,1.441025641025641,0.7076923076923077,0.15384615384615385,0.035897435897435895,0.020512820512820513,0.020512820512820513,0.015384615384615385,0,Literal
0.5959595959595959,18.0,7.07070707070707,0.0,0.015151515151515152,10.02,10.03,0.0,0.0,0.0,3.7525252525252526,198.0,11.0,3.6181361349331636,0.18686868686868688,0.4898989898989899,4.853535353535354,1.5757575757575757,0.5555555555555556,0.1919191919191919,0.16666666666666666,0.030303030303030304,0.0,0.015151515151515152,0,Literal
0.6040609137055838,16.416666666666668,5.0761421319796955,0.0,0.02030456852791878,8.06,8.6,0.0,0.0,0.0,3.1269035532994924,197.0,12.0,5.529592108726365,0.10152284263959391,0.5380710659898477,4.472081218274112,1.4619289340101522,0.7208121827411168,0.17258883248730963,0.07614213197969544,0.01015228426395939,0.0,0.02030456852791878,0,Literal
0.5297619047619048,28.0,7.738095238095238,0.0,0.08333333333333333,14.15,14.3,0.0,0.0,0.0,4.779761904761905,168.0,6.0,6.914156170897181,0.23809523809523808,0.4642857142857143,4.589285714285714,1.5952380952380953,0.5595238095238095,0.17857142857142858,0.13095238095238096,0.041666666666666664,0.005952380952380952,0.07738095238095238,1,Inferential
0.47674418604651164,13.23076923076923,2.3255813953488373,0.0,0.0,4.32,6.22,0.0,0.0,0.0,2.616279069767442,172.0,13.0,3.393345384632735,0.09883720930232558,0.5930232558139535,4.02906976744186,1.25,0.75,0.11627906976744186,0.11046511627906977,0.023255813953488372,0.0,0.0,0,Literal
0.6107784431137725,20.875,4.790419161676647,0.0,0.04790419161676647,8.1,10.27,0.0,0.0,0.0,4.580838323353293,167.0,8.0,9.551668702378658,0.15568862275449102,0.6646706586826348,4.065868263473054,1.3173652694610778,0.7125748502994012,0.18562874251497005,0.041916167664670656,0.011976047904191617,0.011976047904191617,0.03592814371257485,0,Literal
0.6614583333333334,16.0,0.5208333333333333,0.0,0.06770833333333333,6.94,6.61,0.0,0.0,0.0,3.7239583333333335,192.0,12.0,9.264628073124864,0.13020833333333334,0.6197916666666666,4.125,1.3802083333333333,0.65625,0.16145833333333334,0.078125,0.03125,0.005208333333333333,0.0625,0,Literal
0.5956284153005464,22.875,16.939890710382514,0.0,0.04371584699453552,17.38,15.93,0.0,0.0,0.0,3.628415300546448,183.0,8.0,8.56500875656295,0.13114754098360656,0.45901639344262296,5.939890710382514,2.0382513661202184,0.4918032786885246,0.16939890710382513,0.17486338797814208,0.12021857923497267,0.02185792349726776,0.02185792349726776,2,Evaluative
0.5956284153005464,26.142857142857142,5.46448087431694,0.0,0.03278688524590164,12.98,12.64,0.0,0.0,0.0,3.8743169398907105,183.0,7.0,15.486663123277317,0.1366120218579235,0.6010928961748634,4.704918032786885,1.5573770491803278,0.7049180327868853,0.09836065573770492,0.12021857923497267,0.03278688524590164,0.0,0.03278688524590164,1,Inferential
0.6111111111111112,15.23076923076923,0.5050505050505051,0.0,0.09595959595959595,7.33,6.29,0.0,0.0,0.0,2.893939393939394,198.0,13.0,5.876439770702855,0.13131313131313133,0.45454545454545453,4.636363636363637,1.4393939393939394,0.5909090909090909,0.18686868686868688,0.06565656565656566,0.045454545454545456,0.005050505050505051,0.09090909090909091,0,Literal
0.5058823529411764,24.285714285714285,2.941176470588235,0.0,0.023529411764705882,11.86,10.89,0.0,0.0,0.0,3.6882352941176473,170.0,7.0,8.530856358190638,0.12941176470588237,0.5176470588235295,4.270588235294118,1.5235294117647058,0.5294117647058824,0.18823529411764706,0.2235294117647059,0.03529411764705882,0.0,0.023529411764705882,0,Literal
0.6645962732919255,17.88888888888889,0.0,0.0,0.012422360248447204,5.68,7.16,0.0,0.0,0.0,3.459627329192547,161.0,9.0,6.956655929999346,0.16770186335403728,0.6211180124223602,3.987577639751553,1.2111801242236024,0.7391304347826086,0.18012422360248448,0.031055900621118012,0.037267080745341616,0.006211180124223602,0.006211180124223602,0,Literal
0.5510204081632653,15.076923076923077,2.0408163265306123,0.0,0.061224489795918366,6.67,6.85,0.0,0.0,0.0,3.760204081632653,196.0,13.0,7.043398856775136,0.17857142857142858,0.6173469387755102,4.408163265306122,1.3877551020408163,0.6530612244897959,0.19387755102040816,0.05612244897959184,0.03571428571428571,0.030612244897959183,0.030612244897959183,0,Literal
0.6203208556149733,18.7,4.27807486631016,0.0,0.0106951871657754,9.94,9.19,0.0,0.0,0.0,3.481283422459893,187.0,10.0,5.455272678794342,0.10695187165775401,0.5508021390374331,4.711229946524064,1.5454545454545454,0.6310160427807486,0.22459893048128343,0.09090909090909091,0.0427807486631016,0.0,0.0106951871657754,0,Literal
0.6462585034013606,21.0,3.4013605442176873,0.0,0.027210884353741496,8.41,9.76,0.0,0.0,0.0,5.312925170068027,147.0,7.0,15.889927498839237,0.19727891156462585,0.5918367346938775,4.108843537414966,1.3401360544217686,0.7755102040816326,0.1292517006802721,0.013605442176870748,0.027210884353741496,0.006802721088435374,0.02040816326530612,0,Literal
0.5796178343949044,15.7,7.006369426751593,0.0,0.08917197452229299,11.5,9.08,0.0,0.0,0.0,3.337579617834395,157.0,10.0,3.7429934544425802,0.14012738853503184,0.5286624203821656,5.388535031847134,1.7770700636942676,0.5668789808917197,0.10828025477707007,0.17834394904458598,0.05732484076433121,0.03184713375796178,0.05732484076433121,0,Literal
0.6333333333333333,13.846153846153847,1.6666666666666667,0.0,0.05555555555555555,5.08,6.21,0.0,0.0,0.0,3.5555555555555554,180.0,13.0,7.528250541328825,0.17777777777777778,0.4722222222222222,4.311111111111111,1.2944444444444445,0.6666666666666666,0.09444444444444444,0.11666666666666667,0.05,0.022222222222222223,0.03333333333333333,0,Literal
0.5773195876288659,13.857142857142858,4.123711340206185,0.0,0.07216494845360824,7.27,7.19,0.0,0.0,0.0,2.768041237113402,194.0,14.0,3.585685828003181,0.1134020618556701,0.520618556701031,4.597938144329897,1.4793814432989691,0.6030927835051546,0.2268041237113402,0.04639175257731959,0.04639175257731959,0.015463917525773196,0.05670103092783505,0,Literal
0.6073619631901841,23.285714285714285,3.067484662576687,0.0,0.0736196319018405,9.42,10.54,0.0,0.0,0.0,3.7484662576687118,163.0,7.0,11.686377906410035,0.13496932515337423,0.588957055214724,4.141104294478527,1.3496932515337423,0.7239263803680982,0.09815950920245399,0.04294478527607362,0.06134969325153374,0.012269938650306749,0.06134969325153374,0,Literal
0.5448717948717948,22.285714285714285,0.641025641025641,0.0,0.01282051282051282,7.4,9.17,0.0,0.0,0.0,3.4423076923076925,156.0,7.0,9.676396698214914,0.09615384615384616,0.6602564102564102,4.012820512820513,1.2115384615384615,0.7307692307692307,0.17307692307692307,0.02564102564102564,0.057692307692307696,0.0,0.01282051282051282,0,Literal
0.52,21.875,7.428571428571429,0.0,0.08571428571428572,14.18,11.72,0.0,0.0,0.0,3.4114285714285715,175.0,8.0,6.0711922222904455,0.12,0.45714285714285713,5.137142857142857,1.8,0.44571428571428573,0.2,0.16,0.10857142857142857,0.02857142857142857,0.05714285714285714,1,Inferential
0.6511627906976745,17.2,0.5813953488372093,0.0,0.06976744186046512,7.58,7.11,0.0,0.0,0.0,2.9593023255813953,172.0,10.0,6.013318551349164,0.10465116279069768,0.5930232558139535,4.377906976744186,1.3953488372093024,0.6337209302325582,0.1511627906976744,0.0755813953488372,0.046511627906976744,0.005813953488372093,0.06395348837209303,0,Literal
0.7132867132867133,28.6,1.3986013986013985,0.0,0.04895104895104895,12.56,12.0,0.0,0.0,0.0,3.727272727272727,143.0,5.0,12.601587201618692,0.15384615384615385,0.5034965034965035,4.874125874125874,1.4405594405594406,0.6223776223776224,0.15384615384615385,0.1048951048951049,0.06993006993006994,0.013986013986013986,0.03496503496503497,1,Inferential
0.6851851851851852,16.2,4.320987654320987,0.0,0.08024691358024691,11.71,8.21,0.0,0.0,0.0,3.4753086419753085,162.0,10.0,5.967411499134277,0.15432098765432098,0.4012345679012346,5.2592592592592595,1.7777777777777777,0.5061728395061729,0.21604938271604937,0.11728395061728394,0.08024691358024691,0.030864197530864196,0.04938271604938271,0,Literal
0.56,17.5,11.428571428571429,0.0,0.06857142857142857,12.07,11.57,0.0,0.0,0.0,2.9771428571428573,175.0,10.0,3.97994974842648,0.12,0.45714285714285713,5.371428571428571,1.7657142857142858,0.6285714285714286,0.1657142857142857,0.06857142857142857,0.06857142857142857,0.022857142857142857,0.045714285714285714,1,Inferential
0.5544041450777202,13.785714285714286,2.5906735751295336,0.0,0.06217616580310881,6.29,6.55,0.0,0.0,0.0,3.66839378238342,193.0,14.0,5.35142552055439,0.21761658031088082,0.6010362694300518,4.487046632124352,1.3989637305699483,0.7253886010362695,0.15544041450777202,0.04145077720207254,0.015544041450777202,0.0051813471502590676,0.05699481865284974,0,Literal
0.6075949367088608,17.555555555555557,5.063291139240507,0.0,0.06329113924050633,10.15,9.05,0.0,0.0,0.0,3.6392405063291138,158.0,9.0,7.760297817881877,0.1518987341772152,0.5316455696202531,4.753164556962025,1.6012658227848102,0.5253164556962026,0.24050632911392406,0.10126582278481013,0.06962025316455696,0.0,0.06329113924050633,0,Literal
0.631578947368421,27.142857142857142,3.1578947368421053,0.0,0.07894736842105263,11.45,12.12,0.0,0.0,0.0,5.578947368421052,190.0,7.0,18.006801436101405,0.18947368421052632,0.6578947368421053,4.347368421052631,1.394736842105263,0.7052631578947368,0.12631578947368421,0.06315789473684211,0.02631578947368421,0.015789473684210527,0.06315789473684211,0,Literal
0.5469613259668509,25.857142857142858,4.972375690607735,0.0,0.016574585635359115,13.86,12.33,0.0,0.0,0.0,3.7845303867403315,181.0,7.0,5.674864018868916,0.09392265193370165,0.48066298342541436,4.790055248618785,1.6408839779005524,0.5193370165745856,0.19337016574585636,0.20994475138121546,0.06077348066298342,0.011049723756906077,0.0055248618784530384,1,Inferential
0.6301369863013698,14.6,0.0,0.0,0.0547945205479452,5.62,5.84,0.0,0.0,0.0,3.6095890410958904,146.0,10.0,5.514526271584894,0.1506849315068493,0.5958904109589042,4.178082191780822,1.3150684931506849,0.7534246575342466,0.0684931506849315,0.04794520547945205,0.07534246575342465,0.02054794520547945,0.03424657534246575,0,Literal
0.5282051282051282,21.666666666666668,5.641025641025641,0.0,0.0,11.8,10.92,0.0,0.0,0.0,3.6717948717948716,195.0,9.0,8.820570794217485,0.13333333333333333,0.5435897435897435,4.61025641025641,1.6051282051282052,0.6205128205128205,0.13333333333333333,0.11794871794871795,0.1282051282051282,0.0,0.0,0,Literal
0.5988700564971752,16.09090909090909,1.1299435028248588,0.0,0.022598870056497175,6.35,6.89,0.0,0.0,0.0,3.7005649717514126,177.0,11.0,9.209230008821145,0.1638418079096045,0.5480225988700564,4.03954802259887,1.3276836158192091,0.6892655367231638,0.2033898305084746,0.05084745762711865,0.02824858757062147,0.011299435028248588,0.011299435028248588,0,Literal
0.6845637583892618,13.545454545454545,11.409395973154362,0.0,0.03355704697986577,9.1,9.98,0.0,0.0,0.0,2.966442953020134,149.0,11.0,6.155022138113003,0.12751677852348994,0.5100671140939598,4.9865771812080535,1.6442953020134228,0.5369127516778524,0.18791946308724833,0.1342281879194631,0.09395973154362416,0.006711409395973154,0.026845637583892617,0,Literal
0.615819209039548,22.125,3.389830508474576,0.0,0.05649717514124294,10.31,10.21,0.0,0.0,0.0,4.112994350282486,177.0,8.0,9.188987974744553,0.15819209039548024,0.5536723163841808,4.5423728813559325,1.463276836158192,0.6214689265536724,0.1694915254237288,0.07344632768361582,0.07909604519774012,0.005649717514124294,0.05084745762711865,0,Literal
0.6894409937888198,17.88888888888889,3.7267080745341614,0.0,0.08695652173913043,8.9,8.65,0.0,0.0,0.0,3.639751552795031,161.0,9.0,3.3591592128513277,0.19875776397515527,0.4968944099378882,4.6894409937888195,1.484472049689441,0.5900621118012422,0.19254658385093168,0.10559006211180125,0.024844720496894408,0.0,0.08695652173913043,0,Literal
0.5786163522012578,19.875,6.289308176100629,0.0,0.08176100628930817,11.01,10.47,0.0,0.0,0.0,3.6037735849056602,159.0,8.0,8.986100377805714,0.1509433962264151,0.559748427672956,4.660377358490566,1.5974842767295598,0.6729559748427673,0.11320754716981132,0.06918238993710692,0.06289308176100629,0.018867924528301886,0.06289308176100629,0,Literal
0.6190476190476191,15.75,0.0,0.0,0.05291005291005291,5.66,6.3,0.0,0.0,0.0,3.486772486772487,189.0,12.0,10.044346115546242,0.1746031746031746,0.6349206349206349,3.984126984126984,1.2804232804232805,0.7248677248677249,0.14285714285714285,0.047619047619047616,0.031746031746031744,0.010582010582010581,0.042328042328042326,0,Literal
0.608433734939759,9.222222222222221,0.6024096385542169,0.0,0.08433734939759036,3.79,3.93,0.0,0.0,0.0,3.3313253012048194,166.0,18.0,6.494061864978869,0.26506024096385544,0.6445783132530121,4.216867469879518,1.3373493975903614,0.6626506024096386,0.1686746987951807,0.04216867469879518,0.04216867469879518,0.006024096385542169,0.0783132530120482,0,Literal
0.6535947712418301,21.857142857142858,1.3071895424836601,0.0,0.0457516339869281,9.05,9.27,0.0,0.0,0.0,3.9673202614379086,153.0,7.0,15.018356115373056,0.1111111111111111,0.6601307189542484,4.196078431372549,1.3660130718954249,0.6928104575163399,0.17647058823529413,0.06535947712418301,0.0196078431372549,0.0,0.0457516339869281,0,Literal
0.5906432748538012,17.1,0.0,0.0,0.07017543859649122,5.71,6.84,0.0,0.0,0.0,3.912280701754386,171.0,10.0,7.416872656315465,0.17543859649122806,0.5730994152046783,3.953216374269006,1.239766081871345,0.7543859649122807,0.13450292397660818,0.029239766081871343,0.011695906432748537,0.029239766081871343,0.04093567251461988,0,Literal
0.6275862068965518,20.714285714285715,1.3793103448275863,0.0,0.034482758620689655,8.11,8.84,0.0,0.0,0.0,3.372413793103448,145.0,7.0,8.85944670497923,0.1310344827586207,0.593103448275862,4.089655172413793,1.3241379310344827,0.6758620689655173,0.1724137931034483,0.07586206896551724,0.034482758620689655,0.006896551724137931,0.027586206896551724,0,Literal
0.6737967914438503,20.77777777777778,3.2085561497326207,0.0,0.0374331550802139,8.54,9.59,0.0,0.0,0.0,4.459893048128342,187.0,9.0,9.708084959467902,0.18716577540106952,0.5989304812834224,4.342245989304812,1.358288770053476,0.7540106951871658,0.13368983957219252,0.0481283422459893,0.0213903743315508,0.0053475935828877,0.03208556149732621,0,Literal
0.6243386243386243,18.9,2.6455026455026456,0.0,0.06349206349206349,8.33,8.62,0.0,0.0,0.0,3.0423280423280423,189.0,10.0,6.518435395092905,0.10052910052910052,0.544973544973545,4.343915343915344,1.402116402116402,0.6507936507936508,0.12698412698412698,0.10582010582010581,0.042328042328042326,0.021164021164021163,0.042328042328042326,0,Literal
0.6421052631578947,47.5,7.368421052631578,0.0,0.05789473684210526,22.31,21.95,0.0,0.0,0.0,3.836842105263158,190.0,4.0,19.917015338649513,0.10526315789473684,0.5368421052631579,4.794736842105263,1.6421052631578947,0.5736842105263158,0.20526315789473684,0.09473684210526316,0.06842105263157895,0.021052631578947368,0.03684210526315789,2,Evaluative
0.6473988439306358,24.714285714285715,10.404624277456648,0.0,0.023121387283236993,13.22,14.05,0.0,0.0,0.0,4.109826589595376,173.0,7.0,8.715456595811226,0.12716763005780346,0.6069364161849711,4.757225433526012,1.6242774566473988,0.5953757225433526,0.1907514450867052,0.09826589595375723,0.09248554913294797,0.005780346820809248,0.017341040462427744,1,Inferential
0.5408163265306123,17.818181818181817,3.571428571428571,0.0,0.04081632653061224,8.76,8.56,0.0,0.0,0.0,3.1683673469387754,196.0,11.0,8.51542111079745,0.12755102040816327,0.4897959183673469,4.739795918367347,1.4744897959183674,0.5612244897959183,0.29081632653061223,0.07653061224489796,0.025510204081632654,0.00510204081632653,0.03571428571428571,0,Literal
0.4429530201342282,5.321428571428571,0.0,0.0,0.020134228187919462,0.0,2.13,0.0,0.0,0.0,2.0134228187919465,149.0,28.0,1.73315507979299,0.18791946308724833,0.6778523489932886,3.3087248322147653,1.1140939597315436,0.8523489932885906,0.06711409395973154,0.013422818791946308,0.026845637583892617,0.006711409395973154,0.013422818791946308,0,Literal
0.4221105527638191,9.045454545454545,2.512562814070352,0.0,0.005025125628140704,2.76,4.62,0.0,0.0,0.0,3.150753768844221,199.0,22.0,4.072940335335961,0.2613065326633166,0.5477386934673367,3.9145728643216082,1.256281407035176,0.7336683417085427,0.1306532663316583,0.06532663316582915,0.06532663316582915,0.0,0.005025125628140704,0,Literal
0.7016574585635359,20.11111111111111,6.629834254143646,0.0,0.055248618784530384,12.66,10.7,0.0,0.0,0.0,3.3259668508287294,181.0,9.0,8.406346808612328,0.15469613259668508,0.48066298342541436,5.18232044198895,1.729281767955801,0.56353591160221,0.13812154696132597,0.15469613259668508,0.0718232044198895,0.03314917127071823,0.022099447513812154,1,Inferential
0.5778894472361809,28.428571428571427,3.015075376884422,0.0,0.005025125628140704,11.09,12.58,0.0,0.0,0.0,4.28140703517588,199.0,7.0,11.120857403444894,0.1407035175879397,0.6080402010050251,4.241206030150754,1.321608040201005,0.8190954773869347,0.11557788944723618,0.04020100502512563,0.010050251256281407,0.005025125628140704,0.0,0,Literal
0.5865921787709497,19.88888888888889,2.793296089385475,0.0,0.027932960893854747,8.05,9.07,0.0,0.0,0.0,3.782122905027933,179.0,9.0,7.766658718800574,0.19553072625698323,0.553072625698324,4.195530726256983,1.3463687150837989,0.7486033519553073,0.1452513966480447,0.0335195530726257,0.0446927374301676,0.00558659217877095,0.0223463687150838,0,Literal
0.6822916666666666,24.0,3.125,0.0,0.041666666666666664,11.47,10.85,0.0,0.0,0.0,3.7760416666666665,192.0,8.0,9.297176990893526,0.140625,0.5520833333333334,4.427083333333333,1.5,0.6770833333333334,0.13020833333333334,0.08333333333333333,0.0625,0.015625,0.026041666666666668,0,Literal
0.6666666666666666,16.09090909090909,4.519774011299435,0.0,0.011299435028248588,8.22,8.24,0.0,0.0,0.0,2.830508474576271,177.0,11.0,6.48074069840786,0.11299435028248588,0.5480225988700564,4.5875706214689265,1.4858757062146892,0.6440677966101694,0.24858757062146894,0.062146892655367235,0.03389830508474576,0.005649717514124294,0.005649717514124294,0,Literal
0.5645161290322581,7.153846153846154,2.6881720430107525,0.0,0.0,2.55,3.94,0.0,0.0,0.0,3.010752688172043,186.0,26.0,6.377660716361271,0.24731182795698925,0.6827956989247311,3.967741935483871,1.3010752688172043,0.8172043010752689,0.12903225806451613,0.021505376344086023,0.005376344086021506,0.0,0.0,0,Literal
0.6647727272727273,17.6,1.7045454545454544,0.0,0.09090909090909091,7.03,7.72,0.0,0.0,0.0,3.2045454545454546,176.0,10.0,7.812809993849844,0.14204545454545456,0.5113636363636364,4.125,1.3352272727272727,0.6761363636363636,0.125,0.07954545454545454,0.028409090909090908,0.0,0.09090909090909091,0,Literal
0.5828877005347594,9.842105263157896,1.6042780748663104,0.0,0.0427807486631016,4.28,4.58,0.0,0.0,0.0,2.978609625668449,187.0,19.0,5.922397508084654,0.24064171122994651,0.6042780748663101,4.1550802139037435,1.358288770053476,0.679144385026738,0.1925133689839572,0.0481283422459893,0.03208556149732621,0.0,0.0427807486631016,0,Literal
0.572972972972973,30.833333333333332,1.6216216216216217,0.0,0.05945945945945946,11.87,12.98,0.0,0.0,0.0,5.010810810810811,185.0,6.0,21.01917114340039,0.12972972972972974,0.5567567567567567,4.410810810810811,1.308108108108108,0.6702702702702703,0.12432432432432433,0.08108108108108109,0.06486486486486487,0.005405405405405406,0.05405405405405406,0,Literal
0.7214285714285714,20.0,1.4285714285714286,0.0,0.05714285714285714,8.9,8.57,0.0,0.0,0.0,3.8142857142857145,140.0,7.0,16.492422502470642,0.17142857142857143,0.5571428571428572,4.442857142857143,1.4142857142857144,0.65,0.22142857142857142,0.02142857142857143,0.05,0.007142857142857143,0.05,0,Literal
0.5885416666666666,32.0,14.0625,0.0,0.078125,18.4,18.43,0.0,0.0,0.0,4.34375,192.0,6.0,18.408935028645434,0.125,0.5364583333333334,5.411458333333333,1.8229166666666667,0.5729166666666666,0.16145833333333334,0.09895833333333333,0.078125,0.010416666666666666,0.06770833333333333,2,Evaluative
0.5967741935483871,37.2,6.451612903225806,0.0,0.026881720430107527,18.33,17.46,0.0,0.0,0.0,4.026881720430108,186.0,5.0,11.320777358467925,0.10752688172043011,0.6182795698924731,4.758064516129032,1.6451612903225807,0.6021505376344086,0.15053763440860216,0.12903225806451613,0.0913978494623656,0.016129032258064516,0.010752688172043012,2,Evaluative
0.6892655367231638,19.666666666666668,2.2598870056497176,0.0,0.1016949152542373,8.75,8.77,0.0,0.0,0.0,3.5028248587570623,177.0,9.0,9.392668535736915,0.15254237288135594,0.4915254237288136,4.621468926553672,1.4124293785310735,0.672316384180791,0.12429378531073447,0.05084745762711865,0.022598870056497175,0.01694915254237288,0.0847457627118644,0,Literal
0.517948717948718,9.285714285714286,1.0256410256410255,0.0,0.015384615384615385,4.85,4.12,0.0,0.0,0.0,2.923076923076923,195.0,21.0,4.64084205354873,0.24102564102564103,0.6051282051282051,4.21025641025641,1.4256410256410257,0.7846153846153846,0.14871794871794872,0.035897435897435895,0.015384615384615385,0.0,0.015384615384615385,0,Literal
0.5808383233532934,33.4,6.58682634730539,0.0,0.04790419161676647,14.46,15.99,0.0,0.0,0.0,4.089820359281437,167.0,5.0,9.907572861200668,0.1437125748502994,0.6287425149700598,4.335329341317365,1.4431137724550898,0.7065868263473054,0.1317365269461078,0.059880239520958084,0.04790419161676647,0.011976047904191617,0.03592814371257485,1,Inferential
0.5888324873096447,13.133333333333333,1.5228426395939088,0.0,0.04060913705583756,4.99,5.86,0.0,0.0,0.0,2.8426395939086295,197.0,15.0,5.552176750308537,0.12690355329949238,0.5786802030456852,4.182741116751269,1.3096446700507614,0.7766497461928934,0.15736040609137056,0.01015228426395939,0.015228426395939087,0.0,0.04060913705583756,0,Literal
0.6185567010309279,27.714285714285715,1.5463917525773196,0.0,0.10824742268041238,10.73,11.7,0.0,0.0,0.0,3.6288659793814433,194.0,7.0,10.634944325962714,0.12371134020618557,0.5670103092783505,4.201030927835052,1.3144329896907216,0.6701030927835051,0.11855670103092783,0.05154639175257732,0.041237113402061855,0.015463917525773196,0.09278350515463918,0,Literal
0.5935483870967742,19.375,0.0,0.0,0.05161290322580645,8.03,7.75,0.0,0.0,0.0,3.696774193548387,155.0,8.0,8.602325267042627,0.15483870967741936,0.567741935483871,4.251612903225807,1.3612903225806452,0.6967741935483871,0.12258064516129032,0.07741935483870968,0.05161290322580645,0.012903225806451613,0.03870967741935484,0,Literal
0.5580110497237569,10.647058823529411,0.5524861878453038,0.0,0.03867403314917127,2.51,4.48,0.0,0.0,0.0,3.0331491712707184,181.0,17.0,4.886249331128279,0.2265193370165746,0.5966850828729282,3.4861878453038675,1.1823204419889504,0.7458563535911602,0.15469613259668508,0.016574585635359115,0.04419889502762431,0.0,0.03867403314917127,0,Literal
0.5672514619883041,21.375,17.543859649122805,0.0,0.029239766081871343,15.17,15.57,0.0,0.0,0.0,3.2982456140350878,171.0,8.0,8.73212459828649,0.14619883040935672,0.4444444444444444,5.485380116959064,1.9005847953216375,0.5614035087719298,0.18128654970760233,0.15204678362573099,0.07017543859649122,0.005847953216374269,0.023391812865497075,2,Evaluative
0.6684782608695652,18.4,9.782608695652174,0.0,0.016304347826086956,12.04,11.27,0.0,0.0,0.0,3.0706521739130435,184.0,10.0,6.119640512317697,0.10326086956521739,0.5108695652173914,4.994565217391305,1.733695652173913,0.6467391304347826,0.11956521739130435,0.08695652173913043,0.11956521739130435,0.0,0.016304347826086956,1,Inferential
0.6153846153846154,8.863636363636363,1.0256410256410255,0.0,0.010256410256410256,3.24,3.96,0.0,0.0,0.0,2.712820512820513,195.0,22.0,3.7934807061284226,0.2,0.5692307692307692,3.9794871794871796,1.3025641025641026,0.6974358974358974,0.20512820512820512,0.041025641025641026,0.005128205128205128,0.0,0.010256410256410256,0,Literal
0.5757575757575758,12.692307692307692,1.8181818181818181,0.0,0.012121212121212121,4.88,5.8,0.0,0.0,0.0,3.0484848484848484,165.0,13.0,6.0939391754887255,0.21818181818181817,0.5454545454545454,4.090909090909091,1.3151515151515152,0.7757575757575758,0.15757575757575756,0.012121212121212121,0.024242424242424242,0.0,0.012121212121212121,0,Literal
0.525974025974026,19.25,0.0,0.0,0.07142857142857142,7.55,7.7,0.0,0.0,0.0,3.090909090909091,154.0,8.0,6.827105902210687,0.09740259740259741,0.5844155844155844,4.0519480519480515,1.3246753246753247,0.7337662337662337,0.11038961038961038,0.032467532467532464,0.05194805194805195,0.0,0.07142857142857142,0,Literal
0.5121951219512195,13.666666666666666,10.365853658536585,0.0,0.054878048780487805,8.3,9.61,0.0,0.0,0.0,3.542682926829268,164.0,12.0,5.799904213768438,0.16463414634146342,0.4817073170731707,5.140243902439025,1.5731707317073171,0.4634146341463415,0.32926829268292684,0.13414634146341464,0.018292682926829267,0.018292682926829267,0.036585365853658534,0,Literal
0.5608465608465608,11.8125,0.0,0.0,0.06349206349206349,3.19,4.73,0.0,0.0,0.0,2.994708994708995,189.0,16.0,5.670303673525784,0.14814814814814814,0.5714285714285714,3.82010582010582,1.2010582010582012,0.7566137566137566,0.1693121693121693,0.005291005291005291,0.005291005291005291,0.010582010582010581,0.05291005291005291,0,Literal
0.6168831168831169,51.333333333333336,4.545454545454546,0.0,0.045454545454545456,21.9,22.35,0.0,0.0,0.0,4.733766233766234,154.0,3.0,6.377042156569663,0.13636363636363635,0.5194805194805194,4.467532467532467,1.4805194805194806,0.5909090909090909,0.2012987012987013,0.09740259740259741,0.045454545454545456,0.0,0.045454545454545456,2,Evaluative
0.7112676056338029,17.75,0.0,0.0,0.056338028169014086,6.62,7.1,0.0,0.0,0.0,3.232394366197183,142.0,8.0,3.179524335494226,0.08450704225352113,0.6690140845070423,4.014084507042254,1.295774647887324,0.6830985915492958,0.19014084507042253,0.04929577464788732,0.02112676056338028,0.014084507042253521,0.04225352112676056,0,Literal
0.5959595959595959,16.5,0.0,0.0,0.030303030303030304,5.09,6.6,0.0,0.0,0.0,3.803030303030303,198.0,12.0,11.01766258735894,0.2222222222222222,0.6161616161616161,3.823232323232323,1.207070707070707,0.7929292929292929,0.10606060606060606,0.03535353535353535,0.03535353535353535,0.005050505050505051,0.025252525252525252,0,Literal
0.6052631578947368,15.833333333333334,6.315789473684211,0.0,0.042105263157894736,9.71,8.86,0.0,0.0,0.0,3.2263157894736842,190.0,12.0,7.947746011710909,0.14210526315789473,0.48947368421052634,5.0,1.6210526315789473,0.4789473684210526,0.2631578947368421,0.13157894736842105,0.07894736842105263,0.005263157894736842,0.03684210526315789,0,Literal
0.6,32.0,0.625,0.0,0.0125,13.04,13.05,0.0,0.0,0.0,3.9625,160.0,5.0,14.065560778013793,0.13125,0.6375,4.2,1.36875,0.71875,0.16875,0.05625,0.0375,0.00625,0.00625,1,Inferential
0.6666666666666666,21.428571428571427,1.3333333333333335,0.0,0.06666666666666667,9.6,9.1,0.0,0.0,0.0,3.96,150.0,7.0,8.982977098435708,0.14,0.5666666666666667,4.3533333333333335,1.4266666666666667,0.6666666666666666,0.14666666666666667,0.08666666666666667,0.03333333333333333,0.02666666666666667,0.04,0,Literal
0.49,13.333333333333334,0.0,0.0,0.03,3.77,5.33,0.0,0.0,0.0,3.66,200.0,15.0,8.52186729667989,0.255,0.59,3.76,1.2,0.805,0.11,0.025,0.03,0.0,0.03,0,Literal
0.5359477124183006,19.125,1.3071895424836601,0.0,0.0392156862745098,8.06,8.17,0.0,0.0,0.0,3.816993464052288,153.0,8.0,9.252533436848527,0.1568627450980392,0.5686274509803921,4.169934640522876,1.3725490196078431,0.6535947712418301,0.16339869281045752,0.0784313725490196,0.06535947712418301,0.006535947712418301,0.032679738562091505,0,Literal
0.5804597701149425,29.0,2.2988505747126435,0.0,0.011494252873563218,10.57,12.52,0.0,0.0,0.0,3.942528735632184,174.0,6.0,21.830152440043918,0.10919540229885058,0.632183908045977,4.074712643678161,1.2586206896551724,0.7413793103448276,0.1839080459770115,0.034482758620689655,0.028735632183908046,0.0,0.011494252873563218,0,Literal
0.5695364238410596,25.166666666666668,9.271523178807946,0.0,0.006622516556291391,11.73,13.78,0.0,0.0,0.0,4.1655629139072845,151.0,6.0,15.952185499868731,0.10596026490066225,0.5960264900662252,4.456953642384106,1.4834437086092715,0.6688741721854304,0.1986754966887417,0.10596026490066225,0.019867549668874173,0.0,0.006622516556291391,0,Literal
0.5181347150259067,9.65,0.0,0.0,0.0051813471502590676,2.91,3.86,0.0,0.0,0.0,2.7875647668393784,193.0,20.0,3.837642505497353,0.21243523316062177,0.5751295336787565,3.7979274611398965,1.2487046632124352,0.8341968911917098,0.09844559585492228,0.015544041450777202,0.031088082901554404,0.0051813471502590676,0.0,0,Literal
0.5396825396825397,14.538461538461538,0.5291005291005291,0.0,0.031746031746031744,3.57,6.03,0.0,0.0,0.0,3.5767195767195767,189.0,13.0,7.007181438779528,0.24338624338624337,0.5925925925925926,3.761904761904762,1.1428571428571428,0.798941798941799,0.14814814814814814,0.015873015873015872,0.005291005291005291,0.0,0.031746031746031744,0,Literal
0.581081081081081,14.8,0.0,0.0,0.02027027027027027,7.08,5.92,0.0,0.0,0.0,3.1486486486486487,148.0,10.0,5.834380858325929,0.16891891891891891,0.5540540540540541,4.337837837837838,1.4324324324324325,0.6013513513513513,0.14864864864864866,0.22297297297297297,0.006756756756756757,0.0,0.02027027027027027,0,Literal
0.7666666666666667,12.0,5.555555555555555,0.0,0.08333333333333333,8.63,7.02,0.0,0.0,0.0,3.8333333333333335,180.0,15.0,9.38083151964686,0.29444444444444445,0.4222222222222222,4.938888888888889,1.6555555555555554,0.5722222222222222,0.19444444444444445,0.07222222222222222,0.05555555555555555,0.0,0.08333333333333333,0,Literal
0.6344827586206897,36.25,0.6896551724137931,0.0,0.04827586206896552,13.11,14.78,0.0,0.0,0.0,3.9379310344827587,145.0,4.0,2.947456530637899,0.15862068965517243,0.47586206896551725,4.165517241379311,1.2344827586206897,0.696551724137931,0.1310344827586207,0.07586206896551724,0.04827586206896552,0.0,0.04827586206896552,1,Inferential
0.6347305389221557,18.555555555555557,2.9940119760479043,0.0,0.04790419161676647,8.39,8.62,0.0,0.0,0.0,3.808383233532934,167.0,9.0,11.393088656540966,0.15568862275449102,0.49101796407185627,4.658682634730539,1.4191616766467066,0.6946107784431138,0.16167664670658682,0.05389221556886228,0.041916167664670656,0.011976047904191617,0.03592814371257485,0,Literal
0.6187845303867403,22.625,2.209944751381215,0.0,0.03867403314917127,9.27,9.93,0.0,0.0,0.0,4.121546961325967,181.0,8.0,14.726145965594664,0.11602209944751381,0.6408839779005525,4.138121546961326,1.3591160220994476,0.7237569060773481,0.14917127071823205,0.06077348066298342,0.027624309392265192,0.011049723756906077,0.027624309392265192,0,Literal
0.6228571428571429,21.875,2.857142857142857,0.0,0.005714285714285714,10.81,9.89,0.0,0.0,0.0,3.657142857142857,175.0,8.0,13.711309200802088,0.13714285714285715,0.5942857142857143,4.702857142857143,1.5142857142857142,0.7142857142857143,0.14857142857142858,0.07428571428571429,0.045714285714285714,0.0,0.005714285714285714,0,Literal
0.5149700598802395,7.9523809523809526,0.0,0.0,0.05389221556886228,4.47,3.18,0.0,0.0,0.0,2.7664670658682633,167.0,21.0,4.715488062162716,0.17964071856287425,0.5089820359281437,4.317365269461078,1.437125748502994,0.6586826347305389,0.20958083832335328,0.05389221556886228,0.023952095808383235,0.005988023952095809,0.04790419161676647,0,Literal
0.6892655367231638,25.285714285714285,2.824858757062147,0.0,0.03389830508474576,10.4,11.24,0.0,0.0,0.0,5.463276836158192,177.0,7.0,6.174337938564089,0.23163841807909605,0.519774011299435,4.299435028248587,1.3672316384180792,0.6271186440677966,0.1807909604519774,0.062146892655367235,0.06779661016949153,0.0,0.03389830508474576,0,Literal
0.6256684491978609,15.583333333333334,0.53475935828877,0.0,0.0213903743315508,5.95,6.45,0.0,0.0,0.0,3.390374331550802,187.0,12.0,9.699298370959049,0.1497326203208556,0.5935828877005348,4.032085561497326,1.3101604278074865,0.7593582887700535,0.15508021390374332,0.0374331550802139,0.026737967914438502,0.0053475935828877,0.016042780748663103,0,Literal
0.6308724832214765,9.933333333333334,0.6711409395973155,0.0,0.04697986577181208,4.12,4.24,0.0,0.0,0.0,2.8187919463087248,149.0,15.0,4.986203187017375,0.15436241610738255,0.5234899328859061,4.194630872483222,1.342281879194631,0.6778523489932886,0.14093959731543623,0.09395973154362416,0.040268456375838924,0.0,0.04697986577181208,0,Literal
0.5507246376811594,17.25,2.1739130434782608,0.0,0.08695652173913043,8.32,7.77,0.0,0.0,0.0,3.152173913043478,138.0,8.0,8.215838362577491,0.10144927536231885,0.5797101449275363,4.297101449275362,1.4565217391304348,0.6014492753623188,0.2246376811594203,0.050724637681159424,0.036231884057971016,0.0,0.08695652173913043,0,Literal
0.5333333333333333,10.714285714285714,4.666666666666667,0.0,0.08,7.08,6.15,0.0,0.0,0.0,3.3333333333333335,150.0,14.0,4.533323329320694,0.24,0.4066666666666667,4.926666666666667,1.5666666666666667,0.4266666666666667,0.25333333333333335,0.2,0.03333333333333333,0.02,0.06,0,Literal
0.632768361581921,19.666666666666668,2.824858757062147,0.0,0.05084745762711865,8.21,9.0,0.0,0.0,0.0,3.3728813559322033,177.0,9.0,9.274949668759648,0.10734463276836158,0.5932203389830508,4.293785310734464,1.3672316384180792,0.6892655367231638,0.15819209039548024,0.06779661016949153,0.022598870056497175,0.022598870056497175,0.02824858757062147,0,Literal
0.581151832460733,21.22222222222222,1.0471204188481675,0.0,0.02617801047120419,7.76,8.91,0.0,0.0,0.0,4.0890052356020945,191.0,9.0,11.873822228793374,0.2094240837696335,0.612565445026178,3.816753926701571,1.2774869109947644,0.7015706806282722,0.18324607329842932,0.05235602094240838,0.03664921465968586,0.0,0.02617801047120419,0,Literal
0.6558441558441559,30.8,1.2987012987012987,0.0,0.06493506493506493,12.36,12.84,0.0,0.0,0.0,3.8766233766233764,154.0,5.0,16.821414922651424,0.14285714285714285,0.5909090909090909,4.285714285714286,1.3506493506493507,0.6168831168831169,0.22727272727272727,0.032467532467532464,0.05844155844155844,0.0,0.06493506493506493,1,Inferential
0.5964912280701754,10.6875,3.508771929824561,0.0,0.06432748538011696,4.17,5.68,0.0,0.0,0.0,3.064327485380117,171.0,16.0,4.5065057139650895,0.25146198830409355,0.5555555555555556,3.9883040935672516,1.3216374269005848,0.6432748538011696,0.2046783625730994,0.029239766081871343,0.023391812865497075,0.023391812865497075,0.04093567251461988,0,Literal
0.5114942528735632,29.0,2.8735632183908044,0.0,0.040229885057471264,12.61,12.75,0.0,0.0,0.0,4.913793103448276,174.0,6.0,6.121455890735652,0.16666666666666666,0.5919540229885057,4.183908045977011,1.4310344827586208,0.6781609195402298,0.16091954022988506,0.05172413793103448,0.06321839080459771,0.011494252873563218,0.028735632183908046,1,Inferential
0.628140703517588,12.4375,0.0,0.0,0.02512562814070352,4.86,4.98,0.0,0.0,0.0,4.467336683417085,199.0,16.0,7.52469891424235,0.3316582914572864,0.592964824120603,4.115577889447236,1.321608040201005,0.678391959798995,0.18090452261306533,0.07035175879396985,0.04522613065326633,0.005025125628140704,0.020100502512562814,0,Literal
0.7027027027027027,24.666666666666668,2.7027027027027026,0.0,0.07432432432432433,11.73,10.95,0.0,0.0,0.0,3.527027027027027,148.0,6.0,11.789826122551595,0.10135135135135136,0.5540540540540541,4.47972972972973,1.5,0.6418918918918919,0.16891891891891891,0.06756756756756757,0.04054054054054054,0.006756756756756757,0.06756756756756757,0,Literal
0.5960264900662252,18.875,1.3245033112582782,0.0,0.013245033112582781,7.24,8.08,0.0,0.0,0.0,3.2119205298013247,151.0,8.0,5.873670062235365,0.1456953642384106,0.5695364238410596,3.9536423841059603,1.3112582781456954,0.7682119205298014,0.1390728476821192,0.06622516556291391,0.013245033112582781,0.013245033112582781,0.0,0,Literal
0.6794871794871795,31.2,1.9230769230769231,0.0,0.10256410256410256,13.07,13.25,0.0,0.0,0.0,3.8525641025641026,156.0,5.0,18.40652058374966,0.19230769230769232,0.44871794871794873,4.493589743589744,1.3974358974358974,0.5576923076923077,0.14102564102564102,0.10256410256410256,0.08974358974358974,0.00641025641025641,0.09615384615384616,1,Inferential
0.6470588235294118,42.5,1.7647058823529411,0.0,0.029411764705882353,16.26,17.71,0.0,0.0,0.0,4.405882352941177,170.0,4.0,24.124676163629637,0.12352941176470589,0.6176470588235294,4.023529411764706,1.2941176470588236,0.6764705882352942,0.12352941176470589,0.14705882352941177,0.023529411764705882,0.0,0.029411764705882353,2,Evaluative
0.6228571428571429,25.0,9.714285714285714,0.0,0.02857142857142857,12.7,13.89,0.0,0.0,0.0,3.4057142857142857,175.0,7.0,13.010200080031398,0.09714285714285714,0.5942857142857143,4.6971428571428575,1.5714285714285714,0.6114285714285714,0.26857142857142857,0.06285714285714286,0.02857142857142857,0.005714285714285714,0.022857142857142857,1,Inferential
0.48292682926829267,20.5,2.4390243902439024,0.0,0.0,7.89,9.18,0.0,0.0,0.0,3.078048780487805,205.0,10.0,4.5,0.11219512195121951,0.6097560975609756,4.248780487804878,1.3121951219512196,0.697560975609756,0.21951219512195122,0.06829268292682927,0.014634146341463415,0.0,0.0,0,Literal
0.47468354430379744,15.8,2.5316455696202533,0.0,0.16455696202531644,10.36,7.33,0.0,0.0,0.0,3.3987341772151898,158.0,10.0,8.371977066380438,0.14556962025316456,0.5253164556962026,4.651898734177215,1.6772151898734178,0.5443037974683544,0.1518987341772152,0.0759493670886076,0.06329113924050633,0.0,0.16455696202531644,0,Literal
0.6058823529411764,28.333333333333332,7.0588235294117645,0.0,0.08235294117647059,13.37,14.16,0.0,0.0,0.0,3.735294117647059,170.0,6.0,9.568466729604882,0.11764705882352941,0.6,4.6647058823529415,1.5176470588235293,0.6411764705882353,0.12941176470588237,0.1,0.047058823529411764,0.03529411764705882,0.047058823529411764,1,Inferential
0.56,6.25,0.0,0.0,0.05,1.77,2.5,0.0,0.0,0.0,2.48,200.0,32.0,3.191786333700926,0.275,0.585,3.85,1.265,0.695,0.18,0.03,0.035,0.0,0.05,0,Literal
0.3870967741935484,15.5,9.67741935483871,0.0,0.07096774193548387,10.25,10.07,0.0,0.0,0.0,2.903225806451613,155.0,10.0,4.031128874149275,0.10967741935483871,0.5032258064516129,4.858064516129033,1.6774193548387097,0.5290322580645161,0.2,0.18064516129032257,0.01935483870967742,0.0,0.07096774193548387,0,Literal
0.6069651741293532,16.75,0.9950248756218906,0.0,0.0845771144278607,6.79,7.1,0.0,0.0,0.0,3.7860696517412937,201.0,12.0,10.111530821569776,0.19900497512437812,0.5472636815920398,4.3283582089552235,1.3432835820895523,0.5920398009950248,0.19900497512437812,0.06965174129353234,0.029850746268656716,0.03980099502487562,0.04477611940298507,0,Literal
0.6096256684491979,23.375,2.13903743315508,0.0,0.026737967914438502,10.31,10.21,0.0,0.0,0.0,4.2994652406417115,187.0,8.0,11.35712881849986,0.13368983957219252,0.5882352941176471,4.320855614973262,1.4224598930481283,0.7112299465240641,0.16042780748663102,0.06417112299465241,0.0213903743315508,0.0106951871657754,0.016042780748663103,0,Literal
0.5058823529411764,12.142857142857142,1.7647058823529411,0.0,0.09411764705882353,4.0,5.56,0.0,0.0,0.0,4.805882352941176,170.0,14.0,9.739463170891035,0.31176470588235294,0.5588235294117647,3.8058823529411763,1.2588235294117647,0.6941176470588235,0.14705882352941177,0.058823529411764705,0.0,0.0058823529411764705,0.08823529411764706,0,Literal
0.5828220858895705,40.75,1.2269938650306749,0.0,0.012269938650306749,15.79,16.79,0.0,0.0,0.0,3.9263803680981595,163.0,4.0,12.007809958522827,0.07975460122699386,0.7055214723926381,4.030674846625767,1.312883435582822,0.7975460122699386,0.11042944785276074,0.0736196319018405,0.006134969325153374,0.0,0.012269938650306749,2,Evaluative
0.6753246753246753,30.8,2.5974025974025974,0.0,0.07142857142857142,12.67,13.36,0.0,0.0,0.0,4.1558441558441555,154.0,5.0,19.3597520645281,0.11688311688311688,0.5454545454545454,4.422077922077922,1.3766233766233766,0.6428571428571429,0.12987012987012986,0.08441558441558442,0.07142857142857142,0.0,0.07142857142857142,1,Inferential
0.6981132075471698,31.8,0.628930817610063,0.0,0.025157232704402517,12.77,12.97,0.0,0.0,0.0,4.188679245283019,159.0,5.0,12.155657119218196,0.15723270440251572,0.5471698113207547,4.20125786163522,1.3522012578616351,0.7169811320754716,0.1509433962264151,0.05660377358490566,0.050314465408805034,0.0,0.025157232704402517,1,Inferential
0.6219512195121951,27.333333333333332,5.487804878048781,0.0,0.0,11.69,13.13,0.0,0.0,0.0,3.5365853658536586,164.0,6.0,7.630348761506398,0.08536585365853659,0.6890243902439024,4.310975609756097,1.4085365853658536,0.6890243902439024,0.21341463414634146,0.06707317073170732,0.03048780487804878,0.0,0.0,0,Literal
0.6712328767123288,20.857142857142858,2.054794520547945,0.0,0.0273972602739726,7.25,9.16,0.0,0.0,0.0,3.904109589041096,146.0,7.0,9.129454462097405,0.14383561643835616,0.6027397260273972,4.232876712328767,1.2465753424657535,0.7328767123287672,0.136986301369863,0.06164383561643835,0.03424657534246575,0.0,0.0273972602739726,0,Literal
0.625,16.727272727272727,1.0869565217391304,0.0,0.043478260869565216,6.07,7.13,0.0,0.0,0.0,3.2934782608695654,184.0,11.0,7.061711449432164,0.1358695652173913,0.6032608695652174,4.043478260869565,1.2826086956521738,0.6902173913043478,0.11956521739130435,0.08695652173913043,0.059782608695652176,0.0,0.043478260869565216,0,Literal
0.5670103092783505,24.25,0.5154639175257731,0.0,0.0,8.83,9.91,0.0,0.0,0.0,3.515463917525773,194.0,8.0,11.94518731540029,0.13917525773195877,0.6701030927835051,3.8608247422680413,1.268041237113402,0.7422680412371134,0.17525773195876287,0.07731958762886598,0.005154639175257732,0.0,0.0,0,Literal
0.6357615894039735,25.166666666666668,3.3112582781456954,0.0,0.046357615894039736,12.35,11.39,0.0,0.0,0.0,3.4966887417218544,151.0,6.0,6.914156170897181,0.11920529801324503,0.5165562913907285,4.642384105960265,1.5364238410596027,0.6026490066225165,0.16556291390728478,0.1390728476821192,0.039735099337748346,0.026490066225165563,0.019867549668874173,1,Inferential
0.657608695652174,12.266666666666667,0.5434782608695652,0.0,0.043478260869565216,4.65,5.12,0.0,0.0,0.0,3.5380434782608696,184.0,15.0,8.284926070883193,0.21739130434782608,0.6086956521739131,4.211956521739131,1.309782608695652,0.7608695652173914,0.11956521739130435,0.05434782608695652,0.021739130434782608,0.0,0.043478260869565216,0,Literal
0.6486486486486487,24.666666666666668,2.027027027027027,0.0,0.05405405405405406,12.21,10.68,0.0,0.0,0.0,3.554054054054054,148.0,6.0,6.474308199851677,0.16216216216216217,0.5337837837837838,4.574324324324325,1.5405405405405406,0.6283783783783784,0.17567567567567569,0.0945945945945946,0.0472972972972973,0.013513513513513514,0.04054054054054054,1,Inferential
0.44607843137254904,17.0,2.941176470588235,0.0,0.004901960784313725,8.97,7.98,0.0,0.0,0.0,3.2941176470588234,204.0,12.0,6.98212002188447,0.1568627450980392,0.5343137254901961,4.421568627450981,1.5196078431372548,0.8235294117647058,0.0784313725490196,0.07352941176470588,0.014705882352941176,0.0,0.004901960784313725,0,Literal
0.5050505050505051,9.428571428571429,2.0202020202020203,0.0,0.11616161616161616,3.58,4.58,0.0,0.0,0.0,2.9646464646464645,198.0,21.0,4.624689730353899,0.20707070707070707,0.5757575757575758,4.095959595959596,1.3131313131313131,0.6111111111111112,0.17676767676767677,0.05555555555555555,0.020202020202020204,0.020202020202020204,0.09595959595959595,0,Literal
0.6091370558375635,32.833333333333336,3.5532994923857872,0.0,0.06091370558375635,15.48,14.55,0.0,0.0,0.0,4.106598984771574,197.0,6.0,17.426034163476974,0.09137055837563451,0.5989847715736041,4.532994923857868,1.5482233502538072,0.5989847715736041,0.16243654822335024,0.10152284263959391,0.06091370558375635,0.0,0.06091370558375635,2,Evaluative
0.5,19.25,1.948051948051948,0.0,0.025974025974025976,5.71,8.48,0.0,0.0,0.0,3.75974025974026,154.0,8.0,10.740548170368214,0.12337662337662338,0.6883116883116883,3.9025974025974026,1.1688311688311688,0.7922077922077922,0.14935064935064934,0.025974025974025976,0.006493506493506494,0.012987012987012988,0.012987012987012988,0,Literal
0.5384615384615384,11.375,0.5494505494505495,0.0,0.08791208791208792,2.27,4.77,0.0,0.0,0.0,3.7857142857142856,182.0,16.0,10.275691886680915,0.21428571428571427,0.5824175824175825,3.5274725274725274,1.1373626373626373,0.7582417582417582,0.10989010989010989,0.01098901098901099,0.03296703296703297,0.0,0.08791208791208792,0,Literal
0.6291390728476821,16.77777777777778,2.6490066225165565,0.0,0.059602649006622516,7.13,7.77,0.0,0.0,0.0,3.0596026490066226,151.0,9.0,6.494061864978869,0.13245033112582782,0.5364238410596026,4.3509933774834435,1.3708609271523178,0.695364238410596,0.10596026490066225,0.09271523178807947,0.046357615894039736,0.006622516556291391,0.052980132450331126,0,Literal
0.6210526315789474,31.666666666666668,3.684210526315789,0.0,0.021052631578947368,12.72,14.14,0.0,0.0,0.0,4.036842105263158,190.0,6.0,17.36535503684147,0.1,0.6157894736842106,4.342105263157895,1.3526315789473684,0.7368421052631579,0.12105263157894737,0.06315789473684211,0.05789473684210526,0.005263157894736842,0.015789473684210527,1,Inferential
0.631578947368421,21.375,5.263157894736842,0.0,0.09941520467836257,11.79,10.66,0.0,0.0,0.0,4.187134502923977,171.0,8.0,12.83488897497754,0.21637426900584794,0.47953216374269003,4.906432748538012,1.6140350877192982,0.5087719298245614,0.21637426900584794,0.08771929824561403,0.04678362573099415,0.011695906432748537,0.08771929824561403,0,Literal
0.505,16.666666666666668,7.000000000000001,0.0,0.085,9.26,9.47,0.0,0.0,0.0,2.895,200.0,12.0,6.599663291074443,0.11,0.555,4.57,1.555,0.7,0.105,0.095,0.005,0.0,0.085,0,Literal
0.5778894472361809,9.95,2.0100502512562812,0.0,0.04020100502512563,3.89,4.78,0.0,0.0,0.0,2.9346733668341707,199.0,20.0,4.527692569068709,0.23115577889447236,0.6130653266331658,4.010050251256281,1.321608040201005,0.7336683417085427,0.12060301507537688,0.05025125628140704,0.02512562814070352,0.010050251256281407,0.03015075376884422,0,Literal
0.54421768707483,29.4,4.761904761904762,0.0,0.05442176870748299,13.38,13.66,0.0,0.0,0.0,4.040816326530612,147.0,5.0,10.32666451474047,0.14965986394557823,0.54421768707483,4.591836734693878,1.4829931972789117,0.5782312925170068,0.1360544217687075,0.16326530612244897,0.06802721088435375,0.006802721088435374,0.047619047619047616,1,Inferential
0.5654450261780105,23.875,0.5235602094240838,0.0,0.03664921465968586,8.3,9.76,0.0,0.0,0.0,4.335078534031414,191.0,8.0,12.93010054098575,0.14659685863874344,0.5759162303664922,3.8219895287958114,1.2356020942408377,0.7382198952879581,0.17277486910994763,0.03664921465968586,0.015706806282722512,0.020942408376963352,0.015706806282722512,0,Literal
0.6867469879518072,11.857142857142858,0.6024096385542169,0.0,0.0,4.03,4.98,0.0,0.0,0.0,4.4156626506024095,166.0,14.0,12.888849792731383,0.2891566265060241,0.6626506024096386,4.168674698795181,1.2710843373493976,0.7409638554216867,0.1746987951807229,0.05421686746987952,0.030120481927710843,0.0,0.0,0,Literal
0.7134831460674157,29.666666666666668,1.1235955056179776,0.0,0.02247191011235955,12.22,12.32,0.0,0.0,0.0,4.387640449438202,178.0,6.0,8.919392106839767,0.17415730337078653,0.5561797752808989,4.337078651685394,1.3764044943820224,0.6797752808988764,0.21348314606741572,0.05056179775280899,0.033707865168539325,0.0,0.02247191011235955,1,Inferential
0.69375,12.307692307692308,0.0,0.0,0.025,3.67,4.92,0.0,0.0,0.0,3.11875,160.0,13.0,8.965416790359056,0.19375,0.55625,3.89375,1.225,0.8,0.1375,0.0125,0.025,0.0,0.025,0,Literal
0.5294117647058824,42.5,4.117647058823529,0.0,0.11176470588235295,19.31,18.65,0.0,0.0,0.0,4.841176470588235,170.0,4.0,17.64227876437735,0.10588235294117647,0.5705882352941176,4.705882352941177,1.5529411764705883,0.5705882352941176,0.17058823529411765,0.07058823529411765,0.07647058823529412,0.023529411764705882,0.08823529411764706,2,Evaluative
0.6748466257668712,27.166666666666668,4.9079754601226995,0.0,0.03067484662576687,13.32,12.83,0.0,0.0,0.0,3.558282208588957,163.0,6.0,14.39907404430345,0.1165644171779141,0.6134969325153374,4.7607361963190185,1.5521472392638036,0.6503067484662577,0.17177914110429449,0.1165644171779141,0.03067484662576687,0.018404907975460124,0.012269938650306749,1,Inferential
0.6132596685082873,36.2,6.629834254143646,0.0,0.06629834254143646,17.56,17.13,0.0,0.0,0.0,3.9502762430939224,181.0,5.0,5.276362383309167,0.13259668508287292,0.5524861878453039,4.878453038674033,1.6132596685082874,0.5580110497237569,0.17679558011049723,0.11602209944751381,0.07734806629834254,0.016574585635359115,0.049723756906077346,2,Evaluative
0.593103448275862,12.083333333333334,11.03448275862069,0.0,0.08275862068965517,9.3,9.25,0.0,0.0,0.0,2.6344827586206896,145.0,12.0,2.722080495176846,0.2,0.5172413793103449,5.055172413793104,1.710344827586207,0.5793103448275863,0.18620689655172415,0.12413793103448276,0.027586206896551724,0.0,0.08275862068965517,0,Literal
0.6479591836734694,32.666666666666664,1.0204081632653061,0.0,0.015306122448979591,12.5,13.47,0.0,0.0,0.0,3.877551020408163,196.0,6.0,8.881941729649485,0.10204081632653061,0.6071428571428571,4.076530612244898,1.3010204081632653,0.7295918367346939,0.16326530612244897,0.061224489795918366,0.030612244897959183,0.0,0.015306122448979591,1,Inferential
0.625,21.0,1.7857142857142856,0.0,0.05357142857142857,8.75,9.11,0.0,0.0,0.0,4.505952380952381,168.0,8.0,11.45030021440486,0.16071428571428573,0.6369047619047619,4.083333333333333,1.369047619047619,0.7440476190476191,0.14285714285714285,0.03571428571428571,0.023809523809523808,0.005952380952380952,0.047619047619047616,0,Literal
0.5077720207253886,17.545454545454547,3.6269430051813467,0.0,0.046632124352331605,8.8,8.47,0.0,0.0,0.0,3.0414507772020727,193.0,11.0,5.121660371273918,0.12953367875647667,0.5129533678756477,4.678756476683938,1.4870466321243523,0.5544041450777202,0.14507772020725387,0.18652849740932642,0.06735751295336788,0.0,0.046632124352331605,0,Literal
0.6534090909090909,29.333333333333332,5.681818181818182,0.0,0.06818181818181818,15.96,14.01,0.0,0.0,0.0,4.193181818181818,176.0,6.0,11.498792207106893,0.1590909090909091,0.5284090909090909,4.954545454545454,1.7045454545454546,0.5965909090909091,0.16477272727272727,0.07954545454545454,0.07954545454545454,0.017045454545454544,0.05113636363636364,2,Evaluative
0.5481927710843374,23.714285714285715,5.421686746987952,0.0,0.0,11.57,11.65,0.0,0.0,0.0,3.5301204819277108,166.0,7.0,14.239926622145273,0.060240963855421686,0.5843373493975904,4.753012048192771,1.5180722891566265,0.5903614457831325,0.25301204819277107,0.1144578313253012,0.04216867469879518,0.0,0.0,0,Literal
0.7183098591549296,28.4,10.56338028169014,0.0,0.07746478873239436,18.42,15.59,0.0,0.0,0.0,3.647887323943662,142.0,5.0,6.651315659326356,0.18309859154929578,0.4859154929577465,5.591549295774648,1.943661971830986,0.44366197183098594,0.20422535211267606,0.176056338028169,0.09859154929577464,0.02112676056338028,0.056338028169014086,2,Evaluative
0.6898395721925134,13.357142857142858,4.81283422459893,0.0,0.0427807486631016,7.35,7.27,0.0,0.0,0.0,2.855614973262032,187.0,14.0,7.258000511750563,0.1443850267379679,0.5561497326203209,4.657754010695188,1.5026737967914439,0.6363636363636364,0.1657754010695187,0.11764705882352941,0.0374331550802139,0.0053475935828877,0.0374331550802139,0,Literal
0.6310160427807486,20.77777777777778,0.0,0.0,0.026737967914438502,6.21,8.31,0.0,0.0,0.0,3.9946524064171123,187.0,9.0,9.437252163371587,0.1711229946524064,0.6203208556149733,3.855614973262032,1.160427807486631,0.7807486631016043,0.13903743315508021,0.0374331550802139,0.016042780748663103,0.0053475935828877,0.0213903743315508,0,Literal
0.5631578947368421,17.272727272727273,8.421052631578947,0.0,0.042105263157894736,10.71,10.28,0.0,0.0,0.0,3.268421052631579,190.0,11.0,6.079364908109269,0.14736842105263157,0.5,4.831578947368421,1.6578947368421053,0.5473684210526316,0.20526315789473684,0.11052631578947368,0.07368421052631578,0.005263157894736842,0.03684210526315789,0,Literal
0.5522388059701493,28.714285714285715,6.965174129353234,0.0,0.09950248756218906,14.57,14.27,0.0,0.0,0.0,4.099502487562189,201.0,7.0,15.633558880347945,0.17412935323383086,0.5074626865671642,4.746268656716418,1.6069651741293531,0.5920398009950248,0.0845771144278607,0.13930348258706468,0.07960199004975124,0.01990049751243781,0.07960199004975124,1,Inferential
0.5641025641025641,8.478260869565217,2.564102564102564,0.0,0.02564102564102564,5.57,4.42,0.0,0.0,0.0,3.0153846153846153,195.0,23.0,2.7166085829240534,0.2564102564102564,0.5076923076923077,4.6,1.5128205128205128,0.6512820512820513,0.18461538461538463,0.041025641025641026,0.020512820512820513,0.0,0.02564102564102564,0,Literal
0.6302083333333334,14.76923076923077,2.083333333333333,0.0,0.03125,6.27,6.74,0.0,0.0,0.0,3.8177083333333335,192.0,13.0,9.453091914583403,0.22395833333333334,0.5729166666666666,4.223958333333333,1.3645833333333333,0.703125,0.16145833333333334,0.07291666666666667,0.03125,0.005208333333333333,0.026041666666666668,0,Literal
0.5771428571428572,15.909090909090908,0.5714285714285714,0.0,0.02857142857142857,5.11,6.59,0.0,0.0,0.0,3.44,175.0,11.0,5.8775381364525865,0.21714285714285714,0.6057142857142858,3.8514285714285714,1.2285714285714286,0.7657142857142857,0.18857142857142858,0.011428571428571429,0.005714285714285714,0.0,0.02857142857142857,0,Literal
0.6178010471204188,23.875,0.5235602094240838,0.0,0.031413612565445025,8.18,9.76,0.0,0.0,0.0,3.418848167539267,191.0,8.0,10.594072635205027,0.08376963350785341,0.6544502617801047,3.9214659685863875,1.225130890052356,0.7225130890052356,0.17277486910994763,0.04712041884816754,0.02617801047120419,0.020942408376963352,0.010471204188481676,0,Literal
0.535031847133758,11.214285714285714,0.0,0.0,0.05732484076433121,4.19,4.49,0.0,0.0,0.0,3.3694267515923566,157.0,14.0,4.2570469787860965,0.24203821656050956,0.5414012738853503,4.305732484076433,1.305732484076433,0.6369426751592356,0.12101910828025478,0.025477707006369428,0.1464968152866242,0.0,0.05732484076433121,0,Literal
0.6709677419354839,31.0,2.5806451612903225,0.0,0.01935483870967742,13.78,13.43,0.0,0.0,0.0,3.445161290322581,155.0,5.0,11.324310133513652,0.1032258064516129,0.5161290322580645,4.567741935483871,1.4645161290322581,0.6193548387096774,0.14838709677419354,0.10967741935483871,0.1032258064516129,0.0064516129032258064,0.012903225806451613,1,Inferential
0.5126903553299492,12.3125,0.0,0.0,0.025380710659898477,3.53,4.93,0.0,0.0,0.0,3.263959390862944,197.0,16.0,6.823672031978091,0.17766497461928935,0.6294416243654822,3.8934010152284264,1.2131979695431472,0.7868020304568528,0.1116751269035533,0.05583756345177665,0.02030456852791878,0.0,0.025380710659898477,0,Literal
0.6993865030674846,27.166666666666668,4.294478527607362,0.0,0.0736196319018405,13.61,12.58,0.0,0.0,0.0,3.9938650306748467,163.0,6.0,7.804912982645397,0.22085889570552147,0.4785276073619632,4.914110429447852,1.5766871165644172,0.5766871165644172,0.147239263803681,0.09202453987730061,0.09202453987730061,0.006134969325153374,0.06748466257668712,1,Inferential
0.5939086294416244,19.7,3.5532994923857872,0.0,0.07106598984771574,10.36,9.3,0.0,0.0,0.0,4.2639593908629445,197.0,10.0,6.0174745533321525,0.16243654822335024,0.5431472081218274,4.49746192893401,1.5482233502538072,0.6040609137055838,0.14720812182741116,0.1116751269035533,0.06598984771573604,0.0,0.07106598984771574,0,Literal
0.5054347826086957,20.444444444444443,3.804347826086957,0.0,0.005434782608695652,8.67,9.7,0.0,0.0,0.0,3.222826086956522,184.0,9.0,10.011104945120804,0.11413043478260869,0.657608695652174,4.407608695652174,1.3804347826086956,0.7445652173913043,0.15760869565217392,0.08152173913043478,0.005434782608695652,0.0,0.005434782608695652,0,Literal
0.7078651685393258,22.25,6.741573033707865,0.0,0.06741573033707865,11.98,11.6,0.0,0.0,0.0,3.741573033707865,178.0,8.0,6.015604707757983,0.16853932584269662,0.5,4.730337078651686,1.601123595505618,0.5730337078651685,0.1853932584269663,0.07865168539325842,0.09550561797752809,0.016853932584269662,0.05056179775280899,0,Literal
0.6030150753768844,39.8,0.5025125628140703,0.0,0.06532663316582915,15.65,16.12,0.0,0.0,0.0,4.266331658291457,199.0,5.0,23.90815760362977,0.1457286432160804,0.5477386934673367,4.371859296482412,1.3316582914572865,0.6482412060301508,0.1457286432160804,0.07035175879396985,0.07035175879396985,0.005025125628140704,0.06030150753768844,2,Evaluative
0.6363636363636364,23.571428571428573,0.0,0.0,0.07272727272727272,9.69,9.43,0.0,0.0,0.0,3.7393939393939393,165.0,7.0,10.92086563063794,0.18181818181818182,0.5393939393939394,4.2303030303030305,1.3636363636363635,0.6787878787878788,0.14545454545454545,0.06666666666666667,0.030303030303030304,0.04242424242424243,0.030303030303030304,0,Literal
0.6030150753768844,16.583333333333332,2.0100502512562812,0.0,0.04020100502512563,5.7,7.44,0.0,0.0,0.0,3.7889447236180906,199.0,12.0,7.3649884966343,0.22110552763819097,0.6130653266331658,3.9447236180904524,1.256281407035176,0.7437185929648241,0.08542713567839195,0.10050251256281408,0.03015075376884422,0.0,0.04020100502512563,0,Literal
0.6232876712328768,10.428571428571429,0.0,0.0,0.00684931506849315,5.45,4.17,0.0,0.0,0.0,3.1232876712328768,146.0,14.0,3.904471533918985,0.19863013698630136,0.6027397260273972,4.164383561643835,1.4383561643835616,0.7534246575342466,0.10273972602739725,0.03424657534246575,0.0,0.0,0.00684931506849315,0,Literal
0.46017699115044247,28.25,8.849557522123893,0.0,0.0,16.31,14.84,0.0,0.0,0.0,6.601769911504425,113.0,4.0,17.977416388346796,0.21238938053097345,0.5575221238938053,4.787610619469026,1.7699115044247788,0.5752212389380531,0.21238938053097345,0.17699115044247787,0.035398230088495575,0.0,0.0,2,Evaluative
0.6517412935323383,14.357142857142858,0.4975124378109453,0.0,0.004975124378109453,4.57,5.94,0.0,0.0,0.0,3.218905472636816,201.0,14.0,6.691450530645925,0.15920398009950248,0.6766169154228856,3.915422885572139,1.2338308457711442,0.7711442786069652,0.16417910447761194,0.029850746268656716,0.029850746268656716,0.0,0.004975124378109453,0,Literal
0.6829268292682927,16.4,1.2195121951219512,0.0,0.06097560975609756,7.0,7.05,0.0,0.0,0.0,3.3902439024390243,164.0,10.0,11.725612990372827,0.20121951219512196,0.5426829268292683,4.329268292682927,1.3719512195121952,0.6341463414634146,0.14634146341463414,0.10975609756097561,0.042682926829268296,0.012195121951219513,0.04878048780487805,0,Literal
0.44502617801047123,11.235294117647058,0.5235602094240838,0.0,0.005235602094240838,4.18,4.7,0.0,0.0,0.0,2.6596858638743455,191.0,17.0,6.599779801296823,0.12041884816753927,0.6544502617801047,3.8272251308900525,1.3036649214659686,0.7329842931937173,0.11518324607329843,0.13089005235602094,0.015706806282722512,0.0,0.005235602094240838,0,Literal
0.6190476190476191,27.0,1.0582010582010581,0.0,0.05291005291005291,11.05,11.22,0.0,0.0,0.0,3.9153439153439153,189.0,7.0,17.523162513935546,0.10582010582010581,0.6084656084656085,4.148148148148148,1.3650793650793651,0.7195767195767195,0.14285714285714285,0.037037037037037035,0.047619047619047616,0.005291005291005291,0.047619047619047616,0,Literal
0.58,16.666666666666668,2.666666666666667,0.0,0.05333333333333334,6.72,7.73,0.0,0.0,0.0,3.5533333333333332,150.0,9.0,12.445436468396313,0.1,0.6,4.1,1.34,0.6533333333333333,0.18,0.04,0.04666666666666667,0.0,0.05333333333333334,0,Literal
0.546448087431694,22.875,3.278688524590164,0.0,0.03278688524590164,9.45,10.46,0.0,0.0,0.0,3.0382513661202184,183.0,8.0,7.46240577829965,0.07103825136612021,0.5956284153005464,4.147540983606557,1.366120218579235,0.73224043715847,0.16939890710382513,0.04371584699453552,0.02185792349726776,0.00546448087431694,0.0273224043715847,0,Literal
0.6807228915662651,11.066666666666666,3.0120481927710845,0.0,0.0783132530120482,4.36,5.63,0.0,0.0,0.0,4.373493975903615,166.0,15.0,9.302329457363534,0.37349397590361444,0.5421686746987951,4.180722891566265,1.3253012048192772,0.6385542168674698,0.15060240963855423,0.06626506024096386,0.04819277108433735,0.012048192771084338,0.06626506024096386,0,Literal
0.6168831168831169,19.25,10.38961038961039,0.0,0.09740259740259741,11.76,11.86,0.0,0.0,0.0,3.324675324675325,154.0,8.0,7.606535019310698,0.14285714285714285,0.551948051948052,5.032467532467533,1.6818181818181819,0.6103896103896104,0.14935064935064934,0.07792207792207792,0.05844155844155844,0.045454545454545456,0.05194805194805195,0,Literal
0.6503496503496503,15.88888888888889,2.797202797202797,0.0,0.06293706293706294,6.2,7.47,0.0,0.0,0.0,3.6573426573426575,143.0,9.0,12.666666666666668,0.22377622377622378,0.5944055944055944,4.13986013986014,1.3216783216783217,0.6783216783216783,0.09090909090909091,0.04195804195804196,0.0979020979020979,0.02097902097902098,0.04195804195804196,0,Literal
0.6971830985915493,20.285714285714285,0.7042253521126761,0.0,0.028169014084507043,8.11,8.4,0.0,0.0,0.0,2.915492957746479,142.0,7.0,9.284615319583954,0.09859154929577464,0.5845070422535211,4.190140845070423,1.3380281690140845,0.6197183098591549,0.21830985915492956,0.09154929577464789,0.04225352112676056,0.007042253521126761,0.02112676056338028,0,Literal
0.5649717514124294,22.125,1.1299435028248588,0.0,0.05649717514124294,8.71,9.3,0.0,0.0,0.0,4.864406779661017,177.0,8.0,20.285462775100793,0.2033898305084746,0.6384180790960452,3.9548022598870056,1.3276836158192091,0.751412429378531,0.12429378531073447,0.04519774011299435,0.022598870056497175,0.005649717514124294,0.05084745762711865,0,Literal
0.5952380952380952,28.0,2.380952380952381,0.0,0.005952380952380952,12.96,12.15,0.0,0.0,0.0,4.178571428571429,168.0,6.0,16.206994374857626,0.14285714285714285,0.6011904761904762,4.434523809523809,1.494047619047619,0.6547619047619048,0.20833333333333334,0.07142857142857142,0.05357142857142857,0.0,0.005952380952380952,1,Inferential
0.41708542713567837,11.055555555555555,1.507537688442211,0.0,0.03015075376884422,4.73,5.03,0.0,0.0,0.0,2.809045226130653,199.0,18.0,3.1705629051956166,0.19095477386934673,0.6180904522613065,4.1457286432160805,1.35678391959799,0.7738693467336684,0.11055276381909548,0.07035175879396985,0.01507537688442211,0.0,0.03015075376884422,0,Literal
0.48,16.666666666666668,2.0,0.0,0.0,6.84,7.47,0.0,0.0,0.0,3.185,200.0,12.0,7.272474743090476,0.15,0.66,4.295,1.35,0.8,0.165,0.025,0.01,0.0,0.0,0,Literal
0.5,9.090909090909092,0.0,0.0,0.015,3.24,3.64,0.0,0.0,0.0,2.875,200.0,22.0,5.0534334944317445,0.18,0.535,4.235,1.295,0.765,0.115,0.045,0.005,0.0,0.015,0,Literal
0.5802469135802469,40.5,5.555555555555555,0.0,0.06172839506172839,19.8,18.42,0.0,0.0,0.0,4.018518518518518,162.0,4.0,23.14492384951828,0.08641975308641975,0.5617283950617284,4.851851851851852,1.6604938271604939,0.6049382716049383,0.14814814814814814,0.13580246913580246,0.04938271604938271,0.012345679012345678,0.04938271604938271,2,Evaluative
0.6521739130434783,26.833333333333332,3.1055900621118013,0.0,0.055900621118012424,12.03,11.98,0.0,0.0,0.0,3.9130434782608696,161.0,6.0,7.365459931328117,0.15527950310559005,0.6273291925465838,4.3105590062111805,1.453416149068323,0.6521739130434783,0.13043478260869565,0.14285714285714285,0.018633540372670808,0.018633540372670808,0.037267080745341616,1,Inferential
0.43157894736842106,7.916666666666667,0.0,0.0,0.0,2.15,3.17,0.0,0.0,0.0,3.0631578947368423,190.0,24.0,2.9709239116626476,0.30526315789473685,0.5894736842105263,3.794736842105263,1.2421052631578948,0.7789473684210526,0.13157894736842105,0.03684210526315789,0.010526315789473684,0.0,0.0,0,Literal
0.5714285714285714,15.909090909090908,12.571428571428573,0.0,0.08571428571428572,12.53,11.39,0.0,0.0,0.0,3.56,175.0,11.0,7.254522670276365,0.21714285714285714,0.4742857142857143,5.211428571428572,1.8571428571428572,0.4857142857142857,0.14285714285714285,0.09714285714285714,0.17714285714285713,0.02857142857142857,0.05714285714285714,1,Inferential
0.5930232558139535,17.2,7.55813953488372,0.0,0.0755813953488372,10.94,9.9,0.0,0.0,0.0,3.3430232558139537,172.0,10.0,4.770744176750625,0.16279069767441862,0.6046511627906976,4.988372093023256,1.680232558139535,0.6395348837209303,0.1569767441860465,0.05813953488372093,0.06395348837209303,0.029069767441860465,0.046511627906976744,0,Literal
0.6308724832214765,18.625,0.0,0.0,0.020134228187919462,6.64,7.45,0.0,0.0,0.0,3.1006711409395975,149.0,8.0,7.297259759663212,0.11409395973154363,0.6040268456375839,4.033557046979865,1.2684563758389262,0.697986577181208,0.174496644295302,0.09395973154362416,0.013422818791946308,0.0,0.020134228187919462,0,Literal
0.6140350877192983,15.545454545454545,0.5847953216374269,0.0,0.023391812865497075,4.76,6.45,0.0,0.0,0.0,3.9883040935672516,171.0,11.0,11.300552169643877,0.2631578947368421,0.6198830409356725,3.8128654970760234,1.2105263157894737,0.672514619883041,0.18128654970760233,0.09941520467836257,0.023391812865497075,0.0,0.023391812865497075,0,Literal
0.6597938144329897,27.714285714285715,4.639175257731959,0.0,0.041237113402061855,14.32,12.94,0.0,0.0,0.0,3.9690721649484537,194.0,7.0,9.393875555870627,0.17010309278350516,0.5154639175257731,4.912371134020619,1.6185567010309279,0.6185567010309279,0.20618556701030927,0.0979381443298969,0.03608247422680412,0.0,0.041237113402061855,1,Inferential
0.7419354838709677,25.833333333333332,4.516129032258064,0.0,0.12258064516129032,11.69,12.14,0.0,0.0,0.0,5.264516129032258,155.0,6.0,15.129992289048486,0.23225806451612904,0.5483870967741935,4.483870967741935,1.4580645161290322,0.6,0.17419354838709677,0.03870967741935484,0.06451612903225806,0.012903225806451613,0.10967741935483871,0,Literal
0.5928571428571429,8.235294117647058,0.0,0.0,0.0,2.62,3.29,0.0,0.0,0.0,2.357142857142857,140.0,17.0,2.3646766167343274,0.15714285714285714,0.5071428571428571,3.9571428571428573,1.2714285714285714,0.7785714285714286,0.12857142857142856,0.05714285714285714,0.03571428571428571,0.0,0.0,0,Literal
0.48344370860927155,13.727272727272727,0.0,0.0,0.0728476821192053,2.35,5.49,0.0,0.0,0.0,4.039735099337748,151.0,11.0,8.592712653394251,0.2847682119205298,0.5496688741721855,3.2317880794701987,1.0662251655629138,0.7682119205298014,0.09271523178807947,0.039735099337748346,0.026490066225165563,0.0,0.0728476821192053,0,Literal
0.5482233502538071,11.588235294117647,0.5076142131979695,0.0,0.050761421319796954,3.19,4.84,0.0,0.0,0.0,3.269035532994924,197.0,17.0,4.000864958383989,0.2893401015228426,0.5634517766497462,3.8375634517766497,1.2081218274111676,0.766497461928934,0.12690355329949238,0.02030456852791878,0.030456852791878174,0.0,0.050761421319796954,0,Literal
0.6569767441860465,34.4,0.5813953488372093,0.0,0.040697674418604654,14.63,13.99,0.0,0.0,0.0,5.151162790697675,172.0,5.0,13.62350909274112,0.23837209302325582,0.5813953488372093,4.27906976744186,1.4244186046511629,0.7151162790697675,0.1686046511627907,0.046511627906976744,0.029069767441860465,0.01744186046511628,0.023255813953488372,1,Inferential
0.5652173913043478,11.5,3.7267080745341614,0.0,0.012422360248447204,6.63,6.09,0.0,0.0,0.0,2.5652173913043477,161.0,14.0,3.4166459266003995,0.10559006211180125,0.4782608695652174,4.627329192546584,1.5031055900621118,0.5652173913043478,0.2795031055900621,0.08074534161490683,0.037267080745341616,0.0,0.012422360248447204,0,Literal
0.6162162162162163,16.818181818181817,9.72972972972973,0.0,0.03783783783783784,12.46,10.62,0.0,0.0,0.0,2.9135135135135135,185.0,11.0,3.939627032730991,0.12432432432432433,0.4648648648648649,5.227027027027027,1.8216216216216217,0.5027027027027027,0.2810810810810811,0.11891891891891893,0.05945945945945946,0.016216216216216217,0.021621621621621623,1,Inferential
0.6103896103896104,25.666666666666668,5.194805194805195,0.0,0.032467532467532464,11.66,12.34,0.0,0.0,0.0,3.3701298701298703,154.0,6.0,13.225606476327151,0.09090909090909091,0.6168831168831169,4.220779220779221,1.4610389610389611,0.6623376623376623,0.17532467532467533,0.07142857142857142,0.05844155844155844,0.012987012987012988,0.01948051948051948,0,Literal
0.6,28.571428571428573,3.5000000000000004,0.0,0.005,12.07,12.83,0.0,0.0,0.0,3.635,200.0,7.0,10.37461580306589,0.11,0.665,4.06,1.4,0.685,0.225,0.05,0.035,0.005,0.0,1,Inferential
0.5577889447236181,13.266666666666667,0.0,0.0,0.04020100502512563,4.65,5.31,0.0,0.0,0.0,3.663316582914573,199.0,15.0,6.3609922356675,0.23115577889447236,0.5175879396984925,4.080402010050252,1.2763819095477387,0.6432160804020101,0.18592964824120603,0.06030150753768844,0.05527638190954774,0.005025125628140704,0.035175879396984924,0,Literal
0.5873015873015873,47.25,3.1746031746031744,0.0,0.005291005291005291,18.57,20.17,0.0,0.0,0.0,4.756613756613756,189.0,4.0,19.81634426426832,0.10582010582010581,0.6666666666666666,3.9735449735449735,1.3333333333333333,0.6825396825396826,0.15873015873015872,0.09523809523809523,0.0582010582010582,0.0,0.005291005291005291,2,Evaluative
0.5388888888888889,16.363636363636363,0.0,0.0,0.022222222222222223,4.69,6.55,0.0,0.0,0.0,3.2944444444444443,180.0,11.0,9.118141031359878,0.16111111111111112,0.7,3.6222222222222222,1.1777777777777778,0.7277777777777777,0.2,0.027777777777777776,0.022222222222222223,0.0,0.022222222222222223,0,Literal
0.6368421052631579,21.11111111111111,8.947368421052632,0.0,0.021052631578947368,12.14,12.02,0.0,0.0,0.0,3.8947368421052633,190.0,9.0,12.196943555611194,0.14210526315789473,0.5894736842105263,4.863157894736842,1.6526315789473685,0.6578947368421053,0.15789473684210525,0.08947368421052632,0.06842105263157895,0.005263157894736842,0.015789473684210527,1,Inferential
0.6494845360824743,12.125,1.0309278350515463,0.0,0.041237113402061855,5.38,5.26,0.0,0.0,0.0,3.577319587628866,194.0,16.0,8.514693182963201,0.2422680412371134,0.6185567010309279,4.293814432989691,1.3762886597938144,0.6958762886597938,0.16494845360824742,0.05154639175257732,0.04639175257731959,0.0,0.041237113402061855,0,Literal
0.5783783783783784,18.5,1.0810810810810811,0.0,0.03783783783783784,6.68,7.83,0.0,0.0,0.0,2.962162162162162,185.0,10.0,8.039900496896713,0.07567567567567568,0.5945945945945946,4.118918918918919,1.2756756756756757,0.7567567567567568,0.13513513513513514,0.04864864864864865,0.021621621621621623,0.010810810810810811,0.02702702702702703,0,Literal
0.6363636363636364,26.714285714285715,4.81283422459893,0.0,0.0427807486631016,11.61,12.61,0.0,0.0,0.0,4.122994652406417,187.0,7.0,14.874989281422994,0.15508021390374332,0.5454545454545454,4.609625668449198,1.4224598930481283,0.6577540106951871,0.1657754010695187,0.0855614973262032,0.0427807486631016,0.0053475935828877,0.0374331550802139,0,Literal
0.6,26.428571428571427,2.7027027027027026,0.0,0.032432432432432434,9.39,11.65,0.0,0.0,0.0,4.2594594594594595,185.0,7.0,12.532406971120748,0.13513513513513514,0.6756756756756757,4.129729729729729,1.2432432432432432,0.7567567567567568,0.13513513513513514,0.05945945945945946,0.016216216216216217,0.005405405405405406,0.02702702702702703,0,Literal
0.5647058823529412,14.166666666666666,5.88235294117647,0.0,0.01764705882352941,7.84,8.02,0.0,0.0,0.0,2.723529411764706,170.0,12.0,3.707162736589204,0.13529411764705881,0.5411764705882353,4.735294117647059,1.5176470588235293,0.711764705882353,0.11176470588235295,0.10588235294117647,0.052941176470588235,0.0,0.01764705882352941,0,Literal
0.6728395061728395,32.4,2.4691358024691357,0.0,0.024691358024691357,14.02,13.95,0.0,0.0,0.0,3.5864197530864197,162.0,5.0,11.586198686368192,0.09259259259259259,0.5555555555555556,4.493827160493828,1.4382716049382716,0.5925925925925926,0.22839506172839505,0.08641975308641975,0.05555555555555555,0.012345679012345678,0.012345679012345678,1,Inferential
0.5181347150259067,8.041666666666666,0.5181347150259068,0.0,0.07253886010362694,2.53,3.42,0.0,0.0,0.0,3.0466321243523318,193.0,24.0,4.315467980287757,0.2694300518134715,0.5803108808290155,4.005181347150259,1.2694300518134716,0.6787564766839378,0.17616580310880828,0.05181347150259067,0.0051813471502590676,0.0,0.07253886010362694,0,Literal
0.5876288659793815,10.777777777777779,0.5154639175257731,0.0,0.010309278350515464,4.91,4.52,0.0,0.0,0.0,2.5670103092783507,194.0,18.0,5.4319584718134735,0.11855670103092783,0.5463917525773195,4.164948453608248,1.3814432989690721,0.7731958762886598,0.12371134020618557,0.04639175257731959,0.010309278350515464,0.005154639175257732,0.005154639175257732,0,Literal
0.6262626262626263,19.8,3.0303030303030303,0.0,0.08585858585858586,9.3,9.13,0.0,0.0,0.0,3.6515151515151514,198.0,10.0,7.359347797189639,0.15656565656565657,0.5303030303030303,4.48989898989899,1.4545454545454546,0.6414141414141414,0.1111111111111111,0.11616161616161616,0.045454545454545456,0.020202020202020204,0.06565656565656566,0,Literal
0.7159763313609467,28.166666666666668,5.325443786982249,0.0,0.029585798816568046,13.13,13.4,0.0,0.0,0.0,4.272189349112426,169.0,6.0,7.702813338860896,0.1952662721893491,0.5207100591715976,4.727810650887574,1.5029585798816567,0.6094674556213018,0.16568047337278108,0.11242603550295859,0.0650887573964497,0.005917159763313609,0.023668639053254437,1,Inferential
0.632768361581921,29.5,4.519774011299435,0.0,0.0903954802259887,15.25,13.61,0.0,0.0,0.0,3.6666666666666665,177.0,6.0,20.5784407140634,0.1864406779661017,0.4971751412429379,4.977401129943503,1.6384180790960452,0.5706214689265536,0.15254237288135594,0.15819209039548024,0.02824858757062147,0.011299435028248588,0.07909604519774012,2,Evaluative
0.5141242937853108,12.642857142857142,5.649717514124294,0.0,0.12994350282485875,7.94,7.32,0.0,0.0,0.0,3.248587570621469,177.0,14.0,5.771587692290217,0.1751412429378531,0.4858757062146893,4.576271186440678,1.576271186440678,0.5480225988700564,0.12994350282485875,0.01694915254237288,0.15819209039548024,0.0,0.12994350282485875,0,Literal
0.6211180124223602,26.833333333333332,8.074534161490684,0.0,0.055900621118012424,12.98,13.96,0.0,0.0,0.0,4.3229813664596275,161.0,6.0,13.873435847771171,0.18012422360248448,0.6335403726708074,4.583850931677019,1.5341614906832297,0.639751552795031,0.16770186335403728,0.07453416149068323,0.062111801242236024,0.0,0.055900621118012424,1,Inferential
0.6620689655172414,24.166666666666668,2.0689655172413794,0.0,0.05517241379310345,9.95,10.49,0.0,0.0,0.0,3.220689655172414,145.0,6.0,8.552127740444998,0.09655172413793103,0.5310344827586206,4.372413793103449,1.3655172413793104,0.6344827586206897,0.1793103448275862,0.0896551724137931,0.041379310344827586,0.006896551724137931,0.04827586206896552,0,Literal
0.5986394557823129,21.0,6.122448979591836,0.0,0.05442176870748299,9.14,10.85,0.0,0.0,0.0,2.857142857142857,147.0,7.0,10.954451150103322,0.05442176870748299,0.5714285714285714,4.394557823129252,1.401360544217687,0.7142857142857143,0.1360544217687075,0.07482993197278912,0.02040816326530612,0.02040816326530612,0.034013605442176874,0,Literal
0.5513513513513514,18.5,3.2432432432432434,0.0,0.05945945945945946,9.48,8.7,0.0,0.0,0.0,3.0648648648648646,185.0,10.0,5.714017850864661,0.13513513513513514,0.4918918918918919,4.724324324324324,1.5135135135135136,0.6162162162162163,0.13513513513513514,0.13513513513513514,0.05405405405405406,0.0,0.05945945945945946,0,Literal
0.6294416243654822,24.625,0.0,0.0,0.07106598984771574,9.65,9.85,0.0,0.0,0.0,3.918781725888325,197.0,8.0,15.441421566682259,0.14213197969543148,0.5482233502538071,4.248730964467005,1.3248730964467006,0.5939086294416244,0.19289340101522842,0.09137055837563451,0.050761421319796954,0.030456852791878174,0.04060913705583756,0,Literal
0.6785714285714286,19.6,8.16326530612245,0.0,0.09183673469387756,11.86,11.11,0.0,0.0,0.0,3.8010204081632653,196.0,10.0,8.404760555780278,0.1683673469387755,0.4387755102040816,5.040816326530612,1.6785714285714286,0.5510204081632653,0.14795918367346939,0.12244897959183673,0.04081632653061224,0.02040816326530612,0.07142857142857142,0,Literal
0.6395348837209303,24.571428571428573,5.232558139534884,0.0,0.09302325581395349,13.2,11.92,0.0,0.0,0.0,4.313953488372093,172.0,7.0,9.89537100602796,0.19186046511627908,0.5174418604651163,4.924418604651163,1.627906976744186,0.5174418604651163,0.2441860465116279,0.08139534883720931,0.046511627906976744,0.011627906976744186,0.08139534883720931,1,Inferential
0.6581632653061225,28.0,2.0408163265306123,0.0,0.07142857142857142,13.27,12.02,0.0,0.0,0.0,3.913265306122449,196.0,7.0,6.770283206327306,0.1326530612244898,0.5153061224489796,4.8061224489795915,1.5204081632653061,0.5408163265306123,0.20918367346938777,0.09183673469387756,0.0663265306122449,0.0,0.07142857142857142,1,Inferential
0.532967032967033,18.2,8.241758241758241,0.0,0.07142857142857142,11.41,10.58,0.0,0.0,0.0,3.291208791208791,182.0,10.0,7.644605941446557,0.10989010989010989,0.5,4.763736263736264,1.6868131868131868,0.5934065934065934,0.12637362637362637,0.1043956043956044,0.1043956043956044,0.016483516483516484,0.054945054945054944,0,Literal
0.6544502617801047,15.916666666666666,2.6178010471204187,0.0,0.07329842931937172,9.03,7.41,0.0,0.0,0.0,3.0837696335078535,191.0,12.0,7.166182154164564,0.13612565445026178,0.5287958115183246,4.774869109947644,1.5602094240837696,0.612565445026178,0.16230366492146597,0.12041884816753927,0.031413612565445025,0.0,0.07329842931937172,0,Literal
0.6503067484662577,20.375,3.067484662576687,0.0,0.11042944785276074,9.22,9.38,0.0,0.0,0.0,3.4049079754601226,163.0,8.0,9.096702699330127,0.1411042944785276,0.5214723926380368,4.245398773006135,1.4294478527607362,0.6441717791411042,0.08588957055214724,0.07975460122699386,0.0736196319018405,0.006134969325153374,0.10429447852760736,0,Literal
0.6775956284153005,30.5,5.46448087431694,0.0,0.10382513661202186,13.59,14.39,0.0,0.0,0.0,5.475409836065574,183.0,6.0,13.132868012061273,0.25136612021857924,0.44808743169398907,4.666666666666667,1.46448087431694,0.6065573770491803,0.1092896174863388,0.09289617486338798,0.04918032786885246,0.01639344262295082,0.08743169398907104,1,Inferential
0.6666666666666666,19.5,1.282051282051282,0.0,0.09615384615384616,6.31,8.31,0.0,0.0,0.0,3.6794871794871793,156.0,8.0,8.139410298049853,0.15384615384615385,0.6282051282051282,3.967948717948718,1.2115384615384615,0.6666666666666666,0.16025641025641027,0.03205128205128205,0.04487179487179487,0.0,0.09615384615384616,0,Literal
0.6666666666666666,18.75,4.666666666666667,0.0,0.09333333333333334,11.55,9.37,0.0,0.0,0.0,3.38,150.0,8.0,9.836157786453,0.12666666666666668,0.48,4.793333333333333,1.68,0.52,0.2,0.1,0.07333333333333333,0.03333333333333333,0.06,0,Literal
0.5855263157894737,13.818181818181818,0.6578947368421052,0.0,0.039473684210526314,4.39,5.79,0.0,0.0,0.0,3.2039473684210527,152.0,11.0,4.17390555754509,0.2236842105263158,0.625,3.861842105263158,1.236842105263158,0.75,0.11842105263157894,0.05263157894736842,0.039473684210526314,0.0,0.039473684210526314,0,Literal
0.5555555555555556,33.0,2.0202020202020203,0.0,0.04040404040404041,11.76,14.01,0.0,0.0,0.0,3.9545454545454546,198.0,6.0,13.2664991614216,0.12121212121212122,0.6464646464646465,3.9545454545454546,1.2272727272727273,0.696969696969697,0.1414141414141414,0.06565656565656566,0.05555555555555555,0.005050505050505051,0.03535353535353535,0,Literal
0.5428571428571428,21.875,2.2857142857142856,0.0,0.04,8.18,9.66,0.0,0.0,0.0,3.5314285714285716,175.0,8.0,5.979130371550699,0.13714285714285715,0.6,4.057142857142857,1.2914285714285714,0.6857142857142857,0.13714285714285715,0.10285714285714286,0.03428571428571429,0.011428571428571429,0.02857142857142857,0,Literal
0.6145833333333334,27.428571428571427,6.770833333333333,0.0,0.03125,12.25,13.68,0.0,0.0,0.0,3.21875,192.0,7.0,7.6798171746946355,0.078125,0.5989583333333334,4.552083333333333,1.453125,0.6041666666666666,0.18229166666666666,0.109375,0.07291666666666667,0.015625,0.015625,1,Inferential
0.5140845070422535,28.4,0.0,0.0,0.028169014084507043,10.53,11.36,0.0,0.0,0.0,3.556338028169014,142.0,5.0,10.461357464497615,0.07042253521126761,0.5915492957746479,3.9859154929577465,1.2746478873239437,0.7535211267605634,0.09859154929577464,0.07746478873239436,0.04225352112676056,0.0,0.028169014084507043,0,Literal
0.576271186440678,29.5,0.5649717514124294,0.0,0.05649717514124294,10.98,12.03,0.0,0.0,0.0,3.5762711864406778,177.0,6.0,11.498792207106893,0.10734463276836158,0.6214689265536724,4.0790960451977405,1.2768361581920904,0.711864406779661,0.14689265536723164,0.03954802259887006,0.03954802259887006,0.005649717514124294,0.05084745762711865,0,Literal
0.5543478260869565,36.8,4.3478260869565215,0.0,0.043478260869565216,15.18,16.46,0.0,0.0,0.0,4.418478260869565,184.0,5.0,22.401785643113364,0.14673913043478262,0.6467391304347826,4.228260869565218,1.391304347826087,0.6739130434782609,0.17391304347826086,0.08152173913043478,0.02717391304347826,0.0,0.043478260869565216,2,Evaluative
0.695906432748538,28.5,0.5847953216374269,0.0,0.07602339181286549,11.19,11.63,0.0,0.0,0.0,4.0,171.0,6.0,16.866304343934452,0.17543859649122806,0.5730994152046783,4.233918128654971,1.327485380116959,0.6257309941520468,0.1871345029239766,0.06432748538011696,0.03508771929824561,0.0,0.07602339181286549,0,Literal
0.648936170212766,12.533333333333333,1.5957446808510638,0.0,0.05319148936170213,5.87,5.65,0.0,0.0,0.0,2.771276595744681,188.0,15.0,6.839103255057153,0.13829787234042554,0.5691489361702128,4.101063829787234,1.4042553191489362,0.6542553191489362,0.1595744680851064,0.09042553191489362,0.0425531914893617,0.010638297872340425,0.0425531914893617,0,Literal
0.6,11.153846153846153,6.896551724137931,0.0,0.1103448275862069,7.64,7.22,0.0,0.0,0.0,3.6620689655172414,145.0,13.0,5.753311369635432,0.2896551724137931,0.5379310344827586,4.813793103448276,1.6,0.6068965517241379,0.1793103448275862,0.05517241379310345,0.04827586206896552,0.0,0.1103448275862069,0,Literal
0.5962732919254659,23.0,3.7267080745341614,0.0,0.018633540372670808,10.6,10.69,0.0,0.0,0.0,3.4285714285714284,161.0,7.0,11.513966674062791,0.08074534161490683,0.5962732919254659,4.478260869565218,1.4596273291925466,0.6273291925465838,0.16770186335403728,0.14285714285714285,0.043478260869565216,0.006211180124223602,0.012422360248447204,0,Literal
0.6021505376344086,18.6,1.0752688172043012,0.0,0.016129032258064516,7.02,7.87,0.0,0.0,0.0,4.397849462365591,186.0,10.0,13.447676379211392,0.26344086021505375,0.6236559139784946,4.026881720430108,1.3010752688172043,0.7634408602150538,0.13978494623655913,0.03225806451612903,0.04838709677419355,0.0,0.016129032258064516,0,Literal
0.6502463054187192,9.227272727272727,1.477832512315271,0.0,0.04433497536945813,3.82,4.28,0.0,0.0,0.0,2.8916256157635467,203.0,22.0,4.111061474398187,0.21182266009852216,0.5073891625615764,4.137931034482759,1.3399014778325122,0.7487684729064039,0.1477832512315271,0.034482758620689655,0.024630541871921183,0.019704433497536946,0.024630541871921183,0,Literal
0.5542168674698795,20.75,2.4096385542168677,0.0,0.024096385542168676,7.93,9.26,0.0,0.0,0.0,3.3072289156626504,166.0,8.0,7.137051211810099,0.08433734939759036,0.6265060240963856,4.066265060240964,1.3072289156626506,0.7650602409638554,0.15060240963855423,0.04819277108433735,0.012048192771084338,0.006024096385542169,0.018072289156626505,0,Literal
0.6042780748663101,46.75,3.2085561497326207,0.0,0.058823529411764705,20.0,19.98,0.0,0.0,0.0,5.737967914438503,187.0,4.0,27.931836674304108,0.17647058823529413,0.5454545454545454,4.2994652406417115,1.4705882352941178,0.5775401069518716,0.17647058823529413,0.0855614973262032,0.09090909090909091,0.0053475935828877,0.053475935828877004,2,Evaluative
0.4411764705882353,11.333333333333334,0.0,0.0,0.011764705882352941,1.05,4.53,0.0,0.0,0.0,3.3176470588235296,170.0,15.0,7.408703590297622,0.29411764705882354,0.5529411764705883,3.264705882352941,1.035294117647059,0.7176470588235294,0.18235294117647058,0.029411764705882353,0.058823529411764705,0.0,0.011764705882352941,0,Literal
0.4797687861271676,34.6,5.202312138728324,0.0,0.011560693641618497,17.41,15.92,0.0,0.0,0.0,3.832369942196532,173.0,5.0,20.836506425022407,0.11560693641618497,0.5838150289017341,4.687861271676301,1.653179190751445,0.6242774566473989,0.15606936416184972,0.1791907514450867,0.028901734104046242,0.005780346820809248,0.005780346820809248,2,Evaluative
0.6312056737588653,20.142857142857142,0.7092198581560284,0.0,0.0425531914893617,7.25,8.34,0.0,0.0,0.0,4.0638297872340425,141.0,7.0,12.175586144378581,0.2127659574468085,0.574468085106383,4.042553191489362,1.2695035460992907,0.6950354609929078,0.16312056737588654,0.07801418439716312,0.0070921985815602835,0.02127659574468085,0.02127659574468085,0,Literal
0.5652173913043478,14.636363636363637,6.832298136645963,0.0,0.006211180124223602,7.93,8.59,0.0,0.0,0.0,2.937888198757764,161.0,11.0,3.867644979305936,0.13664596273291926,0.5217391304347826,4.546583850931677,1.5093167701863355,0.7080745341614907,0.12422360248447205,0.10559006211180125,0.043478260869565216,0.0,0.006211180124223602,0,Literal
0.6307692307692307,27.857142857142858,2.051282051282051,0.0,0.05128205128205128,11.31,11.96,0.0,0.0,0.0,3.471794871794872,195.0,7.0,8.012744949931518,0.13846153846153847,0.558974358974359,4.358974358974359,1.358974358974359,0.6666666666666666,0.1794871794871795,0.041025641025641026,0.05641025641025641,0.03076923076923077,0.020512820512820513,0,Literal
0.5279187817258884,6.793103448275862,1.5228426395939088,0.0,0.01015228426395939,4.49,3.33,0.0,0.0,0.0,2.6294416243654823,197.0,29.0,2.869330215546858,0.2893401015228426,0.5380710659898477,4.258883248730965,1.4771573604060915,0.7360406091370558,0.14720812182741116,0.03553299492385787,0.025380710659898477,0.0,0.01015228426395939,0,Literal
0.6023391812865497,28.5,4.678362573099415,0.0,0.07017543859649122,12.36,13.27,0.0,0.0,0.0,3.9883040935672516,171.0,6.0,17.710637105046974,0.13450292397660818,0.5906432748538012,4.362573099415204,1.4269005847953216,0.6549707602339181,0.13450292397660818,0.08187134502923976,0.04678362573099415,0.029239766081871343,0.04093567251461988,1,Inferential
0.5705521472392638,23.285714285714285,2.4539877300613497,0.0,0.03067484662576687,10.43,10.3,0.0,0.0,0.0,3.6196319018404908,163.0,7.0,6.334228364970103,0.12883435582822086,0.5828220858895705,4.263803680981595,1.4355828220858895,0.6134969325153374,0.17177914110429449,0.147239263803681,0.03680981595092025,0.006134969325153374,0.024539877300613498,0,Literal
0.5944055944055944,20.428571428571427,6.293706293706294,0.0,0.04895104895104895,9.46,10.69,0.0,0.0,0.0,3.8181818181818183,143.0,7.0,8.54997314711143,0.22377622377622378,0.45454545454545453,4.594405594405594,1.4475524475524475,0.5594405594405595,0.1258741258741259,0.2097902097902098,0.055944055944055944,0.006993006993006993,0.04195804195804196,0,Literal
0.6547619047619048,28.0,2.380952380952381,0.0,0.08928571428571429,11.48,12.15,0.0,0.0,0.0,4.005952380952381,168.0,6.0,9.983319421247959,0.1488095238095238,0.5773809523809523,4.470238095238095,1.369047619047619,0.6011904761904762,0.16666666666666666,0.05357142857142857,0.07142857142857142,0.011904761904761904,0.07738095238095238,0,Literal
0.5659340659340659,26.0,0.0,0.0,0.016483516483516484,8.88,10.4,0.0,0.0,0.0,4.587912087912088,182.0,7.0,11.768168758067983,0.16483516483516483,0.6318681318681318,3.8241758241758244,1.2142857142857142,0.7252747252747253,0.18681318681318682,0.054945054945054944,0.016483516483516484,0.005494505494505495,0.01098901098901099,0,Literal
0.5989010989010989,15.166666666666666,0.5494505494505495,0.0,0.07142857142857142,5.17,6.29,0.0,0.0,0.0,4.181318681318682,182.0,12.0,7.675266915373186,0.24725274725274726,0.5824175824175825,3.9725274725274726,1.2582417582417582,0.6758241758241759,0.14285714285714285,0.016483516483516484,0.06593406593406594,0.02197802197802198,0.04945054945054945,0,Literal
0.5949367088607594,22.571428571428573,2.5316455696202533,0.0,0.006329113924050633,8.67,10.04,0.0,0.0,0.0,3.5443037974683542,158.0,7.0,9.693254544964214,0.10126582278481013,0.6772151898734177,4.1455696202531644,1.3101265822784811,0.7721518987341772,0.17088607594936708,0.03164556962025317,0.0189873417721519,0.0,0.006329113924050633,0,Literal
0.5816326530612245,11.529411764705882,0.5102040816326531,0.0,0.00510204081632653,4.44,4.82,0.0,0.0,0.0,3.4081632653061225,196.0,17.0,5.626801902855585,0.2857142857142857,0.5612244897959183,4.061224489795919,1.316326530612245,0.8214285714285714,0.10714285714285714,0.015306122448979591,0.05102040816326531,0.0,0.00510204081632653,0,Literal
0.5944055944055944,10.214285714285714,3.4965034965034967,0.0,0.04195804195804196,7.54,5.48,0.0,0.0,0.0,2.5524475524475525,143.0,14.0,3.774917217635375,0.1258741258741259,0.5314685314685315,4.713286713286713,1.6223776223776223,0.5804195804195804,0.18181818181818182,0.1048951048951049,0.09090909090909091,0.02097902097902098,0.02097902097902098,0,Literal
0.609375,16.0,3.6458333333333335,0.0,0.03125,8.35,7.86,0.0,0.0,0.0,3.1666666666666665,192.0,12.0,10.296641847385647,0.171875,0.5572916666666666,4.692708333333333,1.5,0.640625,0.16666666666666666,0.11458333333333333,0.036458333333333336,0.010416666666666666,0.020833333333333332,0,Literal
0.5894039735099338,10.066666666666666,1.3245033112582782,0.0,0.13245033112582782,3.97,4.56,0.0,0.0,0.0,2.6754966887417218,151.0,15.0,2.9544693074880453,0.19205298013245034,0.45695364238410596,4.370860927152318,1.3245033112582782,0.5894039735099338,0.16556291390728478,0.026490066225165563,0.013245033112582781,0.0,0.13245033112582782,0,Literal
0.608433734939759,20.75,0.6024096385542169,0.0,0.04819277108433735,7.22,8.54,0.0,0.0,0.0,4.204819277108434,166.0,8.0,13.142845011640365,0.21686746987951808,0.6144578313253012,3.753012048192771,1.2469879518072289,0.8132530120481928,0.06626506024096386,0.012048192771084338,0.060240963855421686,0.0,0.04819277108433735,0,Literal
0.6648648648648648,37.0,1.0810810810810811,0.0,0.05405405405405406,15.23,15.23,0.0,0.0,0.0,4.837837837837838,185.0,5.0,18.73606148580859,0.12972972972972974,0.5405405405405406,4.562162162162162,1.3891891891891892,0.6648648648648648,0.12972972972972974,0.08108108108108109,0.06486486486486487,0.005405405405405406,0.04864864864864865,2,Evaluative
0.6041666666666666,19.2,3.125,0.0,0.03125,10.4,8.93,0.0,0.0,0.0,3.328125,192.0,10.0,10.111874208078342,0.09375,0.5677083333333334,4.671875,1.5677083333333333,0.6614583333333334,0.15104166666666666,0.109375,0.041666666666666664,0.010416666666666666,0.020833333333333332,0,Literal
0.6321243523316062,27.571428571428573,8.290155440414509,0.0,0.10362694300518134,14.12,14.34,0.0,0.0,0.0,4.27979274611399,193.0,7.0,10.253919111386491,0.18652849740932642,0.5181347150259067,4.896373056994818,1.6062176165803108,0.5284974093264249,0.19170984455958548,0.09844559585492228,0.07772020725388601,0.031088082901554404,0.07253886010362694,1,Inferential
0.6117021276595744,18.8,7.446808510638298,0.0,0.07446808510638298,13.02,10.5,0.0,0.0,0.0,3.202127659574468,188.0,10.0,4.267317658670374,0.14361702127659576,0.48404255319148937,5.276595744680851,1.803191489361702,0.526595744680851,0.23404255319148937,0.0797872340425532,0.06914893617021277,0.010638297872340425,0.06382978723404255,1,Inferential
0.5855263157894737,13.818181818181818,0.6578947368421052,0.0,0.019736842105263157,6.18,5.79,0.0,0.0,0.0,3.223684210526316,152.0,11.0,4.4887370529558215,0.13157894736842105,0.5986842105263158,4.177631578947368,1.388157894736842,0.7763157894736842,0.125,0.03289473684210526,0.013157894736842105,0.0,0.019736842105263157,0,Literal
0.6236559139784946,31.0,8.60215053763441,0.0,0.021505376344086023,17.37,15.84,0.0,0.0,0.0,3.9086021505376345,186.0,6.0,10.094002619817813,0.11827956989247312,0.553763440860215,5.102150537634409,1.7688172043010753,0.543010752688172,0.1774193548387097,0.12903225806451613,0.0913978494623656,0.0,0.021505376344086023,2,Evaluative
0.6,23.125,2.1621621621621623,0.0,0.04864864864864865,11.99,10.11,0.0,0.0,0.0,4.427027027027027,185.0,8.0,6.363961030678928,0.1945945945945946,0.4918918918918919,4.54054054054054,1.572972972972973,0.6864864864864865,0.14594594594594595,0.04864864864864865,0.07027027027027027,0.02702702702702703,0.021621621621621623,0,Literal
0.6149068322981367,40.25,3.1055900621118013,0.0,0.031055900621118012,16.52,17.34,0.0,0.0,0.0,4.260869565217392,161.0,4.0,15.98436736314578,0.11180124223602485,0.6459627329192547,4.192546583850931,1.391304347826087,0.6770186335403726,0.19875776397515527,0.043478260869565216,0.049689440993788817,0.006211180124223602,0.024844720496894408,2,Evaluative
0.653179190751445,21.625,0.5780346820809248,0.0,0.046242774566473986,7.51,8.88,0.0,0.0,0.0,3.8265895953757227,173.0,8.0,12.509996003196804,0.15606936416184972,0.6184971098265896,4.109826589595376,1.2427745664739884,0.6994219653179191,0.17341040462427745,0.046242774566473986,0.03468208092485549,0.0,0.046242774566473986,0,Literal
0.4675324675324675,5.133333333333334,0.0,0.0,0.01948051948051948,0.74,2.05,0.0,0.0,0.0,3.292207792207792,154.0,30.0,2.9747082023097473,0.474025974025974,0.512987012987013,3.9220779220779223,1.2142857142857142,0.7077922077922078,0.15584415584415584,0.03896103896103896,0.0,0.0,0.01948051948051948,0,Literal
0.5862068965517241,24.166666666666668,5.517241379310345,0.0,0.14482758620689656,15.16,11.87,0.0,0.0,0.0,3.510344827586207,145.0,6.0,9.17877987534291,0.1310344827586207,0.503448275862069,5.213793103448276,1.806896551724138,0.496551724137931,0.13793103448275862,0.14482758620689656,0.06206896551724138,0.027586206896551724,0.11724137931034483,2,Evaluative
0.6134969325153374,14.818181818181818,5.521472392638037,0.0,0.06748466257668712,9.3,8.14,0.0,0.0,0.0,3.0920245398773005,163.0,11.0,6.806656926303595,0.1411042944785276,0.49079754601226994,4.631901840490798,1.6196319018404908,0.5766871165644172,0.17177914110429449,0.13496932515337423,0.04294478527607362,0.0,0.06748466257668712,0,Literal
0.5493827160493827,18.0,4.938271604938271,0.0,0.037037037037037035,8.91,9.18,0.0,0.0,0.0,3.1666666666666665,162.0,9.0,8.844332774281067,0.1111111111111111,0.5925925925925926,4.265432098765432,1.4814814814814814,0.7098765432098766,0.10493827160493827,0.06790123456790123,0.08024691358024691,0.006172839506172839,0.030864197530864196,0,Literal
0.574468085106383,17.625,3.546099290780142,0.0,0.0070921985815602835,8.36,8.47,0.0,0.0,0.0,3.49645390070922,141.0,8.0,4.871793817476269,0.12056737588652482,0.5460992907801419,4.617021276595745,1.446808510638298,0.6099290780141844,0.19148936170212766,0.11347517730496454,0.07801418439716312,0.0,0.0070921985815602835,0,Literal
0.5618556701030928,24.25,0.5154639175257731,0.0,0.03608247422680412,8.59,9.91,0.0,0.0,0.0,3.1597938144329896,194.0,8.0,5.5677643628300215,0.1134020618556701,0.6237113402061856,4.082474226804123,1.2474226804123711,0.7010309278350515,0.13402061855670103,0.05154639175257732,0.05154639175257732,0.010309278350515464,0.02577319587628866,0,Literal
0.6666666666666666,24.0,4.166666666666666,0.0,0.013888888888888888,11.55,11.27,0.0,0.0,0.0,4.048611111111111,144.0,6.0,12.508885730640527,0.2013888888888889,0.5208333333333334,4.541666666666667,1.5069444444444444,0.6458333333333334,0.1597222222222222,0.14583333333333334,0.034722222222222224,0.006944444444444444,0.006944444444444444,0,Literal
0.5789473684210527,28.5,8.187134502923977,0.0,0.023391812865497075,14.85,14.67,0.0,0.0,0.0,3.9298245614035086,171.0,6.0,22.403496750879462,0.07602339181286549,0.5614035087719298,4.824561403508772,1.6374269005847952,0.6198830409356725,0.14035087719298245,0.1286549707602339,0.08771929824561403,0.0,0.023391812865497075,1,Inferential
0.5757575757575758,11.0,0.0,0.0,0.04040404040404041,4.08,4.4,0.0,0.0,0.0,2.797979797979798,198.0,18.0,4.210510071443648,0.15151515151515152,0.5252525252525253,4.090909090909091,1.303030303030303,0.7121212121212122,0.12121212121212122,0.04040404040404041,0.050505050505050504,0.010101010101010102,0.030303030303030304,0,Literal
0.5870646766169154,28.714285714285715,6.965174129353234,0.0,0.004975124378109453,13.57,14.27,0.0,0.0,0.0,3.985074626865672,201.0,7.0,23.645338669943524,0.08955223880597014,0.681592039800995,4.318407960199005,1.5223880597014925,0.7412935323383084,0.1691542288557214,0.05970149253731343,0.024875621890547265,0.004975124378109453,0.0,1,Inferential
0.6857142857142857,20.0,2.857142857142857,0.0,0.08571428571428572,12.19,9.14,0.0,0.0,0.0,3.857142857142857,140.0,7.0,7.60504665954638,0.18571428571428572,0.5285714285714286,4.8428571428571425,1.6928571428571428,0.5428571428571428,0.17142857142857143,0.10714285714285714,0.07142857142857142,0.014285714285714285,0.07142857142857142,1,Inferential
0.5280898876404494,12.714285714285714,3.932584269662921,0.0,0.028089887640449437,8.39,6.66,0.0,0.0,0.0,2.797752808988764,178.0,14.0,4.846627272482107,0.11797752808988764,0.601123595505618,4.48314606741573,1.6123595505617978,0.6179775280898876,0.21910112359550563,0.056179775280898875,0.07865168539325842,0.0056179775280898875,0.02247191011235955,0,Literal
0.6949152542372882,29.5,1.694915254237288,0.0,0.02824858757062147,10.92,12.48,0.0,0.0,0.0,4.028248587570621,177.0,6.0,16.889345754054535,0.11864406779661017,0.5649717514124294,4.2824858757062145,1.271186440677966,0.6497175141242938,0.13559322033898305,0.10734463276836158,0.07909604519774012,0.0,0.02824858757062147,0,Literal
0.6287425149700598,16.7,13.17365269461078,0.0,0.0718562874251497,12.9,11.95,0.0,0.0,0.0,3.7964071856287425,167.0,10.0,6.3,0.2215568862275449,0.41317365269461076,5.287425149700598,1.8622754491017963,0.4491017964071856,0.1437125748502994,0.1437125748502994,0.12574850299401197,0.005988023952095809,0.0658682634730539,1,Inferential
0.5783783783783784,26.428571428571427,2.7027027027027026,0.0,0.07027027027027027,10.98,11.65,0.0,0.0,0.0,4.34054054054054,185.0,7.0,15.088852487441022,0.16216216216216217,0.6432432432432432,4.108108108108108,1.3783783783783783,0.6972972972972973,0.14594594594594595,0.07027027027027027,0.016216216216216217,0.032432432432432434,0.03783783783783784,0,Literal
0.6583850931677019,23.0,7.453416149068323,0.0,0.037267080745341616,12.29,12.18,0.0,0.0,0.0,3.559006211180124,161.0,7.0,7.298308442539886,0.13664596273291926,0.484472049689441,5.118012422360248,1.6024844720496894,0.5590062111801242,0.2236024844720497,0.10559006211180125,0.062111801242236024,0.012422360248447204,0.024844720496894408,1,Inferential
0.48863636363636365,13.538461538461538,0.0,0.0,0.005681818181818182,4.44,5.42,0.0,0.0,0.0,3.0681818181818183,176.0,13.0,7.005492350786137,0.1590909090909091,0.5909090909090909,3.8579545454545454,1.25,0.7272727272727273,0.1875,0.022727272727272728,0.056818181818181816,0.0,0.005681818181818182,0,Literal
0.6938775510204082,21.0,2.7210884353741496,0.0,0.10884353741496598,8.25,9.49,0.0,0.0,0.0,3.6530612244897958,147.0,7.0,7.634508123364221,0.14965986394557823,0.54421768707483,4.210884353741497,1.3265306122448979,0.6122448979591837,0.16326530612244897,0.061224489795918366,0.05442176870748299,0.013605442176870748,0.09523809523809523,0,Literal
0.6724137931034483,29.0,3.4482758620689653,0.0,0.034482758620689655,11.39,12.98,0.0,0.0,0.0,4.109195402298851,174.0,6.0,13.461880337539112,0.14367816091954022,0.5747126436781609,4.293103448275862,1.3275862068965518,0.6954022988505747,0.1781609195402299,0.05172413793103448,0.040229885057471264,0.017241379310344827,0.017241379310344827,0,Literal
0.5767195767195767,27.0,10.052910052910052,0.0,0.05291005291005291,15.04,14.82,0.0,0.0,0.0,4.37037037037037,189.0,7.0,15.578635291674955,0.15343915343915343,0.544973544973545,5.031746031746032,1.7037037037037037,0.5873015873015873,0.13756613756613756,0.15343915343915343,0.06878306878306878,0.005291005291005291,0.047619047619047616,2,Evaluative
0.653179190751445,34.6,1.7341040462427744,0.0,0.08670520231213873,13.39,14.53,0.0,0.0,0.0,4.196531791907514,173.0,5.0,8.309031231136396,0.1791907514450867,0.5491329479768786,4.219653179190751,1.3121387283236994,0.6416184971098265,0.1329479768786127,0.09826589595375723,0.04046242774566474,0.0,0.08670520231213873,1,Inferential
0.6474358974358975,78.0,2.564102564102564,0.0,0.03205128205128205,30.26,32.23,0.0,0.0,0.0,5.67948717948718,156.0,2.0,36.5,0.1346153846153846,0.6153846153846154,4.147435897435898,1.3076923076923077,0.8076923076923077,0.08974358974358974,0.057692307692307696,0.01282051282051282,0.0,0.03205128205128205,2,Evaluative
0.5963855421686747,15.090909090909092,9.036144578313253,0.0,0.12650602409638553,11.19,9.65,0.0,0.0,0.0,4.433734939759036,166.0,11.0,8.371537769615518,0.25903614457831325,0.45180722891566266,5.066265060240964,1.7710843373493976,0.4879518072289157,0.23493975903614459,0.09036144578313253,0.03614457831325301,0.012048192771084338,0.1144578313253012,0,Literal
0.4642857142857143,18.666666666666668,1.7857142857142856,0.0,0.0,5.88,8.18,0.0,0.0,0.0,3.6904761904761907,168.0,9.0,7.702813338860896,0.125,0.7142857142857143,3.6726190476190474,1.2023809523809523,0.7857142857142857,0.17261904761904762,0.017857142857142856,0.011904761904761904,0.0,0.0,0,Literal
0.4860335195530726,9.944444444444445,0.5586592178770949,0.0,0.027932960893854747,3.71,4.2,0.0,0.0,0.0,2.6927374301675977,179.0,18.0,3.718903993595458,0.1564245810055866,0.547486033519553,4.17877094972067,1.3072625698324023,0.7597765363128491,0.11173184357541899,0.05027932960893855,0.0223463687150838,0.0,0.027932960893854747,0,Literal
0.6,16.875,5.9259259259259265,0.0,0.05185185185185185,10.83,9.12,0.0,0.0,0.0,3.762962962962963,135.0,8.0,5.385164807134504,0.16296296296296298,0.5111111111111111,4.511111111111111,1.6814814814814816,0.6074074074074074,0.11851851851851852,0.14814814814814814,0.07407407407407407,0.044444444444444446,0.007407407407407408,0,Literal
0.64375,40.0,3.125,0.0,0.0375,16.75,17.25,0.0,0.0,0.0,4.53125,160.0,4.0,21.365860619221497,0.175,0.6125,4.4,1.41875,0.74375,0.1125,0.05625,0.04375,0.0,0.0375,2,Evaluative
0.7171052631578947,25.333333333333332,2.631578947368421,0.0,0.10526315789473684,10.44,11.19,0.0,0.0,0.0,6.644736842105263,152.0,6.0,21.99747460252856,0.23684210526315788,0.5328947368421053,4.5,1.368421052631579,0.625,0.1513157894736842,0.08552631578947369,0.03289473684210526,0.006578947368421052,0.09868421052631579,0,Literal
0.6190476190476191,28.0,5.357142857142857,0.0,0.07142857142857142,11.2,13.34,0.0,0.0,0.0,4.0476190476190474,168.0,6.0,8.755950357709132,0.13690476190476192,0.6011904761904762,4.190476190476191,1.3452380952380953,0.6964285714285714,0.1488095238095238,0.05357142857142857,0.02976190476190476,0.0,0.07142857142857142,0,Literal
0.5272727272727272,23.571428571428573,3.6363636363636362,0.0,0.01818181818181818,11.12,10.88,0.0,0.0,0.0,3.296969696969697,165.0,7.0,9.722685444099175,0.09696969696969697,0.6303030303030303,4.357575757575757,1.4848484848484849,0.696969696969697,0.09090909090909091,0.11515151515151516,0.07878787878787878,0.006060606060606061,0.012121212121212121,0,Literal
0.572139303482587,16.75,0.0,0.0,0.004975124378109453,5.44,6.7,0.0,0.0,0.0,3.626865671641791,201.0,12.0,8.024268744807149,0.14925373134328357,0.6218905472636815,4.0497512437810945,1.228855721393035,0.8059701492537313,0.12437810945273632,0.05472636815920398,0.009950248756218905,0.0,0.004975124378109453,0,Literal
0.6145833333333334,24.0,5.729166666666666,0.0,0.036458333333333336,11.84,11.89,0.0,0.0,0.0,3.5833333333333335,192.0,8.0,7.176350047203662,0.11979166666666667,0.53125,4.713541666666667,1.53125,0.609375,0.13020833333333334,0.140625,0.06770833333333333,0.005208333333333333,0.03125,0,Literal
0.6099290780141844,14.1,2.8368794326241136,0.0,0.05673758865248227,7.82,6.77,0.0,0.0,0.0,3.0638297872340425,141.0,10.0,13.778606605894517,0.11347517730496454,0.5602836879432624,4.588652482269503,1.5177304964539007,0.6453900709219859,0.14893617021276595,0.10638297872340426,0.0425531914893617,0.0070921985815602835,0.04964539007092199,0,Literal
0.5777777777777777,9.473684210526315,0.5555555555555556,0.0,0.05555555555555555,3.9,4.01,0.0,0.0,0.0,3.977777777777778,180.0,19.0,9.648102019370302,0.3333333333333333,0.43333333333333335,4.555555555555555,1.3388888888888888,0.6444444444444445,0.20555555555555555,0.06666666666666667,0.027777777777777776,0.016666666666666666,0.03888888888888889,0,Literal
0.5454545454545454,24.75,0.0,0.0,0.010101010101010102,11.29,9.9,0.0,0.0,0.0,3.3585858585858586,198.0,8.0,6.009107670860957,0.1111111111111111,0.5707070707070707,4.282828282828283,1.4595959595959596,0.6363636363636364,0.14646464646464646,0.10101010101010101,0.10606060606060606,0.010101010101010102,0.0,0,Literal
0.5175879396984925,10.473684210526315,1.0050251256281406,0.0,0.035175879396984924,5.99,4.59,0.0,0.0,0.0,3.020100502512563,199.0,19.0,5.604212898888343,0.20100502512562815,0.5778894472361809,4.231155778894473,1.4824120603015076,0.6984924623115578,0.12562814070351758,0.04522613065326633,0.020100502512562814,0.010050251256281407,0.02512562814070352,0,Literal
0.65,25.714285714285715,3.888888888888889,0.0,0.12777777777777777,13.84,11.84,0.0,0.0,0.0,3.8777777777777778,180.0,7.0,10.526933386823167,0.16666666666666666,0.5222222222222223,4.861111111111111,1.6444444444444444,0.5222222222222223,0.16111111111111112,0.1111111111111111,0.07777777777777778,0.027777777777777776,0.1,1,Inferential
0.6067415730337079,22.25,4.49438202247191,0.0,0.0898876404494382,12.64,10.7,0.0,0.0,0.0,3.359550561797753,178.0,8.0,12.010412149464313,0.10674157303370786,0.5617977528089888,4.797752808988764,1.6573033707865168,0.5730337078651685,0.14606741573033707,0.11797752808988764,0.056179775280898875,0.011235955056179775,0.07865168539325842,1,Inferential
0.6333333333333333,13.846153846153847,7.222222222222221,0.0,0.07222222222222222,11.18,8.43,0.0,0.0,0.0,3.261111111111111,180.0,13.0,6.673270890552715,0.17222222222222222,0.4388888888888889,5.311111111111111,1.8111111111111111,0.5222222222222223,0.18333333333333332,0.09444444444444444,0.12777777777777777,0.005555555555555556,0.06666666666666667,0,Literal
0.5865921787709497,19.88888888888889,2.793296089385475,0.0,0.1005586592178771,8.38,9.07,0.0,0.0,0.0,3.011173184357542,179.0,9.0,7.370277311900889,0.07262569832402235,0.5921787709497207,4.217877094972067,1.3743016759776536,0.6536312849162011,0.1564245810055866,0.03910614525139665,0.05027932960893855,0.00558659217877095,0.09497206703910614,0,Literal
0.6542553191489362,20.88888888888889,4.25531914893617,0.0,0.031914893617021274,9.13,10.06,0.0,0.0,0.0,3.3138297872340425,188.0,9.0,5.033222956847166,0.13829787234042554,0.5585106382978723,4.5,1.4042553191489362,0.6542553191489362,0.16489361702127658,0.0851063829787234,0.06382978723404255,0.005319148936170213,0.026595744680851064,0,Literal
0.45625,40.0,0.625,0.0,0.0,16.6,16.25,0.0,0.0,0.0,3.0125,160.0,4.0,21.695333599647643,0.0875,0.6125,3.98125,1.40625,0.7125,0.18125,0.0875,0.01875,0.0,0.0,2,Evaluative
0.6217948717948718,12.0,0.0,0.0,0.01282051282051282,4.45,4.8,0.0,0.0,0.0,4.243589743589744,156.0,13.0,7.1235919401786,0.28205128205128205,0.6153846153846154,4.166666666666667,1.3012820512820513,0.7307692307692307,0.11538461538461539,0.04487179487179487,0.03205128205128205,0.0,0.01282051282051282,0,Literal
0.5425531914893617,13.428571428571429,1.5957446808510638,0.0,0.03723404255319149,5.78,6.01,0.0,0.0,0.0,3.2393617021276597,188.0,14.0,6.758214955722783,0.19680851063829788,0.5797872340425532,4.3138297872340425,1.3670212765957446,0.6808510638297872,0.1702127659574468,0.09042553191489362,0.02127659574468085,0.0,0.03723404255319149,0,Literal
0.6013071895424836,21.857142857142858,0.0,0.0,0.0196078431372549,8.28,8.74,0.0,0.0,0.0,4.254901960784314,153.0,7.0,8.103916916390192,0.17647058823529413,0.6209150326797386,3.849673202614379,1.3006535947712419,0.7254901960784313,0.16339869281045752,0.032679738562091505,0.0457516339869281,0.0,0.0196078431372549,0,Literal
0.6820809248554913,17.3,2.8901734104046244,0.0,0.06358381502890173,7.25,8.08,0.0,0.0,0.0,3.560693641618497,173.0,10.0,7.563729238940272,0.15028901734104047,0.5491329479768786,4.4393063583815024,1.3641618497109826,0.7167630057803468,0.09826589595375723,0.07514450867052024,0.028901734104046242,0.011560693641618497,0.05202312138728324,0,Literal
0.6285714285714286,35.0,9.142857142857142,0.0,0.022857142857142857,17.82,17.66,0.0,0.0,0.0,5.325714285714286,175.0,5.0,37.547836156029014,0.12571428571428572,0.5771428571428572,5.011428571428572,1.6742857142857144,0.5542857142857143,0.18857142857142858,0.12,0.11428571428571428,0.011428571428571429,0.011428571428571429,2,Evaluative
0.6794871794871795,22.285714285714285,8.974358974358974,0.0,0.08974358974358974,13.07,12.5,0.0,0.0,0.0,4.160256410256411,156.0,7.0,9.926258723451548,0.12179487179487179,0.5448717948717948,4.878205128205129,1.6923076923076923,0.5192307692307693,0.15384615384615385,0.1858974358974359,0.05128205128205128,0.019230769230769232,0.07051282051282051,1,Inferential
0.6470588235294118,34.0,1.7647058823529411,0.0,0.0058823529411764705,13.84,14.31,0.0,0.0,0.0,3.4176470588235293,170.0,5.0,10.334408546211051,0.08235294117647059,0.611764705882353,4.288235294117647,1.3705882352941177,0.6823529411764706,0.14705882352941177,0.09411764705882353,0.07058823529411765,0.0,0.0058823529411764705,1,Inferential
0.6788321167883211,27.4,0.7299270072992701,0.0,0.08759124087591241,9.65,11.25,0.0,0.0,0.0,4.2700729927007295,137.0,5.0,15.270887335056859,0.1897810218978102,0.5620437956204379,3.883211678832117,1.2335766423357664,0.7226277372262774,0.10948905109489052,0.0364963503649635,0.043795620437956206,0.021897810218978103,0.06569343065693431,0,Literal
0.6022727272727273,9.777777777777779,3.4090909090909087,0.0,0.022727272727272728,5.12,5.27,0.0,0.0,0.0,2.522727272727273,176.0,18.0,5.137612454087508,0.16477272727272727,0.6079545454545454,4.2727272727272725,1.4318181818181819,0.6988636363636364,0.1590909090909091,0.07954545454545454,0.03977272727272727,0.0,0.022727272727272728,0,Literal
0.6153846153846154,31.2,1.9230769230769231,0.0,0.019230769230769232,13.14,13.25,0.0,0.0,0.0,3.6794871794871793,156.0,5.0,16.911534525287763,0.09615384615384616,0.6602564102564102,4.07051282051282,1.4038461538461537,0.6538461538461539,0.19230769230769232,0.07692307692307693,0.057692307692307696,0.01282051282051282,0.00641025641025641,1,Inferential
0.659217877094972,19.88888888888889,5.027932960893855,0.0,0.0335195530726257,9.64,9.97,0.0,0.0,0.0,3.625698324022346,179.0,9.0,6.4635731432217725,0.15083798882681565,0.5307262569832403,4.5251396648044695,1.4804469273743017,0.659217877094972,0.16201117318435754,0.11173184357541899,0.0335195530726257,0.00558659217877095,0.027932960893854747,0,Literal
0.5153061224489796,32.666666666666664,3.061224489795918,0.0,0.00510204081632653,14.31,14.29,0.0,0.0,0.0,3.188775510204082,196.0,6.0,18.49023766447822,0.08673469387755102,0.5918367346938775,4.158163265306122,1.4540816326530612,0.6428571428571429,0.21428571428571427,0.09183673469387756,0.04591836734693878,0.0,0.00510204081632653,1,Inferential
0.6821192052980133,25.166666666666668,3.3112582781456954,0.0,0.026490066225165563,10.24,11.39,0.0,0.0,0.0,3.662251655629139,151.0,6.0,13.9134227756269,0.16556291390728478,0.5960264900662252,4.099337748344371,1.3576158940397351,0.695364238410596,0.15894039735099338,0.06622516556291391,0.052980132450331126,0.006622516556291391,0.019867549668874173,0,Literal
0.6341463414634146,27.333333333333332,3.6585365853658534,0.0,0.03048780487804878,11.91,12.4,0.0,0.0,0.0,3.6951219512195124,164.0,6.0,14.9071198499986,0.10365853658536585,0.6463414634146342,4.2682926829268295,1.4268292682926829,0.676829268292683,0.17073170731707318,0.07926829268292683,0.042682926829268296,0.006097560975609756,0.024390243902439025,0,Literal
0.6275510204081632,19.6,3.061224489795918,0.0,0.04591836734693878,7.59,9.06,0.0,0.0,0.0,3.8622448979591835,196.0,10.0,13.177253128023306,0.17346938775510204,0.6173469387755102,4.158163265306122,1.316326530612245,0.7142857142857143,0.15816326530612246,0.04591836734693878,0.03571428571428571,0.0,0.04591836734693878,0,Literal
0.6417112299465241,20.77777777777778,2.13903743315508,0.0,0.0748663101604278,7.53,9.17,0.0,0.0,0.0,4.935828877005347,187.0,9.0,13.211480230335404,0.2887700534759358,0.5989304812834224,4.016042780748663,1.2727272727272727,0.7058823529411765,0.11229946524064172,0.06951871657754011,0.026737967914438502,0.0053475935828877,0.06951871657754011,0,Literal
0.5925925925925926,13.5,0.6172839506172839,0.0,0.04938271604938271,7.59,5.65,0.0,0.0,0.0,3.2160493827160495,162.0,12.0,4.444097208657794,0.19753086419753085,0.5308641975308642,4.327160493827161,1.5185185185185186,0.6111111111111112,0.13580246913580246,0.06790123456790123,0.13580246913580246,0.018518518518518517,0.030864197530864196,0,Literal
0.6951219512195121,32.8,1.8292682926829267,0.0,0.03048780487804878,13.1,13.85,0.0,0.0,0.0,3.9695121951219514,164.0,5.0,17.814600753314682,0.12195121951219512,0.6341463414634146,4.097560975609756,1.3475609756097562,0.725609756097561,0.17682926829268292,0.03048780487804878,0.036585365853658534,0.006097560975609756,0.024390243902439025,1,Inferential
0.6045197740112994,14.75,2.824858757062147,0.0,0.02824858757062147,5.3,7.03,0.0,0.0,0.0,4.107344632768362,177.0,12.0,6.1553951042064625,0.1977401129943503,0.5536723163841808,4.141242937853107,1.2824858757062148,0.672316384180791,0.1751412429378531,0.03954802259887006,0.04519774011299435,0.005649717514124294,0.022598870056497175,0,Literal
0.5119047619047619,16.8,0.0,0.0,0.0,4.94,6.72,0.0,0.0,0.0,4.107142857142857,168.0,10.0,7.884161337770809,0.2261904761904762,0.6428571428571429,3.5654761904761907,1.1845238095238095,0.7202380952380952,0.17857142857142858,0.041666666666666664,0.05952380952380952,0.0,0.0,0,Literal
0.5759162303664922,15.916666666666666,2.6178010471204187,0.0,0.06282722513089005,6.49,7.41,0.0,0.0,0.0,4.371727748691099,191.0,12.0,11.951290027998372,0.25654450261780104,0.5968586387434555,4.157068062827225,1.3455497382198953,0.6649214659685864,0.13612565445026178,0.06282722513089005,0.07329842931937172,0.0,0.06282722513089005,0,Literal
0.5886524822695035,23.5,4.25531914893617,0.0,0.03546099290780142,8.72,11.1,0.0,0.0,0.0,3.2907801418439715,141.0,6.0,12.283683848458853,0.07092198581560284,0.5957446808510638,4.035460992907802,1.2836879432624113,0.7730496453900709,0.12056737588652482,0.0425531914893617,0.028368794326241134,0.0,0.03546099290780142,0,Literal
0.6395348837209303,6.37037037037037,1.744186046511628,0.0,0.0,3.98,3.25,0.0,0.0,0.0,2.1511627906976742,172.0,27.0,2.9832637874966323,0.18023255813953487,0.4883720930232558,4.4186046511627906,1.447674418604651,0.7790697674418605,0.18604651162790697,0.029069767441860465,0.005813953488372093,0.0,0.0,0,Literal
0.684931506849315,48.666666666666664,1.36986301369863,0.0,0.0821917808219178,18.99,20.01,0.0,0.0,0.0,4.301369863013699,146.0,3.0,23.338094752285727,0.136986301369863,0.5205479452054794,4.301369863013699,1.321917808219178,0.7054794520547946,0.1095890410958904,0.0684931506849315,0.03424657534246575,0.0136986301369863,0.0684931506849315,2,Evaluative
0.5444444444444444,16.363636363636363,2.2222222222222223,0.0,0.011111111111111112,6.85,7.43,0.0,0.0,0.0,3.1444444444444444,180.0,11.0,5.756778254177297,0.14444444444444443,0.6166666666666667,4.177777777777778,1.3611111111111112,0.7166666666666667,0.12222222222222222,0.10555555555555556,0.044444444444444446,0.0,0.011111111111111112,0,Literal
0.6120218579234973,26.142857142857142,1.092896174863388,0.0,0.0,8.6,10.89,0.0,0.0,0.0,4.907103825136612,183.0,7.0,9.019253781522627,0.20765027322404372,0.6502732240437158,3.879781420765027,1.185792349726776,0.7650273224043715,0.18032786885245902,0.0273224043715847,0.0273224043715847,0.0,0.0,0,Literal
0.5897435897435898,22.285714285714285,4.487179487179487,0.0,0.03205128205128205,10.65,10.71,0.0,0.0,0.0,3.7051282051282053,156.0,7.0,10.433462649434409,0.1346153846153846,0.5897435897435898,4.416666666666667,1.4871794871794872,0.7628205128205128,0.14102564102564102,0.05128205128205128,0.0,0.019230769230769232,0.01282051282051282,0,Literal
0.5561497326203209,20.77777777777778,1.06951871657754,0.0,0.03208556149732621,7.09,8.74,0.0,0.0,0.0,3.9037433155080214,187.0,9.0,6.876332643007023,0.15508021390374332,0.5989304812834224,3.9679144385026737,1.2352941176470589,0.7433155080213903,0.13903743315508021,0.053475935828877004,0.03208556149732621,0.0,0.03208556149732621,0,Literal
0.580110497237569,25.857142857142858,6.077348066298343,0.0,0.06629834254143646,12.81,12.77,0.0,0.0,0.0,4.43646408839779,181.0,7.0,13.891709464163679,0.12154696132596685,0.5414364640883977,4.707182320441989,1.5524861878453038,0.574585635359116,0.17679558011049723,0.12154696132596685,0.055248618784530384,0.011049723756906077,0.055248618784530384,1,Inferential
0.6648351648351648,20.22222222222222,5.4945054945054945,0.0,0.04945054945054945,10.97,10.29,0.0,0.0,0.0,3.1153846153846154,182.0,9.0,9.908220804270202,0.08791208791208792,0.6043956043956044,4.862637362637362,1.5824175824175823,0.6648351648351648,0.15384615384615385,0.08241758241758242,0.03296703296703297,0.016483516483516484,0.03296703296703297,0,Literal
0.5730337078651685,13.692307692307692,2.247191011235955,0.0,0.033707865168539325,4.86,6.38,0.0,0.0,0.0,4.280898876404494,178.0,13.0,6.834475778843439,0.2640449438202247,0.6460674157303371,4.123595505617978,1.2808988764044944,0.7359550561797753,0.1797752808988764,0.033707865168539325,0.0,0.0,0.033707865168539325,0,Literal
0.567741935483871,11.071428571428571,0.6451612903225806,0.0,0.0,4.41,4.69,0.0,0.0,0.0,2.670967741935484,155.0,14.0,4.088310863215481,0.14838709677419354,0.5290322580645161,4.083870967741936,1.3290322580645162,0.7612903225806451,0.14838709677419354,0.03225806451612903,0.012903225806451613,0.0,0.0,0,Literal
0.5722543352601156,19.22222222222222,5.202312138728324,0.0,0.023121387283236993,9.44,9.77,0.0,0.0,0.0,3.4739884393063583,173.0,9.0,7.7746025264604,0.1676300578034682,0.49710982658959535,4.7514450867052025,1.4855491329479769,0.6763005780346821,0.13872832369942195,0.11560693641618497,0.046242774566473986,0.005780346820809248,0.017341040462427744,0,Literal
0.6944444444444444,30.0,3.888888888888889,0.0,0.027777777777777776,13.35,13.56,0.0,0.0,0.0,3.827777777777778,180.0,6.0,10.714735440296954,0.12777777777777777,0.5555555555555556,4.4944444444444445,1.461111111111111,0.6777777777777778,0.15555555555555556,0.08888888888888889,0.05,0.0,0.027777777777777776,1,Inferential
0.5375,20.0,8.125,0.0,0.00625,13.23,11.25,0.0,0.0,0.0,3.86875,160.0,8.0,11.799761650135142,0.18125,0.49375,5.125,1.78125,0.65,0.10625,0.125,0.1,0.00625,0.0,1,Inferential
0.6101694915254238,25.285714285714285,6.779661016949152,0.0,0.03954802259887006,12.6,12.83,0.0,0.0,0.0,3.937853107344633,177.0,7.0,9.00566714998542,0.12429378531073447,0.5819209039548022,4.734463276836158,1.5536723163841808,0.5875706214689266,0.1807909604519774,0.11299435028248588,0.05084745762711865,0.005649717514124294,0.03389830508474576,1,Inferential
0.5562130177514792,16.9,5.325443786982249,0.0,0.08284023668639054,10.2,8.89,0.0,0.0,0.0,3.029585798816568,169.0,10.0,6.273754856543249,0.10650887573964497,0.5207100591715976,4.93491124260355,1.6272189349112427,0.5266272189349113,0.22485207100591717,0.09467455621301775,0.07100591715976332,0.011834319526627219,0.07100591715976332,0,Literal
0.6836158192090396,44.25,1.1299435028248588,0.0,0.05084745762711865,17.73,18.15,0.0,0.0,0.0,4.141242937853107,177.0,4.0,31.736217480979047,0.0903954802259887,0.480225988700565,4.446327683615819,1.3615819209039548,0.6045197740112994,0.15254237288135594,0.0903954802259887,0.096045197740113,0.005649717514124294,0.04519774011299435,2,Evaluative
0.6491228070175439,17.1,0.0,0.0,0.005847953216374269,5.43,6.84,0.0,0.0,0.0,3.982456140350877,171.0,10.0,7.66550715869472,0.1695906432748538,0.6081871345029239,3.789473684210526,1.2163742690058479,0.7192982456140351,0.15204678362573099,0.07017543859649122,0.05263157894736842,0.0,0.005847953216374269,0,Literal
0.6243386243386243,12.6,1.0582010582010581,0.0,0.05291005291005291,4.5,5.46,0.0,0.0,0.0,3.3439153439153437,189.0,15.0,4.615914499497004,0.19576719576719576,0.582010582010582,4.111111111111111,1.2857142857142858,0.6825396825396826,0.1746031746031746,0.047619047619047616,0.042328042328042326,0.005291005291005291,0.047619047619047616,0,Literal
0.6237113402061856,21.555555555555557,3.608247422680412,0.0,0.07216494845360824,10.27,10.07,0.0,0.0,0.0,3.6443298969072164,194.0,9.0,6.896053621859067,0.15979381443298968,0.6082474226804123,4.505154639175258,1.4793814432989691,0.6185567010309279,0.19072164948453607,0.06701030927835051,0.05154639175257732,0.0,0.07216494845360824,0,Literal
0.62,18.75,0.6666666666666667,0.0,0.04,6.51,7.77,0.0,0.0,0.0,3.4,150.0,8.0,8.04673846971554,0.18666666666666668,0.6333333333333333,4.033333333333333,1.2533333333333334,0.7,0.18,0.04,0.04,0.006666666666666667,0.03333333333333333,0,Literal
0.585,33.333333333333336,8.0,0.0,0.025,17.71,16.53,0.0,0.0,0.0,3.97,200.0,6.0,7.781745019952501,0.115,0.56,5.005,1.72,0.565,0.135,0.185,0.09,0.01,0.015,2,Evaluative
0.56,15.909090909090908,0.5714285714285714,0.0,0.011428571428571429,6.19,6.59,0.0,0.0,0.0,2.8685714285714288,175.0,11.0,7.608173073784609,0.08,0.52,4.4,1.32,0.6342857142857142,0.28,0.04,0.02857142857142857,0.005714285714285714,0.005714285714285714,0,Literal
0.5967741935483871,46.5,2.1505376344086025,0.0,0.08064516129032258,19.74,19.46,0.0,0.0,0.0,4.220430107526882,186.0,4.0,19.20286436967152,0.08602150537634409,0.5645161290322581,4.510752688172043,1.456989247311828,0.6505376344086021,0.13978494623655913,0.10215053763440861,0.026881720430107527,0.005376344086021506,0.07526881720430108,2,Evaluative
0.603448275862069,29.0,4.597701149425287,0.0,0.04597701149425287,15.79,13.44,0.0,0.0,0.0,3.7471264367816093,174.0,6.0,20.15288785481845,0.10919540229885058,0.4827586206896552,5.14367816091954,1.7011494252873562,0.5172413793103449,0.1781609195402299,0.1724137931034483,0.08045977011494253,0.005747126436781609,0.040229885057471264,2,Evaluative
0.6413793103448275,20.714285714285715,0.6896551724137931,0.0,0.06206896551724138,8.44,8.56,0.0,0.0,0.0,3.3793103448275863,145.0,7.0,5.256676997992599,0.1310344827586207,0.6068965517241379,4.2827586206896555,1.3517241379310345,0.6482758620689655,0.1793103448275862,0.05517241379310345,0.05517241379310345,0.006896551724137931,0.05517241379310345,0,Literal
0.6408450704225352,14.2,0.0,0.0,0.04929577464788732,5.65,5.68,0.0,0.0,0.0,3.7183098591549295,142.0,10.0,9.65867485734974,0.16901408450704225,0.6408450704225352,4.091549295774648,1.3309859154929577,0.7183098591549296,0.1619718309859155,0.056338028169014086,0.007042253521126761,0.02112676056338028,0.028169014084507043,0,Literal
0.5309278350515464,19.4,10.309278350515463,0.0,0.020618556701030927,12.11,11.88,0.0,0.0,0.0,3.154639175257732,194.0,10.0,6.161168720299745,0.1134020618556701,0.5567010309278351,5.036082474226804,1.7061855670103092,0.6391752577319587,0.17010309278350516,0.07731958762886598,0.061855670103092786,0.0,0.020618556701030927,1,Inferential
0.7028571428571428,21.875,2.857142857142857,0.0,0.07428571428571429,10.74,9.89,0.0,0.0,0.0,3.5942857142857143,175.0,8.0,12.839757591169702,0.1657142857142857,0.5428571428571428,4.588571428571429,1.5085714285714287,0.6228571428571429,0.1657142857142857,0.08,0.05714285714285714,0.011428571428571429,0.06285714285714286,0,Literal
0.6243093922651933,25.857142857142858,8.287292817679557,0.0,0.04419889502762431,14.12,13.66,0.0,0.0,0.0,4.613259668508287,181.0,7.0,13.746984827107896,0.15469613259668508,0.5359116022099447,4.8397790055248615,1.6629834254143647,0.5469613259668509,0.143646408839779,0.19889502762430938,0.06629834254143646,0.011049723756906077,0.03314917127071823,1,Inferential
0.58,50.0,10.666666666666668,0.0,0.05333333333333334,24.76,24.27,0.0,0.0,0.0,5.233333333333333,150.0,3.0,4.242640687119285,0.1,0.5266666666666666,5.093333333333334,1.7666666666666666,0.5666666666666667,0.17333333333333334,0.12,0.08666666666666667,0.02666666666666667,0.02666666666666667,2,Evaluative
0.574468085106383,23.5,2.6595744680851063,0.0,0.0797872340425532,12.09,10.46,0.0,0.0,0.0,3.845744680851064,188.0,8.0,8.462232270506405,0.1595744680851064,0.526595744680851,4.74468085106383,1.5691489361702127,0.5372340425531915,0.19148936170212766,0.0797872340425532,0.0851063829787234,0.005319148936170213,0.07446808510638298,1,Inferential
0.5052631578947369,17.272727272727273,3.1578947368421053,0.0,0.08421052631578947,9.16,8.17,0.0,0.0,0.0,3.163157894736842,190.0,11.0,8.023725150405902,0.10526315789473684,0.5210526315789473,4.589473684210526,1.5263157894736843,0.6526315789473685,0.11578947368421053,0.12105263157894737,0.02631578947368421,0.010526315789473684,0.07368421052631578,0,Literal
0.564935064935065,7.333333333333333,0.6493506493506493,0.0,0.006493506493506494,3.97,3.19,0.0,0.0,0.0,2.551948051948052,154.0,21.0,2.6962643175032506,0.24025974025974026,0.5,4.116883116883117,1.4155844155844155,0.6363636363636364,0.1038961038961039,0.05844155844155844,0.032467532467532464,0.0,0.006493506493506494,0,Literal
0.5903614457831325,41.5,7.228915662650602,0.0,0.03614457831325301,20.64,19.49,0.0,0.0,0.0,3.825301204819277,166.0,4.0,7.123903424387503,0.060240963855421686,0.5060240963855421,5.018072289156627,1.6987951807228916,0.5602409638554217,0.18674698795180722,0.12048192771084337,0.0963855421686747,0.018072289156626505,0.018072289156626505,2,Evaluative
0.5380116959064327,15.545454545454545,3.508771929824561,0.0,0.04093567251461988,8.48,7.62,0.0,0.0,0.0,2.9883040935672516,171.0,11.0,4.438747496630437,0.0935672514619883,0.543859649122807,4.578947368421052,1.5263157894736843,0.5789473684210527,0.1695906432748538,0.1695906432748538,0.03508771929824561,0.011695906432748537,0.029239766081871343,0,Literal
0.618421052631579,25.333333333333332,3.9473684210526314,0.0,0.006578947368421052,11.37,11.71,0.0,0.0,0.0,3.2828947368421053,152.0,6.0,10.094002619817815,0.10526315789473684,0.5,4.822368421052632,1.4473684210526316,0.6118421052631579,0.23684210526315788,0.125,0.019736842105263157,0.0,0.006578947368421052,0,Literal
0.6855670103092784,14.923076923076923,2.5773195876288657,0.0,0.08247422680412371,7.08,7.0,0.0,0.0,0.0,3.097938144329897,194.0,13.0,6.831877941899851,0.12371134020618557,0.4948453608247423,4.515463917525773,1.4278350515463918,0.6185567010309279,0.16494845360824742,0.07731958762886598,0.05670103092783505,0.010309278350515464,0.07216494845360824,0,Literal
0.6022727272727273,17.6,2.272727272727273,0.0,0.056818181818181816,7.57,7.95,0.0,0.0,0.0,3.3295454545454546,176.0,10.0,12.506398362438324,0.17045454545454544,0.5340909090909091,4.426136363636363,1.3806818181818181,0.5795454545454546,0.17613636363636365,0.13636363636363635,0.045454545454545456,0.011363636363636364,0.045454545454545456,0,Literal
0.5900621118012422,20.125,0.6211180124223602,0.0,0.07453416149068323,7.36,8.3,0.0,0.0,0.0,3.968944099378882,161.0,8.0,13.827056809024834,0.20496894409937888,0.6086956521739131,3.950310559006211,1.279503105590062,0.7080745341614907,0.09316770186335403,0.07453416149068323,0.043478260869565216,0.006211180124223602,0.06832298136645963,0,Literal
0.6,27.5,4.242424242424243,0.0,0.048484848484848485,12.73,12.7,0.0,0.0,0.0,4.448484848484848,165.0,6.0,12.39287429668087,0.18181818181818182,0.5333333333333333,4.606060606060606,1.490909090909091,0.6060606060606061,0.17575757575757575,0.06060606060606061,0.10909090909090909,0.01818181818181818,0.030303030303030304,1,Inferential
0.45263157894736844,21.11111111111111,2.631578947368421,0.0,0.05789473684210526,10.47,9.5,0.0,0.0,0.0,3.389473684210526,190.0,9.0,5.94418483337567,0.12105263157894737,0.5736842105263158,4.636842105263158,1.5105263157894737,0.631578947368421,0.17894736842105263,0.11578947368421053,0.015789473684210527,0.010526315789473684,0.04736842105263158,0,Literal
0.6309523809523809,21.0,2.976190476190476,0.0,0.03571428571428571,8.61,9.59,0.0,0.0,0.0,4.255952380952381,168.0,8.0,10.092540562217225,0.19642857142857142,0.6607142857142857,4.083333333333333,1.3571428571428572,0.7083333333333334,0.16071428571428573,0.02976190476190476,0.05952380952380952,0.0,0.03571428571428571,0,Literal
0.5197368421052632,30.4,9.868421052631579,0.0,0.07894736842105263,17.15,16.11,0.0,0.0,0.0,4.703947368421052,152.0,5.0,20.639767440550294,0.17105263157894737,0.5197368421052632,5.072368421052632,1.769736842105263,0.5789473684210527,0.13815789473684212,0.10526315789473684,0.09210526315789473,0.02631578947368421,0.05263157894736842,2,Evaluative
0.6086956521739131,26.833333333333332,0.0,0.0,0.012422360248447204,8.8,10.73,0.0,0.0,0.0,4.894409937888199,161.0,6.0,14.064336299859853,0.2111801242236025,0.6521739130434783,3.627329192546584,1.1801242236024845,0.7950310559006211,0.11180124223602485,0.037267080745341616,0.043478260869565216,0.0,0.012422360248447204,0,Literal
0.5656565656565656,18.0,1.0101010101010102,0.0,0.05555555555555555,6.39,7.6,0.0,0.0,0.0,4.181818181818182,198.0,11.0,9.079993446679108,0.25252525252525254,0.5858585858585859,3.9242424242424243,1.2676767676767677,0.7222222222222222,0.1111111111111111,0.050505050505050504,0.05555555555555555,0.005050505050505051,0.050505050505050504,0,Literal
0.6442953020134228,24.833333333333332,2.013422818791946,0.0,0.026845637583892617,9.3,10.74,0.0,0.0,0.0,4.684563758389261,149.0,6.0,16.54035469188413,0.14093959731543623,0.6510067114093959,3.8993288590604025,1.2885906040268456,0.7651006711409396,0.11409395973154363,0.03355704697986577,0.053691275167785234,0.006711409395973154,0.020134228187919462,0,Literal
0.5705521472392638,14.818181818181818,1.8404907975460123,0.0,0.03067484662576687,5.83,6.66,0.0,0.0,0.0,4.404907975460123,163.0,11.0,5.9820668641316725,0.26380368098159507,0.6257668711656442,3.8466257668711656,1.3251533742331287,0.7607361963190185,0.17791411042944785,0.018404907975460124,0.012269938650306749,0.0,0.03067484662576687,0,Literal
0.6864864864864865,26.428571428571427,9.18918918918919,0.0,0.010810810810810811,14.43,14.25,0.0,0.0,0.0,3.427027027027027,185.0,7.0,11.299268533305822,0.11351351351351352,0.5027027027027027,5.081081081081081,1.6702702702702703,0.6648648648648648,0.15675675675675677,0.13513513513513514,0.021621621621621623,0.0,0.010810810810810811,1,Inferential
0.6416184971098265,17.3,2.8901734104046244,0.0,0.10982658959537572,8.28,8.08,0.0,0.0,0.0,4.572254335260116,173.0,10.0,7.23118247591637,0.24277456647398843,0.44508670520231214,4.583815028901734,1.4508670520231215,0.5780346820809249,0.12138728323699421,0.06936416184971098,0.10982658959537572,0.005780346820809248,0.10404624277456648,0,Literal
0.695906432748538,15.545454545454545,2.923976608187134,0.0,0.029239766081871343,8.35,7.39,0.0,0.0,0.0,3.0058479532163744,171.0,11.0,9.017888558281632,0.1286549707602339,0.5906432748538012,4.5964912280701755,1.5146198830409356,0.631578947368421,0.21637426900584794,0.07602339181286549,0.04678362573099415,0.017543859649122806,0.011695906432748537,0,Literal
0.6032608695652174,12.266666666666667,0.0,0.0,0.02717391304347826,4.52,4.91,0.0,0.0,0.0,3.108695652173913,184.0,15.0,6.75146074729182,0.125,0.6358695652173914,4.038043478260869,1.298913043478261,0.75,0.16304347826086957,0.02717391304347826,0.03260869565217391,0.005434782608695652,0.021739130434782608,0,Literal
0.678082191780822,24.333333333333332,17.123287671232877,0.0,0.1095890410958904,18.79,16.58,0.0,0.0,0.0,3.6506849315068495,146.0,6.0,6.413960468297952,0.13013698630136986,0.410958904109589,5.97945205479452,2.1095890410958904,0.4041095890410959,0.1917808219178082,0.1780821917808219,0.1095890410958904,0.0136986301369863,0.0958904109589041,2,Evaluative
0.6338797814207651,14.076923076923077,2.73224043715847,0.0,0.02185792349726776,5.18,6.72,0.0,0.0,0.0,3.551912568306011,183.0,13.0,10.757136065485133,0.22404371584699453,0.6284153005464481,3.8251366120218577,1.2950819672131149,0.7759562841530054,0.14207650273224043,0.04371584699453552,0.01639344262295082,0.0,0.02185792349726776,0,Literal
0.5483870967741935,15.5,2.1505376344086025,0.0,0.026881720430107527,9.68,7.06,0.0,0.0,0.0,3.1881720430107525,186.0,12.0,7.499537022747175,0.16666666666666666,0.5268817204301075,4.618279569892473,1.6290322580645162,0.6612903225806451,0.1881720430107527,0.053763440860215055,0.043010752688172046,0.0,0.026881720430107527,0,Literal
0.5555555555555556,16.363636363636363,2.7777777777777777,0.0,0.06111111111111111,8.82,7.66,0.0,0.0,0.0,3.7944444444444443,180.0,11.0,6.342823106368147,0.21666666666666667,0.5666666666666667,4.483333333333333,1.5277777777777777,0.5555555555555556,0.2,0.11666666666666667,0.044444444444444446,0.0,0.06111111111111111,0,Literal
0.6646341463414634,9.11111111111111,1.2195121951219512,0.0,0.006097560975609756,4.58,4.13,0.0,0.0,0.0,3.3048780487804876,164.0,18.0,4.863570806275398,0.21951219512195122,0.5,4.469512195121951,1.4085365853658536,0.6890243902439024,0.17682926829268292,0.042682926829268296,0.018292682926829267,0.0,0.006097560975609756,0,Literal
0.5592105263157895,13.818181818181818,3.289473684210526,0.0,0.0,7.89,6.84,0.0,0.0,0.0,3.0592105263157894,152.0,11.0,3.846217418419305,0.16447368421052633,0.47368421052631576,4.684210526315789,1.5328947368421053,0.6381578947368421,0.24342105263157895,0.06578947368421052,0.05263157894736842,0.0,0.0,0,Literal
0.5491329479768786,15.727272727272727,8.670520231213873,0.0,0.005780346820809248,9.44,9.76,0.0,0.0,0.0,3.647398843930636,173.0,11.0,7.484419077364644,0.13872832369942195,0.5606936416184971,4.7514450867052025,1.6011560693641618,0.6763005780346821,0.1791907514450867,0.06936416184971098,0.06936416184971098,0.0,0.005780346820809248,0,Literal
0.5901639344262295,26.142857142857142,1.639344262295082,0.0,0.060109289617486336,10.73,11.11,0.0,0.0,0.0,4.087431693989071,183.0,7.0,13.554124306434765,0.16393442622950818,0.5737704918032787,4.136612021857924,1.366120218579235,0.73224043715847,0.14207650273224043,0.03825136612021858,0.01639344262295082,0.01092896174863388,0.04918032786885246,0,Literal
0.5677083333333334,32.0,1.0416666666666665,0.0,0.052083333333333336,12.62,13.22,0.0,0.0,0.0,4.916666666666667,192.0,6.0,14.952703211571256,0.15104166666666666,0.59375,4.15625,1.3333333333333333,0.6822916666666666,0.17708333333333334,0.057291666666666664,0.026041666666666668,0.0,0.052083333333333336,1,Inferential
0.6666666666666666,23.625,3.1746031746031744,0.0,0.06349206349206349,11.42,10.72,0.0,0.0,0.0,3.7724867724867726,189.0,8.0,12.272301128965179,0.12698412698412698,0.5238095238095238,4.71957671957672,1.507936507936508,0.6507936507936508,0.15343915343915343,0.08994708994708994,0.037037037037037035,0.015873015873015872,0.047619047619047616,0,Literal
0.5595854922279793,14.846153846153847,2.5906735751295336,0.0,0.08290155440414508,6.89,6.97,0.0,0.0,0.0,3.139896373056995,193.0,13.0,5.690228310432902,0.15544041450777202,0.48186528497409326,4.419689119170984,1.4145077720207253,0.5958549222797928,0.20725388601036268,0.08290155440414508,0.02072538860103627,0.0,0.08290155440414508,0,Literal
0.6772151898734177,22.571428571428573,7.59493670886076,0.0,0.05063291139240506,14.57,12.07,0.0,0.0,0.0,3.3164556962025316,158.0,7.0,9.839528775841465,0.15822784810126583,0.45569620253164556,5.348101265822785,1.8101265822784811,0.43670886075949367,0.22784810126582278,0.14556962025316456,0.13924050632911392,0.0,0.05063291139240506,1,Inferential
0.5631578947368421,14.615384615384615,0.0,0.0,0.03684210526315789,4.33,5.85,0.0,0.0,0.0,4.105263157894737,190.0,13.0,8.878536048632336,0.23157894736842105,0.6473684210526316,3.8157894736842106,1.2052631578947368,0.7631578947368421,0.09473684210526316,0.02631578947368421,0.05789473684210526,0.005263157894736842,0.031578947368421054,0,Literal
0.6363636363636364,20.428571428571427,3.4965034965034967,0.0,0.0979020979020979,7.73,9.57,0.0,0.0,0.0,3.3426573426573425,143.0,7.0,10.081302151072771,0.13286713286713286,0.6013986013986014,4.006993006993007,1.3006993006993006,0.7412587412587412,0.08391608391608392,0.03496503496503497,0.03496503496503497,0.0,0.0979020979020979,0,Literal
0.5454545454545454,49.5,6.0606060606060606,0.0,0.04040404040404041,21.89,22.22,0.0,0.0,0.0,5.191919191919192,198.0,4.0,18.062391868188442,0.11616161616161616,0.5656565656565656,4.4646464646464645,1.5404040404040404,0.6111111111111112,0.19696969696969696,0.09595959595959595,0.05555555555555555,0.0,0.04040404040404041,2,Evaluative
0.5704225352112676,15.777777777777779,7.746478873239436,0.0,0.07042253521126761,10.92,9.41,0.0,0.0,0.0,3.112676056338028,142.0,9.0,6.355710953811152,0.15492957746478872,0.5,5.302816901408451,1.7253521126760563,0.5352112676056338,0.23943661971830985,0.07746478873239436,0.07746478873239436,0.0,0.07042253521126761,0,Literal
0.6402116402116402,11.117647058823529,3.7037037037037033,0.0,0.026455026455026454,4.17,5.93,0.0,0.0,0.0,3.232804232804233,189.0,17.0,7.182254178633975,0.19047619047619047,0.6613756613756614,4.132275132275132,1.306878306878307,0.7195767195767195,0.1693121693121693,0.06349206349206349,0.021164021164021163,0.0,0.026455026455026454,0,Literal
0.6267605633802817,20.285714285714285,4.225352112676056,0.0,0.04929577464788732,9.86,9.8,0.0,0.0,0.0,4.373239436619718,142.0,7.0,9.56822974265163,0.176056338028169,0.6056338028169014,4.542253521126761,1.4859154929577465,0.6197183098591549,0.2112676056338028,0.06338028169014084,0.056338028169014086,0.014084507042253521,0.035211267605633804,0,Literal
0.5972222222222222,28.8,4.166666666666666,0.0,0.013888888888888888,14.49,13.19,0.0,0.0,0.0,3.4652777777777777,144.0,5.0,14.560219778561036,0.125,0.6041666666666666,4.583333333333333,1.5972222222222223,0.625,0.16666666666666666,0.13194444444444445,0.0625,0.006944444444444444,0.006944444444444444,1,Inferential
0.5969387755102041,19.6,5.1020408163265305,0.0,0.04081632653061224,10.06,9.88,0.0,0.0,0.0,3.2857142857142856,196.0,10.0,13.95134402127623,0.1326530612244898,0.5306122448979592,4.785714285714286,1.5255102040816326,0.5969387755102041,0.17857142857142858,0.10204081632653061,0.07142857142857142,0.02040816326530612,0.02040816326530612,0,Literal
0.524822695035461,17.625,4.25531914893617,0.0,0.03546099290780142,10.03,8.75,0.0,0.0,0.0,4.567375886524823,141.0,8.0,13.223440361721302,0.18439716312056736,0.524822695035461,4.382978723404255,1.5886524822695036,0.5460992907801419,0.2127659574468085,0.09929078014184398,0.10638297872340426,0.0070921985815602835,0.028368794326241134,0,Literal
0.6153846153846154,21.666666666666668,3.076923076923077,0.0,0.06666666666666667,10.59,9.9,0.0,0.0,0.0,3.876923076923077,195.0,9.0,14.102797200870786,0.14358974358974358,0.5846153846153846,4.492307692307692,1.5025641025641026,0.6102564102564103,0.16923076923076924,0.07692307692307693,0.05641025641025641,0.020512820512820513,0.046153846153846156,0,Literal
0.5028248587570622,11.8,1.694915254237288,0.0,0.11299435028248588,7.55,5.4,0.0,0.0,0.0,3.3954802259887007,177.0,15.0,3.947432358156656,0.1864406779661017,0.480225988700565,4.768361581920904,1.5706214689265536,0.559322033898305,0.15254237288135594,0.06779661016949153,0.0847457627118644,0.005649717514124294,0.10734463276836158,0,Literal
0.5962732919254659,26.833333333333332,1.2422360248447204,0.0,0.043478260869565216,9.02,11.23,0.0,0.0,0.0,4.596273291925466,161.0,6.0,11.596215857865971,0.18012422360248448,0.6086956521739131,3.7267080745341614,1.1987577639751552,0.7204968944099379,0.12422360248447205,0.09316770186335403,0.018633540372670808,0.0,0.043478260869565216,0,Literal
0.55,12.857142857142858,4.444444444444445,0.0,0.011111111111111112,7.78,6.92,0.0,0.0,0.0,3.433333333333333,180.0,14.0,7.4316614452445755,0.14444444444444443,0.46111111111111114,4.877777777777778,1.5555555555555556,0.6277777777777778,0.15555555555555556,0.11666666666666667,0.08888888888888889,0.011111111111111112,0.0,0,Literal
0.7172413793103448,24.166666666666668,4.827586206896552,0.0,0.14482758620689656,11.74,11.6,0.0,0.0,0.0,3.593103448275862,145.0,6.0,11.571036638473188,0.06896551724137931,0.4896551724137931,4.875862068965517,1.5172413793103448,0.5862068965517241,0.11724137931034483,0.09655172413793103,0.041379310344827586,0.006896551724137931,0.13793103448275862,0,Literal
0.542713567839196,18.09090909090909,1.0050251256281406,0.0,0.010050251256281407,6.29,7.64,0.0,0.0,0.0,4.206030150753769,199.0,11.0,10.646847979605347,0.18090452261306533,0.5728643216080402,3.909547738693467,1.256281407035176,0.6733668341708543,0.15577889447236182,0.1306532663316583,0.03015075376884422,0.0,0.010050251256281407,0,Literal
0.6020942408376964,27.285714285714285,5.2356020942408374,0.0,0.031413612565445025,14.33,13.01,0.0,0.0,0.0,3.6387434554973823,191.0,7.0,12.02039083883579,0.12041884816753927,0.6020942408376964,4.7434554973821985,1.6335078534031413,0.6178010471204188,0.2356020942408377,0.07329842931937172,0.041884816753926704,0.010471204188481676,0.020942408376963352,1,Inferential
0.5786516853932584,35.6,6.741573033707865,0.0,0.028089887640449437,16.66,16.94,0.0,0.0,0.0,4.252808988764045,178.0,5.0,11.60344776348823,0.0898876404494382,0.6179775280898876,4.606741573033708,1.5561797752808988,0.5786516853932584,0.19662921348314608,0.09550561797752809,0.08426966292134831,0.0056179775280898875,0.02247191011235955,2,Evaluative
0.5631578947368421,21.11111111111111,0.0,0.0,0.04736842105263158,7.05,8.44,0.0,0.0,0.0,4.094736842105263,190.0,9.0,9.36238863686262,0.1631578947368421,0.5842105263157895,3.6578947368421053,1.2210526315789474,0.7368421052631579,0.14210526315789473,0.042105263157894736,0.031578947368421054,0.015789473684210527,0.031578947368421054,0,Literal
0.6022727272727273,19.555555555555557,10.227272727272728,0.0,0.005681818181818182,12.75,11.91,0.0,0.0,0.0,2.8636363636363638,176.0,9.0,3.858612300930075,0.10795454545454546,0.4943181818181818,5.3522727272727275,1.7556818181818181,0.6022727272727273,0.20454545454545456,0.07954545454545454,0.06818181818181818,0.0,0.005681818181818182,1,Inferential
0.6728395061728395,27.0,3.0864197530864197,0.0,0.05555555555555555,11.33,12.03,0.0,0.0,0.0,4.080246913580247,162.0,6.0,8.615231988880057,0.18518518518518517,0.5987654320987654,4.302469135802469,1.3888888888888888,0.5740740740740741,0.22839506172839505,0.11728395061728394,0.024691358024691357,0.0,0.05555555555555555,0,Literal
0.5632911392405063,17.555555555555557,3.79746835443038,0.0,0.02531645569620253,9.33,8.54,0.0,0.0,0.0,3.310126582278481,158.0,9.0,7.4053700902007265,0.12025316455696203,0.5379746835443038,4.7025316455696204,1.5316455696202531,0.620253164556962,0.1962025316455696,0.0759493670886076,0.08227848101265822,0.006329113924050633,0.0189873417721519,0,Literal
0.6758241758241759,45.5,8.241758241758241,0.0,0.07692307692307693,22.06,21.5,0.0,0.0,0.0,4.076923076923077,182.0,4.0,13.583077707206124,0.1043956043956044,0.5879120879120879,4.956043956043956,1.6868131868131868,0.5824175824175825,0.2032967032967033,0.08791208791208792,0.04395604395604396,0.016483516483516484,0.06043956043956044,2,Evaluative
0.6029411764705882,25.5,3.9215686274509802,0.0,0.0392156862745098,12.46,11.77,0.0,0.0,0.0,4.303921568627451,204.0,8.0,7.330373455697875,0.14215686274509803,0.6078431372549019,4.642156862745098,1.5343137254901962,0.6617647058823529,0.14215686274509803,0.0784313725490196,0.0784313725490196,0.00980392156862745,0.029411764705882353,1,Inferential
0.5789473684210527,21.11111111111111,0.5263157894736842,0.0,0.04736842105263158,7.11,8.65,0.0,0.0,0.0,5.173684210526316,190.0,9.0,10.733586378429619,0.21052631578947367,0.6421052631578947,3.7263157894736842,1.2263157894736842,0.7842105263157895,0.12631578947368421,0.031578947368421054,0.010526315789473684,0.015789473684210527,0.031578947368421054,0,Literal
0.6341463414634146,25.625,3.414634146341464,0.0,0.06829268292682927,11.33,11.62,0.0,0.0,0.0,4.0634146341463415,205.0,8.0,7.92839044194974,0.13658536585365855,0.6097560975609756,4.458536585365854,1.4341463414634146,0.6682926829268293,0.17560975609756097,0.03902439024390244,0.04878048780487805,0.014634146341463415,0.05365853658536585,0,Literal
0.6935483870967742,26.571428571428573,4.301075268817205,0.0,0.0913978494623656,11.97,12.35,0.0,0.0,0.0,4.344086021505376,186.0,7.0,10.012237410248705,0.13440860215053763,0.5591397849462365,4.543010752688172,1.456989247311828,0.6182795698924731,0.14516129032258066,0.05913978494623656,0.05913978494623656,0.010752688172043012,0.08064516129032258,0,Literal
0.5947368421052631,7.6,0.5263157894736842,0.0,0.010526315789473684,2.84,3.25,0.0,0.0,0.0,2.463157894736842,190.0,25.0,3.742940020892667,0.2,0.5368421052631579,4.247368421052632,1.3105263157894738,0.7684210526315789,0.14736842105263157,0.05263157894736842,0.015789473684210527,0.0,0.010526315789473684,0,Literal
0.6148648648648649,18.5,8.108108108108109,0.0,0.06756756756756757,9.8,10.64,0.0,0.0,0.0,3.425675675675676,148.0,8.0,4.342738191510052,0.1554054054054054,0.527027027027027,4.966216216216216,1.5405405405405406,0.6013513513513513,0.16216216216216217,0.0945945945945946,0.06756756756756757,0.006756756756756757,0.060810810810810814,0,Literal
0.589041095890411,20.857142857142858,7.534246575342466,0.0,0.1506849315068493,13.64,11.36,0.0,0.0,0.0,3.4794520547945207,146.0,7.0,7.445036697597362,0.17123287671232876,0.4589041095890411,5.089041095890411,1.7876712328767124,0.4520547945205479,0.273972602739726,0.04794520547945205,0.07534246575342465,0.0273972602739726,0.1232876712328767,1,Inferential
0.6243093922651933,18.1,0.5524861878453038,0.0,0.03314917127071823,4.83,7.46,0.0,0.0,0.0,3.4806629834254146,181.0,10.0,10.862780491200215,0.18232044198895028,0.6187845303867403,3.6298342541436464,1.132596685082873,0.7016574585635359,0.17679558011049723,0.049723756906077346,0.027624309392265192,0.016574585635359115,0.016574585635359115,0,Literal
0.6233766233766234,22.0,8.441558441558442,0.0,0.11688311688311688,14.6,12.18,0.0,0.0,0.0,3.7987012987012987,154.0,7.0,10.701897600187452,0.1038961038961039,0.38311688311688313,5.4480519480519485,1.8311688311688312,0.42207792207792205,0.2012987012987013,0.15584415584415584,0.09090909090909091,0.05194805194805195,0.06493506493506493,1,Inferential
0.6136363636363636,25.142857142857142,6.25,0.0,0.056818181818181816,11.58,12.56,0.0,0.0,0.0,3.596590909090909,176.0,7.0,13.552618543578768,0.125,0.6363636363636364,4.3352272727272725,1.4715909090909092,0.7329545454545454,0.09659090909090909,0.08522727272727272,0.011363636363636364,0.0,0.056818181818181816,0,Literal
0.5944055944055944,23.833333333333332,2.097902097902098,0.0,0.0,8.81,10.37,0.0,0.0,0.0,3.4125874125874125,143.0,6.0,8.958236433584458,0.1258741258741259,0.6153846153846154,4.146853146853147,1.2797202797202798,0.7902097902097902,0.16083916083916083,0.013986013986013986,0.03496503496503497,0.0,0.0,0,Literal
0.6829268292682927,13.666666666666666,7.317073170731707,0.0,0.042682926829268296,10.32,8.39,0.0,0.0,0.0,2.8902439024390243,164.0,12.0,6.708203932499369,0.12804878048780488,0.42073170731707316,5.195121951219512,1.7439024390243902,0.5670731707317073,0.18902439024390244,0.14634146341463414,0.054878048780487805,0.018292682926829267,0.024390243902439025,0,Literal
0.5977011494252874,29.0,2.2988505747126435,0.0,0.08045977011494253,10.3,12.52,0.0,0.0,0.0,3.8850574712643677,174.0,6.0,12.762793146051099,0.13218390804597702,0.603448275862069,3.9885057471264367,1.235632183908046,0.6781609195402298,0.10344827586206896,0.10919540229885058,0.028735632183908046,0.0,0.08045977011494253,0,Literal
0.6577181208053692,24.833333333333332,7.38255033557047,0.0,0.03355704697986577,13.42,12.89,0.0,0.0,0.0,3.859060402684564,149.0,6.0,6.121455890735652,0.12751677852348994,0.6174496644295302,4.704697986577181,1.6375838926174497,0.6510067114093959,0.16778523489932887,0.06040268456375839,0.0738255033557047,0.006711409395973154,0.026845637583892617,1,Inferential
0.6767676767676768,22.0,6.565656565656567,0.0,0.045454545454545456,11.41,11.43,0.0,0.0,0.0,3.095959595959596,198.0,9.0,8.130114724411875,0.10101010101010101,0.47474747474747475,4.696969696969697,1.5606060606060606,0.5808080808080808,0.1717171717171717,0.12626262626262627,0.06060606060606061,0.005050505050505051,0.04040404040404041,0,Literal
0.6057142857142858,21.875,1.1428571428571428,0.0,0.07428571428571429,7.3,9.21,0.0,0.0,0.0,3.3485714285714288,175.0,8.0,6.590713163232034,0.13142857142857142,0.4742857142857143,4.04,1.217142857142857,0.6514285714285715,0.10285714285714286,0.12,0.045714285714285714,0.005714285714285714,0.06857142857142857,0,Literal
0.5958549222797928,38.6,7.772020725388601,0.0,0.010362694300518135,18.97,18.55,0.0,0.0,0.0,3.7357512953367875,193.0,5.0,10.059821071967434,0.05699481865284974,0.5803108808290155,4.808290155440415,1.6528497409326426,0.6373056994818653,0.16062176165803108,0.14507772020725387,0.046632124352331605,0.0051813471502590676,0.0051813471502590676,2,Evaluative
0.5392670157068062,12.733333333333333,0.5235602094240838,0.0,0.13089005235602094,6.74,5.3,0.0,0.0,0.0,3.3350785340314135,191.0,15.0,8.346389771764928,0.14136125654450263,0.4816753926701571,4.528795811518324,1.4712041884816753,0.6596858638743456,0.14136125654450263,0.05235602094240838,0.010471204188481676,0.05759162303664921,0.07329842931937172,0,Literal
0.6380368098159509,20.375,1.2269938650306749,0.0,0.04294478527607362,9.08,8.64,0.0,0.0,0.0,3.1165644171779143,163.0,8.0,8.061288668693114,0.12269938650306748,0.5644171779141104,4.45398773006135,1.4171779141104295,0.6687116564417178,0.13496932515337423,0.07975460122699386,0.0736196319018405,0.006134969325153374,0.03680981595092025,0,Literal
0.6086956521739131,10.0625,5.590062111801243,0.0,0.07453416149068323,4.97,6.26,0.0,0.0,0.0,2.8260869565217392,161.0,16.0,4.55521678957215,0.15527950310559005,0.5093167701863354,4.496894409937888,1.4099378881987579,0.6645962732919255,0.13664596273291926,0.062111801242236024,0.055900621118012424,0.012422360248447204,0.062111801242236024,0,Literal
0.4965034965034965,11.0,0.6993006993006993,0.0,0.0,5.04,4.68,0.0,0.0,0.0,2.7202797202797204,143.0,13.0,4.97686957526825,0.13286713286713286,0.5244755244755245,4.055944055944056,1.3846153846153846,0.7272727272727273,0.1958041958041958,0.027972027972027972,0.04195804195804196,0.0,0.0,0,Literal
0.6476683937823834,17.545454545454547,1.0362694300518136,0.0,0.031088082901554404,5.99,7.43,0.0,0.0,0.0,4.357512953367876,193.0,11.0,7.402255631208103,0.19170984455958548,0.6373056994818653,3.9844559585492227,1.2487046632124352,0.772020725388601,0.13471502590673576,0.025906735751295335,0.03626943005181347,0.0,0.031088082901554404,0,Literal
0.4583333333333333,21.333333333333332,0.0,0.0,0.010416666666666666,7.17,8.53,0.0,0.0,0.0,3.953125,192.0,9.0,9.242948596926855,0.19791666666666666,0.6145833333333334,4.078125,1.2239583333333333,0.8489583333333334,0.10416666666666667,0.026041666666666668,0.010416666666666666,0.010416666666666666,0.0,0,Literal
0.5279187817258884,21.88888888888889,3.0456852791878175,0.0,0.030456852791878174,10.62,9.97,0.0,0.0,0.0,3.3756345177664975,197.0,9.0,9.09755088464832,0.10152284263959391,0.5532994923857868,4.233502538071066,1.49746192893401,0.649746192893401,0.20304568527918782,0.07106598984771574,0.04568527918781726,0.005076142131979695,0.025380710659898477,0,Literal
0.589041095890411,16.22222222222222,9.58904109589041,0.0,0.06164383561643835,13.45,10.32,0.0,0.0,0.0,3.5273972602739727,146.0,9.0,9.226906440900754,0.14383561643835616,0.5342465753424658,5.198630136986301,1.9246575342465753,0.5068493150684932,0.1232876712328767,0.23972602739726026,0.0547945205479452,0.02054794520547945,0.0410958904109589,1,Inferential
0.5730337078651685,19.77777777777778,1.1235955056179776,0.0,0.03932584269662921,6.84,8.36,0.0,0.0,0.0,3.455056179775281,178.0,9.0,6.289320754704403,0.12359550561797752,0.6292134831460674,3.853932584269663,1.247191011235955,0.7078651685393258,0.16292134831460675,0.05056179775280899,0.03932584269662921,0.033707865168539325,0.0056179775280898875,0,Literal
0.676056338028169,20.285714285714285,5.633802816901409,0.0,0.056338028169014086,8.77,10.37,0.0,0.0,0.0,3.3309859154929575,142.0,7.0,4.802210375420461,0.11971830985915492,0.5774647887323944,4.457746478873239,1.3943661971830985,0.7253521126760564,0.1056338028169014,0.04929577464788732,0.056338028169014086,0.0,0.056338028169014086,0,Literal
0.5,22.444444444444443,0.49504950495049505,0.0,0.04455445544554455,7.12,9.18,0.0,0.0,0.0,4.301980198019802,202.0,9.0,10.938661754879083,0.20297029702970298,0.6089108910891089,3.797029702970297,1.183168316831683,0.7524752475247525,0.15841584158415842,0.024752475247524754,0.0049504950495049506,0.0,0.04455445544554455,0,Literal
0.6388888888888888,22.5,11.666666666666666,0.0,0.05,15.28,13.67,0.0,0.0,0.0,3.272222222222222,180.0,8.0,11.423659658795863,0.10555555555555556,0.4222222222222222,5.661111111111111,1.8722222222222222,0.5,0.2222222222222222,0.12777777777777777,0.1,0.005555555555555556,0.044444444444444446,2,Evaluative
0.5948717948717949,15.0,2.051282051282051,0.0,0.041025641025641026,5.63,6.82,0.0,0.0,0.0,3.1794871794871793,195.0,13.0,8.338972450995477,0.14358974358974358,0.6256410256410256,4.1179487179487175,1.3025641025641026,0.717948717948718,0.12307692307692308,0.06666666666666667,0.05128205128205128,0.020512820512820513,0.020512820512820513,0,Literal
0.6685714285714286,17.5,2.2857142857142856,0.0,0.04,7.28,7.91,0.0,0.0,0.0,3.1485714285714286,175.0,10.0,8.891006692158093,0.12571428571428572,0.5771428571428572,4.114285714285714,1.36,0.6914285714285714,0.17714285714285713,0.05714285714285714,0.03428571428571429,0.005714285714285714,0.03428571428571429,0,Literal
0.6231155778894473,13.266666666666667,3.015075376884422,0.0,0.035175879396984924,6.19,6.51,0.0,0.0,0.0,3.28643216080402,199.0,15.0,8.00388794413204,0.12562814070351758,0.6130653266331658,4.311557788944723,1.407035175879397,0.6984924623115578,0.15577889447236182,0.06532663316582915,0.04522613065326633,0.0,0.035175879396984924,0,Literal
0.5985915492957746,12.909090909090908,3.5211267605633805,0.0,0.035211267605633804,7.14,6.57,0.0,0.0,0.0,3.3661971830985915,142.0,11.0,5.308655025693248,0.20422535211267606,0.5563380281690141,4.316901408450704,1.5,0.6267605633802817,0.16901408450704225,0.06338028169014084,0.09859154929577464,0.0,0.035211267605633804,0,Literal
0.6094674556213018,21.125,1.183431952662722,0.0,0.029585798816568046,8.43,8.92,0.0,0.0,0.0,4.218934911242603,169.0,8.0,22.66053838724932,0.22485207100591717,0.6390532544378699,4.053254437869822,1.3372781065088757,0.6863905325443787,0.17751479289940827,0.029585798816568046,0.07692307692307693,0.005917159763313609,0.023668639053254437,0,Literal
0.685,28.571428571428573,3.5000000000000004,0.0,0.03,12.66,12.83,0.0,0.0,0.0,4.225,200.0,7.0,9.348141799418793,0.125,0.6,4.41,1.45,0.63,0.18,0.105,0.055,0.005,0.025,1,Inferential
0.5775401069518716,31.166666666666668,3.7433155080213902,0.0,0.0855614973262032,13.92,13.96,0.0,0.0,0.0,3.72192513368984,187.0,6.0,9.146948489341495,0.11229946524064172,0.6096256684491979,4.652406417112299,1.4705882352941178,0.5668449197860963,0.1657754010695187,0.0962566844919786,0.053475935828877004,0.03208556149732621,0.053475935828877004,1,Inferential
0.6073619631901841,54.333333333333336,1.8404907975460123,0.0,0.024539877300613498,21.09,22.47,0.0,0.0,0.0,3.96319018404908,163.0,3.0,53.63042254375983,0.1165644171779141,0.6625766871165644,4.098159509202454,1.312883435582822,0.7177914110429447,0.147239263803681,0.0736196319018405,0.03680981595092025,0.0,0.024539877300613498,2,Evaluative
0.6140350877192983,19.0,5.263157894736842,0.0,0.03508771929824561,9.55,9.71,0.0,0.0,0.0,3.6842105263157894,171.0,9.0,6.073622386096199,0.14619883040935672,0.5672514619883041,4.6725146198830405,1.5029239766081872,0.6491228070175439,0.14035087719298245,0.12280701754385964,0.03508771929824561,0.005847953216374269,0.029239766081871343,0,Literal
0.5641025641025641,26.0,1.282051282051282,0.0,0.0641025641025641,12.48,10.91,0.0,0.0,0.0,4.288461538461538,156.0,6.0,4.988876515698588,0.1346153846153846,0.5,4.487179487179487,1.5192307692307692,0.6153846153846154,0.14743589743589744,0.09615384615384616,0.07692307692307693,0.03205128205128205,0.03205128205128205,1,Inferential
0.5103092783505154,32.333333333333336,1.5463917525773196,0.0,0.02577319587628866,12.65,13.55,0.0,0.0,0.0,4.097938144329897,194.0,6.0,12.092238098144703,0.08762886597938144,0.5618556701030928,4.123711340206185,1.324742268041237,0.6494845360824743,0.1134020618556701,0.10824742268041238,0.10309278350515463,0.005154639175257732,0.020618556701030927,1,Inferential
0.5321637426900585,21.375,6.432748538011696,0.0,0.04093567251461988,11.17,11.12,0.0,0.0,0.0,3.3625730994152048,171.0,8.0,9.082090893621357,0.08187134502923976,0.4678362573099415,4.6725146198830405,1.5614035087719298,0.5847953216374269,0.2046783625730994,0.15789473684210525,0.011695906432748537,0.0,0.04093567251461988,0,Literal
0.5283018867924528,19.875,3.1446540880503147,0.0,0.050314465408805034,8.93,9.21,0.0,0.0,0.0,3.2138364779874213,159.0,8.0,7.253232038202004,0.11949685534591195,0.5534591194968553,4.377358490566038,1.421383647798742,0.6352201257861635,0.16981132075471697,0.11320754716981132,0.031446540880503145,0.0,0.050314465408805034,0,Literal
0.6271186440677966,22.125,1.694915254237288,0.0,0.02824858757062147,9.84,9.53,0.0,0.0,0.0,4.03954802259887,177.0,8.0,10.34936592260608,0.12994350282485875,0.5875706214689266,4.3559322033898304,1.423728813559322,0.6101694915254238,0.1807909604519774,0.12994350282485875,0.05084745762711865,0.01694915254237288,0.011299435028248588,0,Literal
0.5977011494252874,13.384615384615385,0.0,0.0,0.011494252873563218,2.72,5.35,0.0,0.0,0.0,3.189655172413793,174.0,13.0,7.412607204090216,0.16666666666666666,0.6379310344827587,3.2873563218390807,1.1091954022988506,0.7701149425287356,0.13793103448275862,0.06896551724137931,0.011494252873563218,0.005747126436781609,0.005747126436781609,0,Literal
0.6114285714285714,19.444444444444443,5.142857142857142,0.0,0.045714285714285714,9.32,9.83,0.0,0.0,0.0,3.7085714285714286,175.0,9.0,14.2577680797972,0.12,0.5942857142857143,4.542857142857143,1.4685714285714286,0.6857142857142857,0.10285714285714286,0.12,0.03428571428571429,0.0,0.045714285714285714,0,Literal
0.5986842105263158,13.818181818181818,1.3157894736842104,0.0,0.05263157894736842,5.4,6.05,0.0,0.0,0.0,3.3947368421052633,152.0,11.0,6.685373203945541,0.13157894736842105,0.5855263157894737,4.006578947368421,1.3223684210526316,0.7105263157894737,0.16447368421052633,0.06578947368421052,0.006578947368421052,0.0,0.05263157894736842,0,Literal
0.5238095238095238,16.333333333333332,6.122448979591836,0.0,0.006802721088435374,10.85,8.98,0.0,0.0,0.0,3.251700680272109,147.0,9.0,7.3484692283495345,0.1564625850340136,0.5034013605442177,4.918367346938775,1.7006802721088434,0.47619047619047616,0.21768707482993196,0.10204081632653061,0.10204081632653061,0.0,0.006802721088435374,0,Literal
0.65,40.0,1.25,0.0,0.0375,15.35,16.5,0.0,0.0,0.0,5.65,160.0,4.0,8.166241485530538,0.175,0.575,4.16875,1.3,0.73125,0.10625,0.05625,0.05625,0.0125,0.025,2,Evaluative
0.6022099447513812,36.2,3.314917127071823,0.0,0.022099447513812154,15.09,15.81,0.0,0.0,0.0,3.9281767955801103,181.0,5.0,19.929877069364977,0.12154696132596685,0.6187845303867403,4.1602209944751385,1.4033149171270718,0.6685082872928176,0.16574585635359115,0.09392265193370165,0.049723756906077346,0.0,0.022099447513812154,2,Evaluative
0.5933333333333334,15.0,0.0,0.0,0.04,5.21,6.0,0.0,0.0,0.0,3.86,150.0,10.0,8.921883209278185,0.16666666666666666,0.6133333333333333,3.8266666666666667,1.2666666666666666,0.76,0.17333333333333334,0.02,0.006666666666666667,0.02666666666666667,0.013333333333333334,0,Literal
0.5465116279069767,8.19047619047619,3.488372093023256,0.0,0.05232558139534884,5.03,4.67,0.0,0.0,0.0,2.9709302325581395,172.0,21.0,3.7240409135270767,0.2441860465116279,0.5406976744186046,4.5813953488372094,1.4767441860465116,0.6686046511627907,0.14534883720930233,0.08139534883720931,0.05232558139534884,0.0,0.05232558139534884,0,Literal
0.6853146853146853,23.833333333333332,5.594405594405594,0.0,0.04895104895104895,10.21,11.77,0.0,0.0,0.0,4.0979020979020975,143.0,6.0,11.585431464655178,0.16083916083916083,0.6433566433566433,4.34965034965035,1.3986013986013985,0.6433566433566433,0.1888111888111888,0.06993006993006994,0.04195804195804196,0.013986013986013986,0.03496503496503497,0,Literal
0.6179775280898876,17.8,0.0,0.0,0.08426966292134831,6.33,7.12,0.0,0.0,0.0,3.0168539325842696,178.0,10.0,7.2083285163760396,0.12921348314606743,0.5842696629213483,4.095505617977528,1.2696629213483146,0.7528089887640449,0.1348314606741573,0.02247191011235955,0.0056179775280898875,0.016853932584269662,0.06741573033707865,0,Literal
0.5806451612903226,10.333333333333334,2.1505376344086025,0.0,0.021505376344086023,5.82,4.99,0.0,0.0,0.0,2.8655913978494625,186.0,18.0,3.7745083892140068,0.1774193548387097,0.5698924731182796,4.779569892473118,1.4731182795698925,0.6612903225806451,0.16129032258064516,0.0967741935483871,0.053763440860215055,0.0,0.021505376344086023,0,Literal
0.6108108108108108,26.428571428571427,1.0810810810810811,0.0,0.04864864864864865,11.81,11.0,0.0,0.0,0.0,4.097297297297297,185.0,7.0,12.391570538400822,0.15135135135135136,0.5243243243243243,4.448648648648649,1.4486486486486487,0.7675675675675676,0.11891891891891893,0.06486486486486487,0.0,0.0,0.04864864864864865,0,Literal
0.5618556701030928,32.333333333333336,1.0309278350515463,0.0,0.010309278350515464,12.1,13.35,0.0,0.0,0.0,3.6907216494845363,194.0,6.0,10.514540197058336,0.06701030927835051,0.654639175257732,4.030927835051546,1.2783505154639174,0.7835051546391752,0.14948453608247422,0.041237113402061855,0.015463917525773196,0.0,0.010309278350515464,1,Inferential
0.5287356321839081,15.818181818181818,3.4482758620689653,0.0,0.040229885057471264,8.62,7.71,0.0,0.0,0.0,2.9080459770114944,174.0,11.0,6.523954588366966,0.10919540229885058,0.4367816091954023,4.839080459770115,1.528735632183908,0.5459770114942529,0.16666666666666666,0.12643678160919541,0.10919540229885058,0.011494252873563218,0.028735632183908046,0,Literal
0.6648351648351648,18.2,2.197802197802198,0.0,0.04945054945054945,7.98,8.16,0.0,0.0,0.0,3.478021978021978,182.0,10.0,10.4,0.13736263736263737,0.6318681318681318,4.038461538461538,1.3956043956043955,0.6758241758241759,0.19230769230769232,0.04395604395604396,0.038461538461538464,0.005494505494505495,0.04395604395604396,0,Literal
0.5,25.142857142857142,6.25,0.0,0.011363636363636364,11.25,12.56,0.0,0.0,0.0,4.8522727272727275,176.0,7.0,23.335179713147657,0.11931818181818182,0.625,4.3522727272727275,1.4431818181818181,0.5795454545454546,0.20454545454545456,0.17045454545454544,0.03409090909090909,0.0,0.011363636363636364,0,Literal
0.5139664804469274,13.76923076923077,0.0,0.0,0.0111731843575419,5.14,5.51,0.0,0.0,0.0,2.8491620111731844,179.0,13.0,4.135286170989419,0.12290502793296089,0.6256983240223464,4.055865921787709,1.3016759776536313,0.7374301675977654,0.1787709497206704,0.061452513966480445,0.0111731843575419,0.0,0.0111731843575419,0,Literal
0.5491329479768786,28.833333333333332,2.312138728323699,0.0,0.046242774566473986,11.62,12.46,0.0,0.0,0.0,4.144508670520231,173.0,6.0,12.539936203984453,0.14450867052023122,0.6705202312138728,4.057803468208093,1.3526011560693643,0.7341040462427746,0.15028901734104047,0.028901734104046242,0.03468208092485549,0.011560693641618497,0.03468208092485549,0,Literal
0.5435897435897435,21.666666666666668,4.102564102564102,0.0,0.02564102564102564,10.23,10.31,0.0,0.0,0.0,2.7846153846153845,195.0,9.0,6.928203230275509,0.05641025641025641,0.6256410256410256,4.461538461538462,1.471794871794872,0.6410256410256411,0.18974358974358974,0.08717948717948718,0.05128205128205128,0.0,0.02564102564102564,0,Literal
0.5343915343915344,9.0,0.5291005291005291,0.0,0.12169312169312169,3.09,3.81,0.0,0.0,0.0,3.0317460317460316,189.0,21.0,6.365653301124196,0.20634920634920634,0.6984126984126984,3.8306878306878307,1.2857142857142858,0.6666666666666666,0.13756613756613756,0.06349206349206349,0.010582010582010581,0.021164021164021163,0.10052910052910052,0,Literal
0.6114649681528662,9.8125,1.910828025477707,0.0,0.01910828025477707,6.2,4.69,0.0,0.0,0.0,2.8980891719745223,157.0,16.0,3.2882366094914763,0.19745222929936307,0.5605095541401274,4.477707006369426,1.5222929936305734,0.6114649681528662,0.17834394904458598,0.1337579617834395,0.05732484076433121,0.0,0.01910828025477707,0,Literal
0.6391752577319587,24.25,4.123711340206185,0.0,0.03608247422680412,9.99,11.35,0.0,0.0,0.0,4.170103092783505,194.0,8.0,9.778004653302228,0.13917525773195877,0.5463917525773195,4.515463917525773,1.365979381443299,0.6907216494845361,0.15463917525773196,0.04639175257731959,0.07216494845360824,0.005154639175257732,0.030927835051546393,0,Literal
0.5930232558139535,14.333333333333334,1.1627906976744187,0.0,0.011627906976744186,5.71,6.2,0.0,0.0,0.0,3.4709302325581395,172.0,12.0,7.098513146348951,0.18023255813953487,0.627906976744186,4.162790697674419,1.3313953488372092,0.7034883720930233,0.20348837209302326,0.06976744186046512,0.011627906976744186,0.0,0.011627906976744186,0,Literal
0.6153846153846154,32.5,7.179487179487179,0.0,0.07179487179487179,17.3,15.87,0.0,0.0,0.0,3.5538461538461537,195.0,6.0,7.11024300256718,0.10256410256410256,0.5384615384615384,5.01025641025641,1.7128205128205127,0.5025641025641026,0.16923076923076924,0.12307692307692308,0.09230769230769231,0.015384615384615385,0.05641025641025641,2,Evaluative
0.5879120879120879,15.166666666666666,1.098901098901099,0.0,0.04395604395604396,4.59,6.51,0.0,0.0,0.0,3.82967032967033,182.0,12.0,7.021791477646966,0.23076923076923078,0.6208791208791209,3.8351648351648353,1.2087912087912087,0.7747252747252747,0.13736263736263737,0.027472527472527472,0.016483516483516484,0.01098901098901099,0.03296703296703297,0,Literal
0.6432748538011696,17.1,4.093567251461988,0.0,0.04093567251461988,7.5,8.48,0.0,0.0,0.0,3.9883040935672516,171.0,10.0,7.854298186343578,0.1695906432748538,0.5964912280701754,4.432748538011696,1.391812865497076,0.6549707602339181,0.14035087719298245,0.07017543859649122,0.04678362573099415,0.023391812865497075,0.017543859649122806,0,Literal
0.6026490066225165,18.875,2.6490066225165565,0.0,0.059602649006622516,8.81,8.61,0.0,0.0,0.0,3.5099337748344372,151.0,8.0,8.766947872549489,0.18543046357615894,0.5827814569536424,4.23841059602649,1.4437086092715232,0.7350993377483444,0.10596026490066225,0.039735099337748346,0.046357615894039736,0.006622516556291391,0.052980132450331126,0,Literal
0.6162790697674418,19.11111111111111,1.744186046511628,0.0,0.029069767441860465,7.51,8.34,0.0,0.0,0.0,3.3488372093023258,172.0,9.0,11.135528725660043,0.13953488372093023,0.6744186046511628,4.011627906976744,1.3255813953488371,0.7441860465116279,0.1569767441860465,0.029069767441860465,0.040697674418604654,0.005813953488372093,0.023255813953488372,0,Literal
0.44755244755244755,5.958333333333333,1.3986013986013985,0.0,0.06293706293706294,1.92,2.94,0.0,0.0,0.0,2.629370629370629,143.0,24.0,2.4608038433722332,0.27972027972027974,0.48951048951048953,4.293706293706293,1.2867132867132867,0.6993006993006993,0.13286713286713286,0.08391608391608392,0.02097902097902098,0.006993006993006993,0.055944055944055944,0,Literal
0.6013071895424836,21.857142857142858,0.6535947712418301,0.0,0.06535947712418301,8.74,9.0,0.0,0.0,0.0,3.6666666666666665,153.0,7.0,8.618916073713347,0.16339869281045752,0.5816993464052288,4.294117647058823,1.3398692810457515,0.6666666666666666,0.1830065359477124,0.05228758169934641,0.032679738562091505,0.006535947712418301,0.058823529411764705,0,Literal
0.6180555555555556,20.571428571428573,4.166666666666666,0.0,0.034722222222222224,11.61,9.9,0.0,0.0,0.0,4.270833333333333,144.0,7.0,6.104531605491856,0.18055555555555555,0.4930555555555556,4.9375,1.625,0.5138888888888888,0.2569444444444444,0.06944444444444445,0.09722222222222222,0.0,0.034722222222222224,0,Literal
0.5384615384615384,30.333333333333332,1.6483516483516485,0.0,0.04945054945054945,12.32,12.79,0.0,0.0,0.0,4.038461538461538,182.0,6.0,12.622730819174325,0.0989010989010989,0.5824175824175825,4.1098901098901095,1.3626373626373627,0.7362637362637363,0.11538461538461539,0.07692307692307693,0.016483516483516484,0.027472527472527472,0.02197802197802198,1,Inferential
0.6235955056179775,22.25,1.6853932584269662,0.0,0.0898876404494382,9.33,9.57,0.0,0.0,0.0,3.556179775280899,178.0,8.0,7.338894671542848,0.1797752808988764,0.5561797752808989,4.421348314606742,1.3764044943820224,0.6348314606741573,0.16292134831460675,0.056179775280898875,0.056179775280898875,0.0,0.0898876404494382,0,Literal
0.5439560439560439,60.666666666666664,1.098901098901099,0.0,0.03296703296703297,24.08,24.71,0.0,0.0,0.0,5.554945054945055,182.0,3.0,39.96943276499625,0.09340659340659341,0.6373626373626373,4.153846153846154,1.3571428571428572,0.7637362637362637,0.1043956043956044,0.06593406593406594,0.02197802197802198,0.0,0.03296703296703297,2,Evaluative
0.5202020202020202,28.285714285714285,6.0606060606060606,0.0,0.025252525252525252,15.11,13.74,0.0,0.0,0.0,3.6262626262626263,198.0,7.0,4.89064079103534,0.1111111111111111,0.5151515151515151,5.126262626262626,1.6666666666666667,0.6363636363636364,0.2222222222222222,0.050505050505050504,0.030303030303030304,0.0,0.025252525252525252,2,Evaluative
0.6149425287356322,21.75,5.172413793103448,0.0,0.034482758620689655,10.8,10.77,0.0,0.0,0.0,3.706896551724138,174.0,8.0,11.090536506409418,0.15517241379310345,0.6091954022988506,4.609195402298851,1.5172413793103448,0.5919540229885057,0.15517241379310345,0.10919540229885058,0.10344827586206896,0.0,0.034482758620689655,0,Literal
0.5057471264367817,8.285714285714286,0.0,0.0,0.05747126436781609,2.36,3.31,0.0,0.0,0.0,2.5517241379310347,174.0,21.0,3.8685897164933145,0.16666666666666666,0.5804597701149425,4.103448275862069,1.2471264367816093,0.7586206896551724,0.14367816091954022,0.028735632183908046,0.011494252873563218,0.017241379310344827,0.040229885057471264,0,Literal
0.628140703517588,19.9,2.0100502512562812,0.0,0.10552763819095477,8.3,8.76,0.0,0.0,0.0,4.422110552763819,199.0,10.0,11.668761716651858,0.24120603015075376,0.48743718592964824,4.4623115577889445,1.3668341708542713,0.6934673366834171,0.10552763819095477,0.03015075376884422,0.02512562814070352,0.01507537688442211,0.09045226130653267,0,Literal
0.6099290780141844,20.142857142857142,1.4184397163120568,0.0,0.0070921985815602835,7.33,8.62,0.0,0.0,0.0,4.085106382978723,141.0,7.0,9.876792009967774,0.20567375886524822,0.6170212765957447,4.099290780141844,1.2765957446808511,0.723404255319149,0.19148936170212766,0.05673758865248227,0.02127659574468085,0.0,0.0070921985815602835,0,Literal
0.7284768211920529,11.615384615384615,1.9867549668874174,0.0,0.07947019867549669,4.88,5.44,0.0,0.0,0.0,2.980132450331126,151.0,13.0,7.323464760253478,0.17880794701986755,0.5165562913907285,4.3509933774834435,1.3509933774834437,0.6490066225165563,0.17218543046357615,0.052980132450331126,0.039735099337748346,0.026490066225165563,0.052980132450331126,0,Literal
0.631578947368421,25.333333333333332,1.9736842105263157,0.0,0.05921052631578947,11.91,10.92,0.0,0.0,0.0,3.9473684210526314,152.0,6.0,12.922847983320086,0.14473684210526316,0.5657894736842105,4.4605263157894735,1.493421052631579,0.618421052631579,0.15789473684210525,0.09210526315789473,0.07236842105263158,0.006578947368421052,0.05263157894736842,0,Literal
0.6612021857923497,30.5,2.185792349726776,0.0,0.06557377049180328,13.39,13.07,0.0,0.0,0.0,3.912568306010929,183.0,6.0,12.824672402140422,0.15846994535519127,0.5846994535519126,4.491803278688525,1.4480874316939891,0.5956284153005464,0.2185792349726776,0.03825136612021858,0.07103825136612021,0.01092896174863388,0.0546448087431694,1,Inferential
0.5933333333333334,15.0,3.3333333333333335,0.0,0.05333333333333334,5.05,7.33,0.0,0.0,0.0,3.9133333333333336,150.0,10.0,8.16639455328972,0.19333333333333333,0.5,4.386666666666667,1.2533333333333334,0.6533333333333333,0.2,0.06666666666666667,0.02666666666666667,0.0,0.05333333333333334,0,Literal
0.4972972972972973,14.23076923076923,0.5405405405405406,0.0,0.010810810810810811,3.99,5.91,0.0,0.0,0.0,3.4162162162162164,185.0,13.0,6.326426213831412,0.2,0.6108108108108108,3.902702702702703,1.1891891891891893,0.8,0.12972972972972974,0.021621621621621623,0.005405405405405406,0.0,0.010810810810810811,0,Literal
0.6312056737588653,20.142857142857142,2.127659574468085,0.0,0.04964539007092199,7.83,8.91,0.0,0.0,0.0,3.524822695035461,141.0,7.0,7.548482750641661,0.10638297872340426,0.6028368794326241,4.226950354609929,1.3191489361702127,0.6170212765957447,0.23404255319148937,0.04964539007092199,0.0425531914893617,0.0,0.04964539007092199,0,Literal
0.6170212765957447,17.09090909090909,0.5319148936170213,0.0,0.015957446808510637,7.27,7.05,0.0,0.0,0.0,3.265957446808511,188.0,11.0,10.18912075785648,0.13829787234042554,0.5691489361702128,4.430851063829787,1.372340425531915,0.7074468085106383,0.14361702127659576,0.0851063829787234,0.031914893617021274,0.0,0.015957446808510637,0,Literal
0.7163120567375887,17.625,4.25531914893617,0.0,0.0425531914893617,6.6,8.75,0.0,0.0,0.0,3.6595744680851063,141.0,8.0,14.924288090223936,0.1702127659574468,0.5957446808510638,4.127659574468085,1.297872340425532,0.6453900709219859,0.19148936170212766,0.04964539007092199,0.07092198581560284,0.02127659574468085,0.02127659574468085,0,Literal
0.5,13.846153846153847,3.3333333333333335,0.0,0.044444444444444446,7.58,6.87,0.0,0.0,0.0,2.6444444444444444,180.0,13.0,5.201274309039067,0.10555555555555556,0.5333333333333333,4.705555555555556,1.5055555555555555,0.5388888888888889,0.2111111111111111,0.1111111111111111,0.09444444444444444,0.022222222222222223,0.022222222222222223,0,Literal
0.47593582887700536,17.0,2.13903743315508,0.0,0.03208556149732621,7.45,7.66,0.0,0.0,0.0,3.2245989304812834,187.0,11.0,7.083912632282966,0.1657754010695187,0.5721925133689839,4.149732620320855,1.3903743315508021,0.6417112299465241,0.20320855614973263,0.09090909090909091,0.03208556149732621,0.0053475935828877,0.026737967914438502,0,Literal
0.6258503401360545,29.4,2.7210884353741496,0.0,0.034013605442176874,12.33,12.85,0.0,0.0,0.0,4.0272108843537415,147.0,5.0,17.304334717058612,0.10204081632653061,0.6054421768707483,4.414965986394558,1.3945578231292517,0.7482993197278912,0.1292517006802721,0.06802721088435375,0.02040816326530612,0.013605442176870748,0.02040816326530612,1,Inferential
0.5979381443298969,27.714285714285715,1.0309278350515463,0.0,0.06701030927835051,12.01,11.5,0.0,0.0,0.0,3.484536082474227,194.0,7.0,6.776309271789384,0.12371134020618557,0.5876288659793815,4.298969072164948,1.422680412371134,0.6443298969072165,0.14432989690721648,0.061855670103092786,0.07731958762886598,0.03608247422680412,0.030927835051546393,1,Inferential
0.6024844720496895,23.0,1.8633540372670807,0.0,0.031055900621118012,9.28,9.95,0.0,0.0,0.0,3.968944099378882,161.0,7.0,11.993195349608774,0.14906832298136646,0.6335403726708074,4.142857142857143,1.3478260869565217,0.6956521739130435,0.15527950310559005,0.049689440993788817,0.062111801242236024,0.0,0.031055900621118012,0,Literal
0.5978835978835979,18.9,4.761904761904762,0.0,0.07407407407407407,9.2,9.46,0.0,0.0,0.0,2.9047619047619047,189.0,10.0,8.190848551890092,0.09523809523809523,0.6137566137566137,4.455026455026455,1.4761904761904763,0.6507936507936508,0.12169312169312169,0.037037037037037035,0.1164021164021164,0.015873015873015872,0.0582010582010582,0,Literal
0.6423841059602649,37.75,2.6490066225165565,0.0,0.06622516556291391,14.45,16.16,0.0,0.0,0.0,4.470198675496689,151.0,4.0,6.284902544988268,0.1390728476821192,0.6158940397350994,4.231788079470198,1.2980132450331126,0.7417218543046358,0.1390728476821192,0.039735099337748346,0.013245033112582781,0.019867549668874173,0.046357615894039736,1,Inferential
0.6125,16.0,2.5,0.0,0.0375,8.94,7.4,0.0,0.0,0.0,3.25,160.0,10.0,4.237924020083418,0.1875,0.53125,4.6,1.55,0.68125,0.13125,0.125,0.025,0.00625,0.03125,0,Literal
0.5371428571428571,25.0,0.0,0.0,0.005714285714285714,9.4,10.0,0.0,0.0,0.0,3.56,175.0,7.0,8.48528137423857,0.09714285714285714,0.56,4.08,1.2914285714285714,0.7085714285714285,0.21714285714285714,0.05714285714285714,0.011428571428571429,0.0,0.005714285714285714,0,Literal
0.5771812080536913,29.8,0.6711409395973155,0.0,0.040268456375838924,11.47,12.19,0.0,0.0,0.0,4.23489932885906,149.0,5.0,10.55651457631732,0.1476510067114094,0.6174496644295302,4.221476510067114,1.308724832214765,0.7181208053691275,0.11409395973154363,0.053691275167785234,0.06040268456375839,0.013422818791946308,0.026845637583892617,0,Literal
0.6145251396648045,22.375,0.0,0.0,0.061452513966480445,9.09,8.95,0.0,0.0,0.0,3.9497206703910615,179.0,8.0,9.899494936611665,0.15083798882681565,0.5921787709497207,4.094972067039106,1.3519553072625698,0.6759776536312849,0.16201117318435754,0.055865921787709494,0.03910614525139665,0.0111731843575419,0.05027932960893855,0,Literal
0.6265822784810127,52.666666666666664,3.79746835443038,0.0,0.012658227848101266,21.38,22.59,0.0,0.0,0.0,4.2025316455696204,158.0,3.0,13.719410418171117,0.08860759493670886,0.5443037974683544,4.367088607594937,1.3924050632911393,0.6518987341772152,0.1962025316455696,0.06962025316455696,0.06962025316455696,0.012658227848101266,0.0,2,Evaluative
0.5192307692307693,9.176470588235293,0.641025641025641,0.0,0.02564102564102564,3.42,3.93,0.0,0.0,0.0,3.5384615384615383,156.0,17.0,4.514490318670563,0.3076923076923077,0.5641025641025641,4.089743589743589,1.3076923076923077,0.7243589743589743,0.14102564102564102,0.038461538461538464,0.00641025641025641,0.0,0.02564102564102564,0,Literal
0.6538461538461539,19.5,8.333333333333332,0.0,0.02564102564102564,13.5,11.13,0.0,0.0,0.0,3.4551282051282053,156.0,8.0,5.218656436287025,0.11538461538461539,0.4807692307692308,5.282051282051282,1.8205128205128205,0.46794871794871795,0.24358974358974358,0.1346153846153846,0.05128205128205128,0.00641025641025641,0.019230769230769232,1,Inferential
0.6352941176470588,34.0,2.3529411764705883,0.0,0.03529411764705882,13.84,14.54,0.0,0.0,0.0,4.152941176470589,170.0,5.0,17.46310396235446,0.12941176470588237,0.6,4.288235294117647,1.3705882352941177,0.7352941176470589,0.1411764705882353,0.03529411764705882,0.052941176470588235,0.011764705882352941,0.023529411764705882,1,Inferential
0.5977653631284916,25.571428571428573,0.5586592178770949,0.0,0.0111731843575419,10.53,10.45,0.0,0.0,0.0,4.033519553072626,179.0,7.0,7.666518779999278,0.16759776536312848,0.6759776536312849,4.212290502793296,1.3687150837988826,0.7430167597765364,0.17318435754189945,0.0446927374301676,0.027932960893854747,0.0,0.0111731843575419,0,Literal
0.6774193548387096,37.2,1.6129032258064515,0.0,0.03225806451612903,14.65,15.53,0.0,0.0,0.0,3.8548387096774195,186.0,5.0,21.642550681470055,0.10215053763440861,0.5645161290322581,4.17741935483871,1.3333333333333333,0.6774193548387096,0.1935483870967742,0.03763440860215054,0.053763440860215055,0.010752688172043012,0.021505376344086023,1,Inferential
0.6284153005464481,36.6,1.639344262295082,0.0,0.06557377049180328,16.67,15.3,0.0,0.0,0.0,3.92896174863388,183.0,5.0,10.669582934679312,0.10382513661202186,0.5683060109289617,4.5683060109289615,1.5245901639344261,0.6338797814207651,0.17486338797814208,0.09289617486338798,0.03278688524590164,0.0,0.06557377049180328,2,Evaluative
0.6363636363636364,17.875,0.0,0.0,0.06993006993006994,5.9,7.15,0.0,0.0,0.0,3.958041958041958,143.0,8.0,9.333240326917549,0.15384615384615385,0.6503496503496503,3.797202797202797,1.2307692307692308,0.7062937062937062,0.14685314685314685,0.055944055944055944,0.02097902097902098,0.02097902097902098,0.04895104895104895,0,Literal
0.6632653061224489,28.0,5.1020408163265305,0.0,0.0663265306122449,12.85,13.24,0.0,0.0,0.0,3.760204081632653,196.0,7.0,8.5690472882679,0.11734693877551021,0.5102040816326531,4.551020408163265,1.4846938775510203,0.5102040816326531,0.22448979591836735,0.15816326530612246,0.04081632653061224,0.01020408163265306,0.05612244897959184,1,Inferential
0.5538461538461539,11.470588235294118,0.5128205128205128,0.0,0.010256410256410256,3.89,4.79,0.0,0.0,0.0,3.0974358974358975,195.0,17.0,4.312210072496765,0.22564102564102564,0.5743589743589743,4.066666666666666,1.2717948717948717,0.7692307692307693,0.1641025641025641,0.02564102564102564,0.03076923076923077,0.005128205128205128,0.005128205128205128,0,Literal
0.6950354609929078,17.625,6.382978723404255,0.0,0.028368794326241134,10.95,9.6,0.0,0.0,0.0,3.482269503546099,141.0,8.0,7.794228634059948,0.19858156028368795,0.4326241134751773,5.212765957446808,1.6666666666666667,0.5460992907801419,0.2695035460992908,0.07801418439716312,0.0425531914893617,0.0,0.028368794326241134,0,Literal
0.6145251396648045,19.88888888888889,6.70391061452514,0.0,0.0,11.68,10.64,0.0,0.0,0.0,3.340782122905028,179.0,9.0,7.340064251072775,0.1340782122905028,0.4860335195530726,5.17877094972067,1.6536312849162011,0.6201117318435754,0.18435754189944134,0.11731843575418995,0.07262569832402235,0.0,0.0,0,Literal
0.5866666666666667,30.0,5.333333333333334,0.0,0.006666666666666667,13.1,14.13,0.0,0.0,0.0,4.153333333333333,150.0,5.0,16.119553343687908,0.12666666666666668,0.6266666666666667,4.306666666666667,1.44,0.7266666666666667,0.14666666666666667,0.07333333333333333,0.04666666666666667,0.0,0.006666666666666667,1,Inferential
0.6357142857142857,17.5,2.142857142857143,0.0,0.05714285714285714,8.09,7.86,0.0,0.0,0.0,3.5142857142857142,140.0,8.0,5.782516753110189,0.14285714285714285,0.5285714285714286,4.378571428571429,1.4285714285714286,0.5714285714285714,0.19285714285714287,0.12142857142857143,0.05,0.03571428571428571,0.02142857142857143,0,Literal
0.6256983240223464,29.833333333333332,5.58659217877095,0.0,0.01675977653631285,14.57,14.17,0.0,0.0,0.0,4.636871508379889,179.0,6.0,13.759844960366863,0.1340782122905028,0.6033519553072626,4.620111731843576,1.5698324022346368,0.6368715083798883,0.17318435754189945,0.12849162011173185,0.0446927374301676,0.0,0.01675977653631285,1,Inferential
0.5816326530612245,21.77777777777778,3.571428571428571,0.0,0.01020408163265306,9.4,10.14,0.0,0.0,0.0,3.7193877551020407,196.0,9.0,15.129074290546956,0.1326530612244898,0.6428571428571429,4.198979591836735,1.3979591836734695,0.7346938775510204,0.14795918367346939,0.0663265306122449,0.03571428571428571,0.0,0.01020408163265306,0,Literal
0.6,15.0,1.1111111111111112,0.0,0.03333333333333333,5.73,6.44,0.0,0.0,0.0,3.2944444444444443,180.0,12.0,5.282965286865155,0.13333333333333333,0.6666666666666666,4.0777777777777775,1.3111111111111111,0.6777777777777778,0.20555555555555555,0.027777777777777776,0.05555555555555555,0.0,0.03333333333333333,0,Literal
0.5337078651685393,9.88888888888889,1.1235955056179776,0.0,0.03932584269662921,4.18,4.4,0.0,0.0,0.0,2.949438202247191,178.0,18.0,3.8570122128243964,0.2247191011235955,0.5393258426966292,4.432584269662922,1.348314606741573,0.7303370786516854,0.15168539325842698,0.033707865168539325,0.0449438202247191,0.0056179775280898875,0.033707865168539325,0,Literal
0.5409836065573771,12.2,0.0,0.0,0.03825136612021858,3.48,4.88,0.0,0.0,0.0,2.939890710382514,183.0,15.0,3.303869784897031,0.15300546448087432,0.5628415300546448,3.8688524590163933,1.2131147540983607,0.7158469945355191,0.14207650273224043,0.07103825136612021,0.03278688524590164,0.00546448087431694,0.03278688524590164,0,Literal
0.4739583333333333,9.6,0.0,0.0,0.0,3.33,3.84,0.0,0.0,0.0,2.71875,192.0,20.0,3.59722114972099,0.16666666666666666,0.5729166666666666,3.9166666666666665,1.2864583333333333,0.7708333333333334,0.140625,0.010416666666666666,0.020833333333333332,0.0,0.0,0,Literal
0.585635359116022,22.625,10.497237569060774,0.0,0.06077348066298342,15.46,13.25,0.0,0.0,0.0,3.596685082872928,181.0,8.0,8.276472678623424,0.14917127071823205,0.44751381215469616,5.287292817679558,1.8839779005524862,0.5469613259668509,0.13259668508287292,0.15469613259668508,0.10497237569060773,0.022099447513812154,0.03867403314917127,2,Evaluative
0.631578947368421,23.75,6.842105263157896,0.0,0.015789473684210527,12.74,12.24,0.0,0.0,0.0,3.110526315789474,190.0,8.0,6.684870978560469,0.09473684210526316,0.48947368421052634,4.978947368421053,1.6157894736842104,0.5578947368421052,0.1736842105263158,0.19473684210526315,0.05789473684210526,0.005263157894736842,0.010526315789473684,1,Inferential
0.6123595505617978,35.6,1.1235955056179776,0.0,0.03932584269662921,13.54,14.69,0.0,0.0,0.0,4.320224719101123,178.0,5.0,18.99052395275075,0.12359550561797752,0.6179775280898876,4.0,1.2921348314606742,0.6797752808988764,0.1853932584269663,0.05056179775280899,0.03932584269662921,0.0,0.03932584269662921,1,Inferential
0.6535947712418301,11.76923076923077,4.57516339869281,0.0,0.032679738562091505,5.58,6.54,0.0,0.0,0.0,3.627450980392157,153.0,13.0,9.61076812254491,0.2549019607843137,0.5816993464052288,4.26797385620915,1.4052287581699345,0.6143790849673203,0.19607843137254902,0.08496732026143791,0.013071895424836602,0.0,0.032679738562091505,0,Literal
0.5,18.8,2.127659574468085,0.0,0.02127659574468085,7.87,8.37,0.0,0.0,0.0,4.191489361702128,188.0,10.0,12.272326592785902,0.2127659574468085,0.6648936170212766,4.074468085106383,1.3670212765957446,0.7393617021276596,0.1595744680851064,0.05319148936170213,0.02127659574468085,0.005319148936170213,0.015957446808510637,0,Literal
0.5355191256830601,8.318181818181818,0.0,0.0,0.04918032786885246,3.52,3.33,0.0,0.0,0.0,3.010928961748634,183.0,22.0,3.294435579143105,0.2896174863387978,0.5300546448087432,4.169398907103825,1.3442622950819672,0.7431693989071039,0.13114754098360656,0.060109289617486336,0.01092896174863388,0.00546448087431694,0.04371584699453552,0,Literal
0.47368421052631576,19.0,4.093567251461988,0.0,0.03508771929824561,8.38,9.24,0.0,0.0,0.0,3.257309941520468,171.0,9.0,7.314791373614573,0.10526315789473684,0.6549707602339181,4.175438596491228,1.4035087719298245,0.7017543859649122,0.18128654970760233,0.07602339181286549,0.005847953216374269,0.0,0.03508771929824561,0,Literal
0.538860103626943,19.3,4.66321243523316,0.0,0.09326424870466321,11.07,9.59,0.0,0.0,0.0,3.2538860103626943,193.0,10.0,9.547774609824009,0.13989637305699482,0.49740932642487046,4.8549222797927465,1.621761658031088,0.5958549222797928,0.10880829015544041,0.16062176165803108,0.031088082901554404,0.015544041450777202,0.07772020725388601,0,Literal
0.6256983240223464,22.375,3.35195530726257,0.0,0.0335195530726257,9.35,10.29,0.0,0.0,0.0,4.111731843575419,179.0,8.0,10.233981385560558,0.13966480446927373,0.6089385474860335,4.083798882681564,1.3743016759776536,0.7039106145251397,0.18435754189944134,0.027932960893854747,0.05027932960893855,0.00558659217877095,0.027932960893854747,0,Literal
0.5202702702702703,29.6,6.081081081081082,0.0,0.060810810810810814,14.77,14.27,0.0,0.0,0.0,4.304054054054054,148.0,5.0,15.932357013323546,0.08783783783783784,0.5675675675675675,4.635135135135135,1.5945945945945945,0.6959459459459459,0.12162162162162163,0.08108108108108109,0.033783783783783786,0.0,0.060810810810810814,1,Inferential
0.5594059405940595,22.444444444444443,1.9801980198019802,0.0,0.01485148514851485,10.75,9.77,0.0,0.0,0.0,3.3168316831683167,202.0,9.0,10.883218478209672,0.13366336633663367,0.6287128712871287,4.376237623762377,1.49009900990099,0.594059405940594,0.24257425742574257,0.08415841584158416,0.06435643564356436,0.0049504950495049506,0.009900990099009901,0,Literal
0.6042780748663101,23.375,2.13903743315508,0.0,0.0427807486631016,8.36,10.21,0.0,0.0,0.0,3.5989304812834226,187.0,8.0,14.692153518119799,0.11764705882352941,0.6310160427807486,3.914438502673797,1.2566844919786095,0.7593582887700535,0.12834224598930483,0.053475935828877004,0.016042780748663103,0.0053475935828877,0.0374331550802139,0,Literal
0.5384615384615384,36.4,3.8461538461538463,0.0,0.08241758241758242,15.72,16.1,0.0,0.0,0.0,5.43956043956044,182.0,5.0,28.20354587636101,0.1043956043956044,0.510989010989011,4.642857142857143,1.4505494505494505,0.5714285714285714,0.12637362637362637,0.10989010989010989,0.10989010989010989,0.0,0.08241758241758242,2,Evaluative
0.5472636815920398,28.714285714285715,4.477611940298507,0.0,0.03980099502487562,12.4,13.28,0.0,0.0,0.0,3.611940298507463,201.0,7.0,13.994167881438237,0.1044776119402985,0.5572139303482587,4.313432835820896,1.4228855721393034,0.6119402985074627,0.22388059701492538,0.0845771144278607,0.03980099502487562,0.01990049751243781,0.01990049751243781,1,Inferential
0.6023391812865497,17.1,14.035087719298245,0.0,0.15204678362573099,13.37,12.45,0.0,0.0,0.0,3.0935672514619883,171.0,10.0,8.452218643646177,0.12280701754385964,0.5029239766081871,5.391812865497076,1.8888888888888888,0.5146198830409356,0.14035087719298245,0.07602339181286549,0.1111111111111111,0.04093567251461988,0.1111111111111111,1,Inferential
0.5526315789473685,13.571428571428571,4.2105263157894735,0.0,0.05263157894736842,6.16,7.11,0.0,0.0,0.0,4.021052631578947,190.0,14.0,8.94569786009351,0.22631578947368422,0.5526315789473685,4.1,1.394736842105263,0.6263157894736842,0.2,0.07368421052631578,0.04736842105263158,0.015789473684210527,0.03684210526315789,0,Literal
0.4823529411764706,14.166666666666666,0.0,0.0,0.08235294117647059,3.12,5.67,0.0,0.0,0.0,4.458823529411765,170.0,12.0,6.504272100362619,0.34705882352941175,0.5235294117647059,3.6588235294117646,1.1176470588235294,0.711764705882353,0.1411764705882353,0.041176470588235294,0.023529411764705882,0.011764705882352941,0.07058823529411765,0,Literal
0.6390532544378699,11.266666666666667,1.7751479289940828,0.0,0.005917159763313609,4.16,5.22,0.0,0.0,0.0,3.094674556213018,169.0,15.0,8.020529215013738,0.16568047337278108,0.6094674556213018,4.124260355029586,1.301775147928994,0.7100591715976331,0.15384615384615385,0.10059171597633136,0.029585798816568046,0.005917159763313609,0.0,0,Literal
0.45685279187817257,24.625,4.060913705583756,0.0,0.05583756345177665,12.1,11.47,0.0,0.0,0.0,3.3553299492385786,197.0,8.0,4.846067993745032,0.1116751269035533,0.5025380710659898,4.675126903553299,1.532994923857868,0.5634517766497462,0.15736040609137056,0.116751269035533,0.1065989847715736,0.005076142131979695,0.050761421319796954,1,Inferential
0.546448087431694,10.166666666666666,1.092896174863388,0.0,0.03278688524590164,4.3,4.5,0.0,0.0,0.0,2.710382513661202,183.0,18.0,3.3870669054835956,0.13114754098360656,0.5683060109289617,4.1256830601092895,1.349726775956284,0.7759562841530054,0.16939890710382513,0.01639344262295082,0.00546448087431694,0.0,0.03278688524590164,0,Literal
0.6436781609195402,24.857142857142858,7.471264367816093,0.0,0.011494252873563218,13.43,12.93,0.0,0.0,0.0,3.367816091954023,174.0,7.0,10.349011586442762,0.11494252873563218,0.4827586206896552,5.097701149425287,1.6379310344827587,0.5172413793103449,0.22413793103448276,0.11494252873563218,0.08045977011494253,0.005747126436781609,0.005747126436781609,1,Inferential
0.6178010471204188,19.1,1.5706806282722512,0.0,0.05235602094240838,8.23,8.27,0.0,0.0,0.0,3.0837696335078535,191.0,10.0,8.299999999999999,0.12041884816753927,0.6020942408376964,4.392670157068062,1.387434554973822,0.6963350785340314,0.14659685863874344,0.05759162303664921,0.04712041884816754,0.010471204188481676,0.041884816753926704,0,Literal
0.6388888888888888,22.5,6.111111111111111,0.0,0.06111111111111111,11.28,11.44,0.0,0.0,0.0,3.4166666666666665,180.0,8.0,9.971835337589566,0.11666666666666667,0.5666666666666667,4.4944444444444445,1.5333333333333334,0.5777777777777777,0.16666666666666666,0.12222222222222222,0.07222222222222222,0.016666666666666666,0.044444444444444446,0,Literal
0.6262626262626263,66.0,2.0202020202020203,0.0,0.015151515151515152,26.0,27.21,0.0,0.0,0.0,4.53030303030303,198.0,3.0,28.89444391035911,0.10606060606060606,0.6313131313131313,4.313131313131313,1.3434343434343434,0.7323232323232324,0.12626262626262627,0.08080808080808081,0.030303030303030304,0.005050505050505051,0.010101010101010102,2,Evaluative
0.6108108108108108,15.416666666666666,0.5405405405405406,0.0,0.07567567567567568,5.35,6.38,0.0,0.0,0.0,4.789189189189189,185.0,12.0,9.673488971869915,0.2648648648648649,0.5405405405405406,4.059459459459459,1.2648648648648648,0.6648648648648648,0.14054054054054055,0.043243243243243246,0.07567567567567568,0.010810810810810811,0.06486486486486487,0,Literal
0.6298342541436464,30.166666666666668,4.41988950276243,0.0,0.027624309392265192,14.23,13.83,0.0,0.0,0.0,4.2430939226519335,181.0,6.0,17.391728557628255,0.16574585635359115,0.5580110497237569,4.475138121546961,1.5303867403314917,0.6850828729281768,0.1712707182320442,0.0718232044198895,0.04419889502762431,0.0,0.027624309392265192,1,Inferential
0.6666666666666666,26.0,2.564102564102564,0.0,0.057692307692307696,13.01,11.43,0.0,0.0,0.0,4.615384615384615,156.0,6.0,15.095989165632336,0.21794871794871795,0.4935897435897436,4.685897435897436,1.564102564102564,0.6089743589743589,0.1346153846153846,0.11538461538461539,0.08333333333333333,0.0,0.057692307692307696,1,Inferential
0.6013513513513513,29.6,15.54054054054054,0.0,0.02702702702702703,18.92,18.06,0.0,0.0,0.0,4.202702702702703,148.0,5.0,13.281566172707194,0.19594594594594594,0.4797297297297297,5.614864864864865,1.945945945945946,0.5608108108108109,0.16216216216216217,0.17567567567567569,0.02702702702702703,0.0,0.02702702702702703,2,Evaluative
0.5681818181818182,16.0,9.090909090909092,0.0,0.056818181818181816,9.89,10.04,0.0,0.0,0.0,3.1988636363636362,176.0,11.0,6.125411101062915,0.11931818181818182,0.5340909090909091,5.005681818181818,1.6306818181818181,0.5511363636363636,0.18181818181818182,0.11931818181818182,0.09090909090909091,0.0,0.056818181818181816,0,Literal
0.49732620320855614,10.38888888888889,0.53475935828877,0.0,0.0053475935828877,4.24,4.37,0.0,0.0,0.0,2.6844919786096257,187.0,18.0,5.437921262239918,0.11764705882352941,0.5614973262032086,3.9572192513368982,1.3368983957219251,0.7486631016042781,0.13368983957219252,0.0427807486631016,0.0374331550802139,0.0053475935828877,0.0,0,Literal
0.543010752688172,9.3,1.6129032258064515,0.0,0.05913978494623656,5.86,4.37,0.0,0.0,0.0,2.586021505376344,186.0,20.0,4.765501022977542,0.13978494623655913,0.5,4.602150537634409,1.510752688172043,0.5483870967741935,0.16129032258064516,0.1827956989247312,0.04838709677419355,0.010752688172043012,0.04838709677419355,0,Literal
0.695,22.22222222222222,5.0,0.0,0.035,11.13,10.89,0.0,0.0,0.0,4.15,200.0,9.0,14.738041815085538,0.16,0.565,4.545,1.53,0.66,0.175,0.055,0.075,0.0,0.035,0,Literal
0.5714285714285714,17.5,12.142857142857142,0.0,0.02142857142857143,10.62,11.86,0.0,0.0,0.0,3.9571428571428573,140.0,8.0,7.664854858377946,0.22142857142857142,0.5214285714285715,4.95,1.6428571428571428,0.5571428571428572,0.22142857142857142,0.06428571428571428,0.11428571428571428,0.007142857142857143,0.014285714285714285,0,Literal
0.5970149253731343,25.125,3.482587064676617,0.0,0.0845771144278607,14.05,11.44,0.0,0.0,0.0,3.482587064676617,201.0,8.0,9.9498743710662,0.14427860696517414,0.5223880597014925,4.810945273631841,1.681592039800995,0.5323383084577115,0.1791044776119403,0.07462686567164178,0.11442786069651742,0.029850746268656716,0.05472636815920398,1,Inferential
0.5977653631284916,17.9,2.793296089385475,0.0,0.0335195530726257,7.48,8.28,0.0,0.0,0.0,4.173184357541899,179.0,10.0,14.524462124292246,0.2569832402234637,0.6201117318435754,4.184357541899441,1.3631284916201116,0.664804469273743,0.12849162011173185,0.09497206703910614,0.07262569832402235,0.0111731843575419,0.0223463687150838,0,Literal
0.5792682926829268,18.22222222222222,9.75609756097561,0.0,0.054878048780487805,13.32,11.19,0.0,0.0,0.0,3.4207317073170733,164.0,9.0,4.853406592853679,0.17073170731707318,0.42073170731707316,5.4573170731707314,1.8475609756097562,0.4451219512195122,0.22560975609756098,0.18292682926829268,0.09146341463414634,0.03048780487804878,0.024390243902439025,1,Inferential
0.6724137931034483,21.75,0.5747126436781609,0.0,0.06896551724137931,8.96,8.93,0.0,0.0,0.0,3.9310344827586206,174.0,8.0,6.422616289332565,0.16666666666666666,0.5574712643678161,4.2011494252873565,1.3620689655172413,0.6666666666666666,0.14367816091954022,0.09195402298850575,0.028735632183908046,0.011494252873563218,0.05747126436781609,0,Literal
0.6143790849673203,21.857142857142858,5.228758169934641,0.0,0.032679738562091505,10.06,10.83,0.0,0.0,0.0,3.418300653594771,153.0,7.0,11.716027745035813,0.13071895424836602,0.5882352941176471,4.379084967320262,1.4509803921568627,0.6862745098039216,0.13725490196078433,0.10457516339869281,0.032679738562091505,0.013071895424836602,0.0196078431372549,0,Literal
0.6683937823834197,38.6,6.7357512953367875,0.0,0.06735751295336788,20.31,18.13,0.0,0.0,0.0,5.512953367875648,193.0,5.0,24.96878050686497,0.18652849740932642,0.49740932642487046,5.233160621761658,1.766839378238342,0.49222797927461137,0.24352331606217617,0.11398963730569948,0.06735751295336788,0.0051813471502590676,0.06217616580310881,2,Evaluative
0.4972972972972973,6.607142857142857,0.5405405405405406,0.0,0.06486486486486487,2.55,2.86,0.0,0.0,0.0,2.610810810810811,185.0,28.0,3.199768805423802,0.23243243243243245,0.518918918918919,4.108108108108108,1.318918918918919,0.7405405405405405,0.12432432432432433,0.021621621621621623,0.04864864864864865,0.0,0.06486486486486487,0,Literal
0.6125,53.333333333333336,3.75,0.0,0.00625,22.32,22.83,0.0,0.0,0.0,6.04375,160.0,3.0,18.660713336371206,0.11875,0.61875,4.3375,1.45,0.625,0.15,0.15625,0.0625,0.00625,0.0,2,Evaluative
0.4166666666666667,6.461538461538462,1.1904761904761905,0.0,0.07738095238095238,2.38,3.06,0.0,0.0,0.0,3.0654761904761907,168.0,26.0,3.066327911999192,0.3273809523809524,0.6547619047619048,3.9404761904761907,1.3095238095238095,0.7261904761904762,0.10714285714285714,0.03571428571428571,0.05357142857142857,0.0,0.07738095238095238,0,Literal
0.6649484536082474,24.25,2.0618556701030926,0.0,0.061855670103092786,10.47,10.52,0.0,0.0,0.0,3.7628865979381443,194.0,8.0,12.386989141837494,0.11855670103092783,0.6134020618556701,4.278350515463917,1.407216494845361,0.6649484536082474,0.13402061855670103,0.0979381443298969,0.041237113402061855,0.005154639175257732,0.05670103092783505,0,Literal
0.6503496503496503,20.428571428571427,13.286713286713287,0.0,0.027972027972027972,13.09,13.49,0.0,0.0,0.0,3.762237762237762,143.0,7.0,5.573259772323188,0.16783216783216784,0.46153846153846156,5.1678321678321675,1.7552447552447552,0.5174825174825175,0.21678321678321677,0.1258741258741259,0.11188811188811189,0.006993006993006993,0.02097902097902098,1,Inferential
0.6178010471204188,23.875,0.0,0.0,0.08900523560209424,8.8,9.55,0.0,0.0,0.0,5.0942408376963355,191.0,8.0,13.378504213849917,0.23036649214659685,0.6073298429319371,4.104712041884817,1.2774869109947644,0.7277486910994765,0.1256544502617801,0.03664921465968586,0.020942408376963352,0.015706806282722512,0.07329842931937172,0,Literal
0.6242038216560509,26.166666666666668,10.828025477707007,0.0,0.044585987261146494,13.56,14.8,0.0,0.0,0.0,3.4585987261146496,157.0,6.0,7.874007874011811,0.10828025477707007,0.5796178343949044,4.853503184713376,1.605095541401274,0.5732484076433121,0.16560509554140126,0.1337579617834395,0.08280254777070063,0.006369426751592357,0.03821656050955414,1,Inferential
0.5783132530120482,41.5,2.4096385542168677,0.0,0.030120481927710843,17.51,17.56,0.0,0.0,0.0,3.4096385542168677,166.0,4.0,10.5,0.0963855421686747,0.608433734939759,4.204819277108434,1.4337349397590362,0.6204819277108434,0.18072289156626506,0.1144578313253012,0.05421686746987952,0.018072289156626505,0.012048192771084338,2,Evaluative
0.6555555555555556,16.363636363636363,0.5555555555555556,0.0,0.10555555555555556,6.66,6.77,0.0,0.0,0.0,2.922222222222222,180.0,11.0,5.775410972461305,0.11666666666666667,0.5166666666666667,4.444444444444445,1.3444444444444446,0.5777777777777777,0.17777777777777778,0.08333333333333333,0.05555555555555555,0.027777777777777776,0.07777777777777778,0,Literal
0.5796178343949044,22.428571428571427,7.643312101910828,0.0,0.06369426751592357,13.3,12.03,0.0,0.0,0.0,3.3694267515923566,157.0,7.0,4.703450752329808,0.08917197452229299,0.45222929936305734,5.006369426751593,1.7070063694267517,0.5605095541401274,0.1464968152866242,0.1464968152866242,0.08280254777070063,0.012738853503184714,0.050955414012738856,1,Inferential
0.6205128205128205,24.375,1.5384615384615385,0.0,0.010256410256410256,11.1,10.37,0.0,0.0,0.0,4.4,195.0,8.0,19.035739413009413,0.18974358974358974,0.5538461538461539,4.3538461538461535,1.4564102564102563,0.6666666666666666,0.17435897435897435,0.06153846153846154,0.05128205128205128,0.0,0.010256410256410256,0,Literal
0.6949152542372882,35.4,2.824858757062147,0.0,0.07344632768361582,15.75,15.29,0.0,0.0,0.0,4.508474576271187,177.0,5.0,12.214745187681975,0.15819209039548024,0.5480225988700564,4.548022598870056,1.4858757062146892,0.5819209039548022,0.15254237288135594,0.1016949152542373,0.07344632768361582,0.005649717514124294,0.06779661016949153,2,Evaluative
0.6510067114093959,21.285714285714285,0.0,0.0,0.06040268456375839,7.52,8.51,0.0,0.0,0.0,3.966442953020134,149.0,7.0,8.907689867497083,0.1476510067114094,0.5973154362416108,3.9328859060402683,1.25503355704698,0.7785234899328859,0.12080536912751678,0.026845637583892617,0.013422818791946308,0.020134228187919462,0.040268456375838924,0,Literal
0.5294117647058824,13.909090909090908,0.0,0.0,0.058823529411764705,5.26,5.56,0.0,0.0,0.0,3.150326797385621,153.0,11.0,4.660365679264108,0.13725490196078433,0.6601307189542484,4.209150326797386,1.3071895424836601,0.7320261437908496,0.1895424836601307,0.013071895424836602,0.006535947712418301,0.0,0.058823529411764705,0,Literal
0.6337209302325582,24.571428571428573,1.744186046511628,0.0,0.029069767441860465,9.29,10.53,0.0,0.0,0.0,3.5988372093023258,172.0,7.0,14.72468425911443,0.18023255813953487,0.6453488372093024,3.941860465116279,1.2965116279069768,0.6976744186046512,0.13372093023255813,0.10465116279069768,0.029069767441860465,0.0,0.029069767441860465,0,Literal
0.6157894736842106,19.0,2.631578947368421,0.0,0.05263157894736842,10.02,8.65,0.0,0.0,0.0,3.4210526315789473,190.0,10.0,9.741149829460587,0.12105263157894737,0.5631578947368421,4.673684210526316,1.5421052631578946,0.5736842105263158,0.2578947368421053,0.05263157894736842,0.042105263157894736,0.0,0.05263157894736842,0,Literal
0.6502732240437158,20.333333333333332,4.918032786885246,0.0,0.03278688524590164,10.52,10.1,0.0,0.0,0.0,3.830601092896175,183.0,9.0,5.619630496178575,0.13114754098360656,0.6010928961748634,4.639344262295082,1.540983606557377,0.6666666666666666,0.17486338797814208,0.06557377049180328,0.060109289617486336,0.01092896174863388,0.02185792349726776,0,Literal
0.5767195767195767,23.625,0.0,0.0,0.021164021164021163,9.11,9.45,0.0,0.0,0.0,4.201058201058201,189.0,8.0,11.39009986786771,0.13756613756613756,0.6402116402116402,4.021164021164021,1.312169312169312,0.7248677248677249,0.164021164021164,0.042328042328042326,0.047619047619047616,0.0,0.021164021164021163,0,Literal
0.553072625698324,9.944444444444445,1.675977653631285,0.0,0.00558659217877095,2.92,4.65,0.0,0.0,0.0,3.022346368715084,179.0,18.0,4.616462757898273,0.21787709497206703,0.5642458100558659,3.8547486033519553,1.2402234636871508,0.8156424581005587,0.12849162011173185,0.03910614525139665,0.0,0.00558659217877095,0.0,0,Literal
0.7,20.0,2.5,0.0,0.04375,8.66,9.0,0.0,0.0,0.0,3.8,160.0,8.0,8.26041009877839,0.18125,0.575,4.38125,1.39375,0.68125,0.1875,0.04375,0.03125,0.01875,0.025,0,Literal
0.6224489795918368,21.77777777777778,1.0204081632653061,0.0,0.02040816326530612,8.07,9.12,0.0,0.0,0.0,3.413265306122449,196.0,9.0,13.241349377360802,0.10714285714285714,0.6122448979591837,4.0,1.2857142857142858,0.7653061224489796,0.11734693877551021,0.0663265306122449,0.025510204081632654,0.0,0.02040816326530612,0,Literal
0.7094594594594594,24.666666666666668,3.3783783783783785,0.0,0.02027027027027027,11.17,11.22,0.0,0.0,0.0,3.5135135135135136,148.0,6.0,8.975274678557506,0.22972972972972974,0.5608108108108109,4.54054054054054,1.4527027027027026,0.6216216216216216,0.16216216216216217,0.11486486486486487,0.08108108108108109,0.006756756756756757,0.013513513513513514,0,Literal
0.6416184971098265,28.833333333333332,4.624277456647398,0.0,0.017341040462427744,12.3,13.38,0.0,0.0,0.0,4.53757225433526,173.0,6.0,20.54872258803452,0.09248554913294797,0.5549132947976878,4.375722543352601,1.4104046242774566,0.6705202312138728,0.16184971098265896,0.10404624277456648,0.046242774566473986,0.005780346820809248,0.011560693641618497,1,Inferential
0.6381578947368421,38.0,3.9473684210526314,0.0,0.02631578947368421,15.46,16.78,0.0,0.0,0.0,4.046052631578948,152.0,4.0,15.400892831261439,0.1118421052631579,0.5460526315789473,4.421052631578948,1.375,0.6776315789473685,0.15789473684210525,0.09868421052631579,0.03289473684210526,0.0,0.02631578947368421,2,Evaluative
0.63125,17.77777777777778,12.5,0.0,0.10625,12.88,12.11,0.0,0.0,0.0,3.94375,160.0,9.0,5.395471352079548,0.2,0.46875,5.45625,1.825,0.4375,0.21875,0.15625,0.08125,0.0125,0.09375,1,Inferential
0.6557377049180327,18.3,1.639344262295082,0.0,0.0546448087431694,8.44,7.98,0.0,0.0,0.0,3.398907103825137,183.0,10.0,6.910861017268399,0.14754098360655737,0.5355191256830601,4.426229508196721,1.4316939890710383,0.5956284153005464,0.15846994535519127,0.12568306010928962,0.0546448087431694,0.01092896174863388,0.04371584699453552,0,Literal
0.5050505050505051,9.0,1.5151515151515151,0.0,0.0,3.95,4.21,0.0,0.0,0.0,2.282828282828283,198.0,22.0,2.0332972042131856,0.13636363636363635,0.5252525252525253,4.136363636363637,1.3585858585858586,0.7222222222222222,0.12121212121212122,0.05555555555555555,0.10101010101010101,0.0,0.0,0,Literal
0.5670103092783505,21.555555555555557,5.154639175257731,0.0,0.030927835051546393,12.71,10.68,0.0,0.0,0.0,4.237113402061856,194.0,9.0,7.702813338860896,0.15463917525773196,0.5567010309278351,4.938144329896907,1.6855670103092784,0.5670103092783505,0.16494845360824742,0.13917525773195877,0.08762886597938144,0.0,0.030927835051546393,1,Inferential
0.6894736842105263,17.272727272727273,10.0,0.0,0.10526315789473684,12.95,10.91,0.0,0.0,0.0,3.463157894736842,190.0,11.0,8.273226758147969,0.18421052631578946,0.4421052631578947,5.6947368421052635,1.8473684210526315,0.49473684210526314,0.15263157894736842,0.14736842105263157,0.1,0.015789473684210527,0.08947368421052632,1,Inferential
0.5300546448087432,22.875,4.918032786885246,0.0,0.01639344262295082,11.26,11.12,0.0,0.0,0.0,4.26775956284153,183.0,8.0,11.805057179022896,0.16393442622950818,0.5683060109289617,4.5136612021857925,1.5191256830601092,0.6229508196721312,0.18579234972677597,0.06557377049180328,0.09836065573770492,0.0,0.01639344262295082,0,Literal
0.6036585365853658,27.333333333333332,0.6097560975609756,0.0,0.04878048780487805,9.39,11.18,0.0,0.0,0.0,4.945121951219512,164.0,6.0,15.181311610734504,0.20121951219512196,0.5792682926829268,3.7378048780487805,1.2134146341463414,0.7195121951219512,0.12804878048780488,0.06097560975609756,0.042682926829268296,0.024390243902439025,0.024390243902439025,0,Literal
0.6601307189542484,30.6,3.2679738562091507,0.0,0.0784313725490196,13.93,13.55,0.0,0.0,0.0,3.9281045751633985,153.0,5.0,13.914021704740868,0.11764705882352941,0.5098039215686274,4.457516339869281,1.4901960784313726,0.6143790849673203,0.13725490196078433,0.1111111111111111,0.058823529411764705,0.013071895424836602,0.06535947712418301,1,Inferential
0.6440677966101694,22.125,8.47457627118644,0.0,0.05084745762711865,11.97,12.24,0.0,0.0,0.0,3.463276836158192,177.0,8.0,12.72239659026553,0.12994350282485875,0.5536723163841808,4.836158192090395,1.6045197740112995,0.6045197740112994,0.15254237288135594,0.10734463276836158,0.07909604519774012,0.011299435028248588,0.03954802259887006,0,Literal
0.65,13.846153846153847,2.2222222222222223,0.0,0.03333333333333333,6.33,6.43,0.0,0.0,0.0,3.838888888888889,180.0,13.0,10.307118238893574,0.2222222222222222,0.5833333333333334,4.383333333333334,1.4,0.6666666666666666,0.16111111111111112,0.08333333333333333,0.05,0.0,0.03333333333333333,0,Literal
0.5754189944134078,19.88888888888889,5.58659217877095,0.0,0.0335195530726257,9.11,10.19,0.0,0.0,0.0,2.899441340782123,179.0,9.0,9.993825254119493,0.11731843575418995,0.6480446927374302,4.4636871508379885,1.4357541899441342,0.664804469273743,0.16759776536312848,0.0670391061452514,0.0670391061452514,0.0,0.0335195530726257,0,Literal
0.6688311688311688,17.11111111111111,0.6493506493506493,0.0,0.07142857142857142,6.64,7.1,0.0,0.0,0.0,3.155844155844156,154.0,9.0,7.593044250342172,0.14285714285714285,0.5194805194805194,4.116883116883117,1.3181818181818181,0.6753246753246753,0.13636363636363635,0.06493506493506493,0.045454545454545456,0.0,0.07142857142857142,0,Literal
0.5952380952380952,16.8,1.7857142857142856,0.0,0.023809523809523808,7.4,7.43,0.0,0.0,0.0,4.226190476190476,168.0,10.0,8.188406438373708,0.24404761904761904,0.6428571428571429,4.0773809523809526,1.3928571428571428,0.7023809523809523,0.17261904761904762,0.05357142857142857,0.02976190476190476,0.0,0.023809523809523808,0,Literal
0.6521739130434783,20.125,4.3478260869565215,0.0,0.055900621118012424,9.78,9.79,0.0,0.0,0.0,3.329192546583851,161.0,8.0,8.006833019365397,0.13664596273291926,0.5217391304347826,4.596273291925466,1.484472049689441,0.546583850931677,0.19875776397515527,0.16770186335403728,0.031055900621118012,0.012422360248447204,0.043478260869565216,0,Literal
0.5751295336787565,9.65,1.0362694300518136,0.0,0.010362694300518135,4.13,4.27,0.0,0.0,0.0,3.1709844559585494,193.0,20.0,4.1770204691861395,0.24870466321243523,0.5647668393782384,4.108808290155441,1.3523316062176165,0.7046632124352331,0.15544041450777202,0.03626943005181347,0.04145077720207254,0.0051813471502590676,0.0051813471502590676,0,Literal
0.6368421052631579,13.571428571428571,0.5263157894736842,0.0,0.03684210526315789,5.04,5.64,0.0,0.0,0.0,3.6736842105263157,190.0,14.0,10.355172226319304,0.16842105263157894,0.5684210526315789,4.136842105263158,1.3,0.7736842105263158,0.08421052631578947,0.06842105263157895,0.031578947368421054,0.0,0.03684210526315789,0,Literal
0.7068965517241379,29.0,14.942528735632186,0.0,0.10344827586206896,18.44,17.58,0.0,0.0,0.0,4.557471264367816,174.0,6.0,20.161156271955786,0.22413793103448276,0.3563218390804598,5.752873563218391,1.9252873563218391,0.40229885057471265,0.16666666666666666,0.15517241379310345,0.13793103448275862,0.04597701149425287,0.05747126436781609,2,Evaluative
0.6483516483516484,16.545454545454547,1.098901098901099,0.0,0.027472527472527472,6.81,7.06,0.0,0.0,0.0,3.7032967032967035,182.0,11.0,8.453079051715147,0.17582417582417584,0.5879120879120879,4.225274725274725,1.3516483516483517,0.7472527472527473,0.13186813186813187,0.04395604395604396,0.04395604395604396,0.0,0.027472527472527472,0,Literal
0.5063291139240507,22.571428571428573,3.1645569620253164,0.0,0.012658227848101266,9.42,10.29,0.0,0.0,0.0,4.449367088607595,158.0,7.0,14.974808778718467,0.12658227848101267,0.5506329113924051,4.094936708860759,1.3734177215189873,0.6329113924050633,0.189873417721519,0.12025316455696203,0.04430379746835443,0.0,0.012658227848101266,0,Literal
0.5752688172043011,31.0,4.301075268817205,0.0,0.03225806451612903,14.83,14.12,0.0,0.0,0.0,3.870967741935484,186.0,6.0,23.35950912726264,0.10215053763440861,0.532258064516129,4.591397849462366,1.553763440860215,0.6505376344086021,0.14516129032258066,0.11290322580645161,0.05913978494623656,0.016129032258064516,0.016129032258064516,1,Inferential
0.632258064516129,25.833333333333332,3.870967741935484,0.0,0.05806451612903226,13.06,11.88,0.0,0.0,0.0,3.767741935483871,155.0,6.0,8.205689083394114,0.0967741935483871,0.5741935483870968,4.561290322580645,1.5741935483870968,0.5548387096774193,0.21935483870967742,0.1032258064516129,0.05806451612903226,0.0064516129032258064,0.05161290322580645,1,Inferential
0.5256410256410257,13.0,0.641025641025641,0.0,0.07692307692307693,6.42,5.46,0.0,0.0,0.0,2.7756410256410255,156.0,12.0,5.369667897862337,0.12179487179487179,0.5384615384615384,4.32051282051282,1.435897435897436,0.5833333333333334,0.22435897435897437,0.10256410256410256,0.01282051282051282,0.02564102564102564,0.05128205128205128,0,Literal
0.5555555555555556,25.714285714285715,6.666666666666667,0.0,0.022222222222222223,13.58,12.95,0.0,0.0,0.0,3.4722222222222223,180.0,7.0,11.593453465870562,0.08888888888888889,0.6388888888888888,4.655555555555556,1.6222222222222222,0.6444444444444445,0.2,0.08333333333333333,0.05,0.005555555555555556,0.016666666666666666,1,Inferential
0.6986301369863014,20.857142857142858,6.8493150684931505,0.0,0.0273972602739726,11.38,11.08,0.0,0.0,0.0,3.4383561643835616,146.0,7.0,8.480469759803333,0.10273972602739725,0.5684931506849316,4.787671232876712,1.595890410958904,0.6301369863013698,0.2054794520547945,0.10273972602739725,0.03424657534246575,0.0,0.0273972602739726,0,Literal
0.6528497409326425,32.166666666666664,6.217616580310881,0.0,0.06217616580310881,14.32,15.35,0.0,0.0,0.0,4.367875647668394,193.0,6.0,10.420332688227058,0.16580310880829016,0.5699481865284974,4.533678756476684,1.471502590673575,0.6528497409326425,0.16580310880829016,0.08808290155440414,0.031088082901554404,0.010362694300518135,0.05181347150259067,1,Inferential
0.7058823529411765,14.384615384615385,14.43850267379679,0.0,0.016042780748663103,13.18,11.53,0.0,0.0,0.0,3.3850267379679146,187.0,13.0,5.498789538665082,0.18181818181818182,0.4117647058823529,5.871657754010696,1.9625668449197862,0.47593582887700536,0.22459893048128343,0.13368983957219252,0.1497326203208556,0.0,0.016042780748663103,1,Inferential
0.5435897435897435,17.727272727272727,5.128205128205128,0.0,0.035897435897435895,8.87,9.14,0.0,0.0,0.0,3.471794871794872,195.0,11.0,9.854310631217636,0.14871794871794872,0.5743589743589743,4.461538461538462,1.4871794871794872,0.6666666666666666,0.14871794871794872,0.10256410256410256,0.046153846153846156,0.0,0.035897435897435895,0,Literal
0.5857988165680473,16.9,2.9585798816568047,0.0,0.10650887573964497,8.74,7.94,0.0,0.0,0.0,3.4792899408284024,169.0,10.0,6.8,0.14201183431952663,0.5088757396449705,4.627218934911243,1.5029585798816567,0.650887573964497,0.14201183431952663,0.05325443786982249,0.04142011834319527,0.0,0.10650887573964497,0,Literal
0.5502645502645502,27.0,2.1164021164021163,0.0,0.037037037037037035,11.11,11.65,0.0,0.0,0.0,3.6084656084656084,189.0,7.0,12.24078162103538,0.13227513227513227,0.5873015873015873,4.275132275132275,1.3703703703703705,0.671957671957672,0.1746031746031746,0.08465608465608465,0.031746031746031744,0.005291005291005291,0.031746031746031744,0,Literal
0.6516129032258065,25.833333333333332,7.096774193548387,0.0,0.05161290322580645,13.29,13.17,0.0,0.0,0.0,3.2451612903225806,155.0,6.0,9.83192080250175,0.13548387096774195,0.5548387096774193,4.903225806451613,1.5935483870967742,0.6193548387096774,0.18064516129032257,0.12258064516129032,0.025806451612903226,0.0,0.05161290322580645,1,Inferential
0.6101694915254238,16.09090909090909,8.47457627118644,0.0,0.022598870056497175,9.42,9.83,0.0,0.0,0.0,3.0338983050847457,177.0,11.0,7.7085334275273,0.1016949152542373,0.480225988700565,4.785310734463277,1.5875706214689265,0.5423728813559322,0.24858757062146894,0.14689265536723164,0.03389830508474576,0.011299435028248588,0.011299435028248588,0,Literal
0.697986577181208,14.9,2.684563758389262,0.0,0.026845637583892617,6.61,7.03,0.0,0.0,0.0,2.946308724832215,149.0,10.0,6.992138442565336,0.10067114093959731,0.5637583892617449,4.516778523489933,1.389261744966443,0.6577181208053692,0.18120805369127516,0.08053691275167785,0.053691275167785234,0.0,0.026845637583892617,0,Literal
0.6241610738255033,16.555555555555557,4.026845637583892,0.0,0.12080536912751678,10.82,8.23,0.0,0.0,0.0,3.2684563758389262,149.0,9.0,6.69991708074726,0.1476510067114094,0.4563758389261745,4.926174496644295,1.691275167785235,0.5100671140939598,0.09395973154362416,0.1610738255033557,0.11409395973154363,0.013422818791946308,0.10738255033557047,0,Literal
0.5,24.5,6.122448979591836,0.0,0.03571428571428571,11.18,12.25,0.0,0.0,0.0,4.076530612244898,196.0,8.0,10.682198977738619,0.09183673469387756,0.5612244897959183,4.51530612244898,1.4591836734693877,0.5867346938775511,0.27040816326530615,0.05612244897959184,0.05102040816326531,0.0,0.03571428571428571,0,Literal
0.6535947712418301,21.857142857142858,0.0,0.0,0.05228758169934641,7.13,8.74,0.0,0.0,0.0,3.980392156862745,153.0,7.0,11.933489148832631,0.1503267973856209,0.5555555555555556,3.823529411764706,1.2026143790849673,0.7843137254901961,0.09803921568627451,0.0392156862745098,0.026143790849673203,0.006535947712418301,0.0457516339869281,0,Literal
0.5838150289017341,28.833333333333332,3.4682080924855487,0.0,0.04046242774566474,12.37,12.92,0.0,0.0,0.0,3.861271676300578,173.0,6.0,6.236095644623235,0.1329479768786127,0.5722543352601156,4.381502890173411,1.416184971098266,0.6184971098265896,0.17341040462427745,0.10404624277456648,0.06358381502890173,0.011560693641618497,0.028901734104046242,1,Inferential
0.5751633986928104,12.75,0.0,0.0,0.0457516339869281,3.42,5.1,0.0,0.0,0.0,4.34640522875817,153.0,12.0,6.953716032932799,0.3790849673202614,0.5882352941176471,3.7712418300653594,1.1895424836601307,0.6928104575163399,0.1830065359477124,0.0457516339869281,0.032679738562091505,0.032679738562091505,0.013071895424836602,0,Literal
0.6301369863013698,24.333333333333332,0.684931506849315,0.0,0.0,9.66,10.01,0.0,0.0,0.0,3.595890410958904,146.0,6.0,7.289642576209679,0.1095890410958904,0.6027397260273972,4.260273972602739,1.3356164383561644,0.6643835616438356,0.15753424657534246,0.1232876712328767,0.0547945205479452,0.0,0.0,0,Literal
0.6262626262626263,49.5,0.5050505050505051,0.0,0.06060606060606061,18.91,20.0,0.0,0.0,0.0,5.601010101010101,198.0,4.0,42.87408891160254,0.13131313131313133,0.5808080808080808,4.151515151515151,1.2878787878787878,0.7070707070707071,0.16161616161616163,0.04040404040404041,0.030303030303030304,0.010101010101010102,0.050505050505050504,2,Evaluative
0.5272727272727272,15.0,4.242424242424243,0.0,0.0,7.42,7.7,0.0,0.0,0.0,3.0545454545454547,165.0,11.0,4.670993664969138,0.17575757575757575,0.5575757575757576,4.545454545454546,1.4545454545454546,0.7272727272727273,0.20606060606060606,0.030303030303030304,0.03636363636363636,0.0,0.0,0,Literal
0.5170454545454546,9.777777777777779,1.7045454545454544,0.0,0.017045454545454544,4.18,4.59,0.0,0.0,0.0,2.965909090909091,176.0,18.0,4.062778955284938,0.23863636363636365,0.5454545454545454,4.005681818181818,1.3522727272727273,0.7329545454545454,0.16477272727272727,0.06818181818181818,0.017045454545454544,0.0,0.017045454545454544,0,Literal
0.6551724137931034,24.857142857142858,7.471264367816093,0.0,0.034482758620689655,11.47,12.93,0.0,0.0,0.0,3.6264367816091956,174.0,7.0,10.024459881627905,0.13218390804597702,0.5632183908045977,4.551724137931035,1.471264367816092,0.6436781609195402,0.1839080459770115,0.08045977011494253,0.05172413793103448,0.011494252873563218,0.022988505747126436,0,Literal
0.6428571428571429,24.0,7.738095238095238,0.0,0.02976190476190476,15.75,12.7,0.0,0.0,0.0,3.75,168.0,7.0,10.561771651014013,0.19642857142857142,0.4583333333333333,5.559523809523809,1.8630952380952381,0.5952380952380952,0.17261904761904762,0.11904761904761904,0.07738095238095238,0.005952380952380952,0.023809523809523808,2,Evaluative
0.6577181208053692,13.545454545454545,0.0,0.0,0.0738255033557047,3.71,5.42,0.0,0.0,0.0,3.9798657718120807,149.0,11.0,5.516316893192023,0.2348993288590604,0.6174496644295302,3.6778523489932886,1.1879194630872483,0.738255033557047,0.10067114093959731,0.06040268456375839,0.026845637583892617,0.013422818791946308,0.06040268456375839,0,Literal
0.5644171779141104,27.166666666666668,5.521472392638037,0.0,0.04294478527607362,14.33,13.08,0.0,0.0,0.0,3.8466257668711656,163.0,6.0,4.946940693218609,0.13496932515337423,0.5337423312883436,4.975460122699387,1.638036809815951,0.6012269938650306,0.13496932515337423,0.1656441717791411,0.04294478527607362,0.006134969325153374,0.03680981595092025,1,Inferential
0.6375,12.307692307692308,4.375,0.0,0.04375,5.66,6.67,0.0,0.0,0.0,3.23125,160.0,13.0,7.82047078593159,0.15625,0.66875,4.08125,1.39375,0.71875,0.1875,0.025,0.0125,0.0125,0.03125,0,Literal
0.5760869565217391,23.0,1.0869565217391304,0.0,0.010869565217391304,8.77,9.63,0.0,0.0,0.0,3.625,184.0,8.0,9.752403549894764,0.13043478260869565,0.5815217391304348,4.0,1.3043478260869565,0.7717391304347826,0.1358695652173913,0.043478260869565216,0.03804347826086957,0.0,0.010869565217391304,0,Literal
0.7105263157894737,30.4,6.578947368421052,0.0,0.05263157894736842,15.44,14.79,0.0,0.0,0.0,4.118421052631579,152.0,5.0,27.339348931530903,0.13157894736842105,0.6052631578947368,4.769736842105263,1.625,0.5986842105263158,0.17105263157894737,0.10526315789473684,0.046052631578947366,0.0,0.05263157894736842,2,Evaluative
0.6081871345029239,15.545454545454545,0.0,0.0,0.03508771929824561,6.55,6.22,0.0,0.0,0.0,3.7309941520467835,171.0,11.0,8.690262433150382,0.2046783625730994,0.5906432748538012,4.152046783625731,1.3625730994152048,0.7017543859649122,0.18128654970760233,0.05847953216374269,0.011695906432748537,0.0,0.03508771929824561,0,Literal
0.6511627906976745,28.666666666666668,9.883720930232558,0.0,0.05813953488372093,16.03,15.42,0.0,0.0,0.0,3.883720930232558,172.0,6.0,13.073510112692254,0.13372093023255813,0.5290697674418605,5.017441860465116,1.7325581395348837,0.5988372093023255,0.16279069767441862,0.11627906976744186,0.05813953488372093,0.029069767441860465,0.029069767441860465,2,Evaluative
0.6540880503144654,22.714285714285715,0.0,0.0,0.0440251572327044,7.81,9.09,0.0,0.0,0.0,4.044025157232705,159.0,7.0,11.069354644463152,0.1761006289308176,0.5220125786163522,4.044025157232705,1.2327044025157232,0.710691823899371,0.1509433962264151,0.0440251572327044,0.050314465408805034,0.006289308176100629,0.03773584905660377,0,Literal
0.56353591160221,15.083333333333334,2.7624309392265194,0.0,0.055248618784530384,5.81,7.14,0.0,0.0,0.0,3.6464088397790055,181.0,12.0,10.569873330471951,0.19889502762430938,0.6629834254143646,3.845303867403315,1.3149171270718232,0.712707182320442,0.143646408839779,0.049723756906077346,0.03867403314917127,0.0055248618784530384,0.049723756906077346,0,Literal
0.66,12.5,0.5,0.0,0.065,3.98,5.2,0.0,0.0,0.0,3.935,200.0,16.0,10.606417573808793,0.24,0.56,3.985,1.245,0.7,0.15,0.06,0.025,0.04,0.025,0,Literal
0.5636363636363636,23.571428571428573,3.6363636363636362,0.0,0.04242424242424243,11.62,10.88,0.0,0.0,0.0,3.084848484848485,165.0,7.0,11.322724125962491,0.06060606060606061,0.5272727272727272,4.3090909090909095,1.5272727272727273,0.6545454545454545,0.10303030303030303,0.10909090909090909,0.09090909090909091,0.012121212121212121,0.030303030303030304,0,Literal
0.6739130434782609,17.25,2.1739130434782608,0.0,0.057971014492753624,7.3,7.77,0.0,0.0,0.0,3.2318840579710146,138.0,8.0,4.789311015167004,0.12318840579710146,0.5217391304347826,4.297101449275362,1.3695652173913044,0.7101449275362319,0.07971014492753623,0.07971014492753623,0.043478260869565216,0.007246376811594203,0.050724637681159424,0,Literal
0.5476190476190477,11.2,2.380952380952381,0.0,0.02976190476190476,7.95,5.43,0.0,0.0,0.0,3.0595238095238093,168.0,15.0,3.363860216411431,0.20238095238095238,0.4642857142857143,4.791666666666667,1.625,0.5654761904761905,0.17261904761904762,0.20833333333333334,0.023809523809523808,0.011904761904761904,0.017857142857142856,0,Literal
0.5833333333333334,7.428571428571429,0.0,0.0,0.02564102564102564,4.02,2.97,0.0,0.0,0.0,2.358974358974359,156.0,21.0,3.4979747947060873,0.1858974358974359,0.4551282051282051,4.5576923076923075,1.4166666666666667,0.6602564102564102,0.08333333333333333,0.04487179487179487,0.08333333333333333,0.0,0.02564102564102564,0,Literal
0.6270270270270271,4.625,1.6216216216216217,0.0,0.021621621621621623,3.5,2.5,0.0,0.0,0.0,2.0594594594594593,185.0,40.0,1.5278661590597522,0.2648648648648649,0.5081081081081081,4.286486486486487,1.4648648648648648,0.6864864864864865,0.12432432432432433,0.08108108108108109,0.005405405405405406,0.0,0.021621621621621623,0,Literal
0.5953757225433526,24.714285714285715,3.4682080924855487,0.0,0.023121387283236993,9.87,11.27,0.0,0.0,0.0,3.8034682080924855,173.0,7.0,17.815379734994167,0.10982658959537572,0.5722543352601156,4.184971098265896,1.3410404624277457,0.6936416184971098,0.15028901734104047,0.09248554913294797,0.04046242774566474,0.0,0.023121387283236993,0,Literal
0.6466666666666666,21.428571428571427,2.0,0.0,0.07333333333333333,8.11,9.37,0.0,0.0,0.0,4.406666666666666,150.0,7.0,11.88550823997228,0.2,0.6,4.0,1.3,0.7266666666666667,0.18,0.013333333333333334,0.006666666666666667,0.02,0.05333333333333334,0,Literal
0.5348837209302325,19.11111111111111,16.86046511627907,0.0,0.1569767441860465,13.41,14.39,0.0,0.0,0.0,3.2906976744186047,172.0,9.0,3.80058475033046,0.12209302325581395,0.46511627906976744,5.494186046511628,1.8255813953488371,0.5058139534883721,0.10465116279069768,0.1511627906976744,0.08139534883720931,0.046511627906976744,0.11046511627906977,1,Inferential
0.5421052631578948,7.916666666666667,0.5263157894736842,0.0,0.005263157894736842,4.02,3.38,0.0,0.0,0.0,3.057894736842105,190.0,24.0,2.984915781428719,0.2736842105263158,0.5736842105263158,4.173684210526316,1.4,0.8105263157894737,0.1,0.021052631578947368,0.005263157894736842,0.0,0.005263157894736842,0,Literal
0.636986301369863,24.333333333333332,7.534246575342466,0.0,0.06164383561643835,13.3,12.75,0.0,0.0,0.0,4.068493150684931,146.0,6.0,10.122856426040144,0.1917808219178082,0.5136986301369864,4.897260273972603,1.643835616438356,0.6027397260273972,0.11643835616438356,0.136986301369863,0.07534246575342465,0.0136986301369863,0.04794520547945205,1,Inferential
0.6335403726708074,16.1,3.1055900621118013,0.0,0.024844720496894408,7.47,7.68,0.0,0.0,0.0,3.099378881987578,161.0,10.0,7.922120928135344,0.13043478260869565,0.5652173913043478,4.391304347826087,1.4223602484472049,0.6583850931677019,0.17391304347826086,0.06832298136645963,0.06832298136645963,0.0,0.024844720496894408,0,Literal
0.595,22.22222222222222,4.0,0.0,0.025,8.83,10.49,0.0,0.0,0.0,3.245,200.0,9.0,5.573304979548645,0.115,0.58,4.365,1.335,0.71,0.165,0.065,0.015,0.0,0.025,0,Literal
0.6134020618556701,32.333333333333336,3.608247422680412,0.0,0.02577319587628866,14.66,14.38,0.0,0.0,0.0,3.6752577319587627,194.0,6.0,9.51168871558685,0.14948453608247422,0.5824742268041238,4.572164948453608,1.4948453608247423,0.6185567010309279,0.14432989690721648,0.1134020618556701,0.05670103092783505,0.005154639175257732,0.020618556701030927,1,Inferential
0.5454545454545454,22.0,7.954545454545454,0.0,0.05113636363636364,12.3,11.98,0.0,0.0,0.0,3.5170454545454546,176.0,8.0,8.926785535678562,0.11931818181818182,0.48863636363636365,4.6477272727272725,1.6363636363636365,0.5568181818181818,0.24431818181818182,0.07386363636363637,0.07386363636363637,0.022727272727272728,0.028409090909090908,1,Inferential
0.5935483870967742,17.22222222222222,1.935483870967742,0.0,0.01935483870967742,6.12,7.66,0.0,0.0,0.0,4.419354838709677,155.0,9.0,10.850271658429959,0.25161290322580643,0.5870967741935483,4.219354838709678,1.270967741935484,0.8129032258064516,0.0967741935483871,0.03870967741935484,0.025806451612903226,0.0064516129032258064,0.012903225806451613,0,Literal
0.6517412935323383,28.714285714285715,3.482587064676617,0.0,0.0845771144278607,13.92,12.88,0.0,0.0,0.0,4.044776119402985,201.0,7.0,8.2015429110899,0.13432835820895522,0.5771144278606966,4.616915422885572,1.5522388059701493,0.6467661691542289,0.16417910447761194,0.07960199004975124,0.024875621890547265,0.014925373134328358,0.06965174129353234,1,Inferential
0.5693069306930693,18.363636363636363,8.91089108910891,0.0,0.054455445544554455,12.02,10.91,0.0,0.0,0.0,3.410891089108911,202.0,11.0,6.042548857412315,0.16831683168316833,0.49504950495049505,5.138613861386139,1.7326732673267327,0.5198019801980198,0.19306930693069307,0.17326732673267325,0.0594059405940594,0.019801980198019802,0.034653465346534656,1,Inferential
0.703030303030303,18.333333333333332,5.454545454545454,0.0,0.05454545454545454,9.51,9.52,0.0,0.0,0.0,3.036363636363636,165.0,9.0,10.985961861607358,0.09696969696969697,0.5515151515151515,4.587878787878788,1.5212121212121212,0.6787878787878788,0.15151515151515152,0.08484848484848485,0.030303030303030304,0.01818181818181818,0.03636363636363636,0,Literal
0.6502732240437158,26.142857142857142,2.73224043715847,0.0,0.08196721311475409,12.14,11.55,0.0,0.0,0.0,3.721311475409836,183.0,7.0,10.80249404309118,0.1366120218579235,0.6065573770491803,4.584699453551913,1.4863387978142077,0.7103825136612022,0.12568306010928962,0.03825136612021858,0.04371584699453552,0.0273224043715847,0.0546448087431694,1,Inferential
0.56,14.583333333333334,0.5714285714285714,0.0,0.05714285714285714,4.32,6.06,0.0,0.0,0.0,3.8971428571428572,175.0,12.0,7.1778014275496185,0.21714285714285714,0.6457142857142857,3.6514285714285712,1.2057142857142857,0.7257142857142858,0.13714285714285715,0.04,0.04,0.0,0.05714285714285714,0,Literal
0.5555555555555556,13.5,5.82010582010582,0.0,0.037037037037037035,7.97,7.73,0.0,0.0,0.0,2.751322751322751,189.0,14.0,3.5807022455697948,0.13227513227513227,0.5502645502645502,4.746031746031746,1.5502645502645502,0.671957671957672,0.14814814814814814,0.13227513227513227,0.010582010582010581,0.010582010582010581,0.026455026455026454,0,Literal
0.4777777777777778,7.826086956521739,0.0,0.0,0.005555555555555556,0.64,3.13,0.0,0.0,0.0,3.65,180.0,23.0,3.1985346361303515,0.40555555555555556,0.5888888888888889,3.6,1.1166666666666667,0.8111111111111111,0.1,0.05555555555555555,0.027777777777777776,0.005555555555555556,0.0,0,Literal
0.5497076023391813,10.058823529411764,4.093567251461988,0.0,0.017543859649122806,5.1,5.66,0.0,0.0,0.0,2.573099415204678,171.0,17.0,4.37197745319107,0.12280701754385964,0.6666666666666666,4.473684210526316,1.4210526315789473,0.7368421052631579,0.15204678362573099,0.07017543859649122,0.023391812865497075,0.005847953216374269,0.011695906432748537,0,Literal
0.6216216216216216,37.0,4.054054054054054,0.0,0.05405405405405406,16.46,16.42,0.0,0.0,0.0,4.101351351351352,148.0,4.0,13.573871960498227,0.10810810810810811,0.5540540540540541,4.513513513513513,1.4932432432432432,0.6621621621621622,0.1554054054054054,0.0945945945945946,0.02702702702702703,0.0,0.05405405405405406,2,Evaluative
0.5459770114942529,9.157894736842104,0.0,0.0,0.017241379310344827,3.17,3.66,0.0,0.0,0.0,2.7413793103448274,174.0,19.0,2.084104197181403,0.16091954022988506,0.5804597701149425,4.114942528735632,1.2873563218390804,0.7758620689655172,0.10919540229885058,0.05747126436781609,0.011494252873563218,0.0,0.017241379310344827,0,Literal
0.6271186440677966,12.642857142857142,2.2598870056497176,0.0,0.03954802259887006,4.34,5.96,0.0,0.0,0.0,3.1073446327683616,177.0,14.0,6.955030480133918,0.13559322033898305,0.6214689265536724,4.101694915254237,1.271186440677966,0.7231638418079096,0.1694915254237288,0.03389830508474576,0.03389830508474576,0.0,0.03954802259887006,0,Literal
0.6748466257668712,20.375,2.4539877300613497,0.0,0.049079754601226995,8.07,9.13,0.0,0.0,0.0,4.2024539877300615,163.0,8.0,9.743587634952538,0.1656441717791411,0.6196319018404908,4.263803680981595,1.3312883435582823,0.6441717791411042,0.22085889570552147,0.07975460122699386,0.006134969325153374,0.0,0.049079754601226995,0,Literal
0.6993464052287581,30.6,3.9215686274509802,0.0,0.09803921568627451,11.77,13.81,0.0,0.0,0.0,3.803921568627451,153.0,5.0,7.761443164772903,0.13725490196078433,0.5032679738562091,4.405228758169935,1.3071895424836601,0.6078431372549019,0.1437908496732026,0.0718954248366013,0.0196078431372549,0.0,0.09803921568627451,0,Literal
0.5714285714285714,19.6,3.571428571428571,0.0,0.03571428571428571,9.75,9.27,0.0,0.0,0.0,4.709183673469388,196.0,10.0,13.13202193114221,0.2193877551020408,0.4897959183673469,4.862244897959184,1.5,0.6479591836734694,0.21428571428571427,0.08673469387755102,0.015306122448979591,0.0,0.03571428571428571,0,Literal
0.6237113402061856,24.25,9.278350515463918,0.0,0.06701030927835051,14.3,13.41,0.0,0.0,0.0,3.6237113402061856,194.0,8.0,9.256754290786809,0.1134020618556701,0.520618556701031,5.087628865979381,1.731958762886598,0.5309278350515464,0.20618556701030927,0.08247422680412371,0.09278350515463918,0.0,0.06701030927835051,1,Inferential
0.5409836065573771,26.142857142857142,5.46448087431694,0.0,0.060109289617486336,14.79,12.64,0.0,0.0,0.0,3.579234972677596,183.0,7.0,9.56822974265163,0.12568306010928962,0.5191256830601093,4.972677595628415,1.710382513661202,0.5027322404371585,0.14754098360655737,0.17486338797814208,0.09289617486338798,0.0,0.060109289617486336,1,Inferential
0.6326530612244898,21.77777777777778,3.061224489795918,0.0,0.03571428571428571,8.5,9.94,0.0,0.0,0.0,3.326530612244898,196.0,9.0,12.454361128179603,0.14795918367346939,0.6173469387755102,4.005102040816326,1.3214285714285714,0.6785714285714286,0.16326530612244897,0.05102040816326531,0.07142857142857142,0.0,0.03571428571428571,0,Literal
0.5333333333333333,23.571428571428573,0.0,0.0,0.030303030303030304,7.91,9.43,0.0,0.0,0.0,3.606060606060606,165.0,7.0,5.525451315946776,0.12121212121212122,0.6787878787878788,3.757575757575758,1.2121212121212122,0.7393939393939394,0.1696969696969697,0.03636363636363636,0.024242424242424242,0.0,0.030303030303030304,0,Literal
0.5066666666666667,7.5,4.666666666666667,0.0,0.0,4.01,4.87,0.0,0.0,0.0,2.78,150.0,20.0,2.924038303442689,0.26666666666666666,0.5666666666666667,4.426666666666667,1.4133333333333333,0.76,0.16666666666666666,0.04666666666666667,0.0,0.0,0.0,0,Literal
0.7191780821917808,24.333333333333332,0.0,0.0,0.0410958904109589,9.9,9.73,0.0,0.0,0.0,3.9178082191780823,146.0,6.0,7.302967433402215,0.1780821917808219,0.5684931506849316,4.178082191780822,1.356164383561644,0.7054794520547946,0.15753424657534246,0.0547945205479452,0.0410958904109589,0.0136986301369863,0.0273972602739726,0,Literal
0.6586826347305389,27.833333333333332,1.1976047904191618,0.0,0.017964071856287425,11.45,11.61,0.0,0.0,0.0,4.263473053892215,167.0,6.0,5.055250296034367,0.1497005988023952,0.6287425149700598,4.299401197604791,1.3712574850299402,0.718562874251497,0.16766467065868262,0.05389221556886228,0.041916167664670656,0.0,0.017964071856287425,0,Literal
0.6402439024390244,27.333333333333332,3.048780487804878,0.0,0.042682926829268296,12.77,12.15,0.0,0.0,0.0,4.335365853658536,164.0,6.0,10.745800213209913,0.18292682926829268,0.5548780487804879,4.475609756097561,1.5,0.6524390243902439,0.10975609756097561,0.1402439024390244,0.054878048780487805,0.006097560975609756,0.036585365853658534,1,Inferential
0.6214689265536724,44.25,5.084745762711865,0.0,0.0903954802259887,19.0,19.73,0.0,0.0,0.0,4.6440677966101696,177.0,4.0,12.806248474865697,0.14689265536723164,0.5988700564971752,4.4124293785310735,1.4689265536723164,0.672316384180791,0.13559322033898305,0.06779661016949153,0.03389830508474576,0.005649717514124294,0.0847457627118644,2,Evaluative
0.5878787878787879,55.0,10.909090909090908,0.0,0.012121212121212121,27.1,26.36,0.0,0.0,0.0,4.5212121212121215,165.0,3.0,29.352266617001757,0.21818181818181817,0.3939393939393939,5.315151515151515,1.8,0.49696969696969695,0.19393939393939394,0.20606060606060606,0.07272727272727272,0.0,0.012121212121212121,2,Evaluative
0.5532994923857868,17.90909090909091,3.5532994923857872,0.0,0.015228426395939087,10.44,8.58,0.0,0.0,0.0,3.5380710659898478,197.0,11.0,10.329289175738719,0.13705583756345177,0.4517766497461929,4.934010152284264,1.614213197969543,0.6598984771573604,0.233502538071066,0.06091370558375635,0.030456852791878174,0.0,0.015228426395939087,0,Literal
0.5740740740740741,23.142857142857142,8.024691358024691,0.0,0.037037037037037035,11.94,12.47,0.0,0.0,0.0,3.2160493827160495,162.0,7.0,7.039248568431382,0.07407407407407407,0.5679012345679012,4.814814814814815,1.5679012345679013,0.5864197530864198,0.2345679012345679,0.09876543209876543,0.043209876543209874,0.006172839506172839,0.030864197530864196,0,Literal
0.6538461538461539,22.285714285714285,7.6923076923076925,0.0,0.03205128205128205,11.41,11.99,0.0,0.0,0.0,4.147435897435898,156.0,7.0,11.832159566199232,0.1987179487179487,0.47435897435897434,5.07051282051282,1.5512820512820513,0.6089743589743589,0.15384615384615385,0.11538461538461539,0.08333333333333333,0.0,0.03205128205128205,0,Literal
0.6502732240437158,36.6,2.185792349726776,0.0,0.04918032786885246,14.55,15.51,0.0,0.0,0.0,4.983606557377049,183.0,5.0,21.664717861075413,0.15846994535519127,0.5846994535519126,4.273224043715847,1.3442622950819672,0.6721311475409836,0.14207650273224043,0.08743169398907104,0.04371584699453552,0.00546448087431694,0.04371584699453552,1,Inferential
0.5729166666666666,32.0,0.5208333333333333,0.0,0.08854166666666667,12.81,13.01,0.0,0.0,0.0,4.109375,192.0,6.0,9.672412085697939,0.18229166666666666,0.578125,4.182291666666667,1.3489583333333333,0.6822916666666666,0.11979166666666667,0.078125,0.026041666666666668,0.0,0.08854166666666667,1,Inferential
0.6190476190476191,24.0,5.952380952380952,0.0,0.06547619047619048,12.8,11.98,0.0,0.0,0.0,3.8392857142857144,168.0,7.0,10.34703940698961,0.13690476190476192,0.5535714285714286,4.845238095238095,1.6130952380952381,0.6309523809523809,0.1488095238095238,0.08928571428571429,0.06547619047619048,0.023809523809523808,0.041666666666666664,1,Inferential
0.5449438202247191,35.6,2.8089887640449436,0.0,0.0,15.2,15.36,0.0,0.0,0.0,4.438202247191011,178.0,5.0,12.08966500776593,0.11235955056179775,0.6348314606741573,4.280898876404494,1.4325842696629214,0.7415730337078652,0.16292134831460675,0.07303370786516854,0.02247191011235955,0.0,0.0,2,Evaluative
0.6201117318435754,29.833333333333332,2.793296089385475,0.0,0.055865921787709494,12.66,13.05,0.0,0.0,0.0,3.787709497206704,179.0,6.0,8.04155872120988,0.10614525139664804,0.5865921787709497,4.391061452513966,1.4078212290502794,0.659217877094972,0.16201117318435754,0.061452513966480445,0.055865921787709494,0.0,0.055865921787709494,1,Inferential
0.6134020618556701,16.166666666666668,1.5463917525773196,0.0,0.05670103092783505,6.41,7.09,0.0,0.0,0.0,3.247422680412371,194.0,12.0,7.825794244391784,0.14948453608247422,0.5721649484536082,4.180412371134021,1.3298969072164948,0.7371134020618557,0.11855670103092783,0.04639175257731959,0.030927835051546393,0.0,0.05670103092783505,0,Literal
0.5737704918032787,15.25,0.546448087431694,0.0,0.02185792349726776,4.67,6.32,0.0,0.0,0.0,3.2568306010928962,183.0,12.0,10.763557342564152,0.09836065573770492,0.6830601092896175,3.808743169398907,1.2131147540983607,0.7431693989071039,0.16393442622950818,0.03825136612021858,0.0273224043715847,0.0,0.02185792349726776,0,Literal
0.47058823529411764,9.0,1.3071895424836601,0.0,0.0,3.04,4.12,0.0,0.0,0.0,2.6143790849673203,153.0,17.0,3.180824902257829,0.13071895424836602,0.6013071895424836,3.934640522875817,1.2810457516339868,0.7843137254901961,0.20261437908496732,0.006535947712418301,0.006535947712418301,0.0,0.0,0,Literal
0.6217616580310881,38.6,8.808290155440414,0.0,0.015544041450777202,18.85,18.96,0.0,0.0,0.0,3.6632124352331608,193.0,5.0,21.05801510114379,0.11398963730569948,0.5699481865284974,4.880829015544041,1.6424870466321244,0.5958549222797928,0.19689119170984457,0.12953367875647667,0.06217616580310881,0.0,0.015544041450777202,2,Evaluative
0.5677083333333334,27.428571428571427,0.0,0.0,0.026041666666666668,9.24,10.97,0.0,0.0,0.0,3.9791666666666665,192.0,7.0,12.022088514268141,0.11458333333333333,0.6197916666666666,3.8020833333333335,1.1979166666666667,0.7447916666666666,0.1875,0.005208333333333333,0.036458333333333336,0.010416666666666666,0.015625,0,Literal
0.564625850340136,24.5,5.442176870748299,0.0,0.07482993197278912,12.67,11.98,0.0,0.0,0.0,3.727891156462585,147.0,6.0,9.249624617007738,0.19047619047619047,0.5170068027210885,4.6938775510204085,1.5850340136054422,0.564625850340136,0.16326530612244897,0.10204081632653061,0.047619047619047616,0.02040816326530612,0.05442176870748299,1,Inferential
0.609271523178808,30.2,11.920529801324504,0.0,0.0728476821192053,19.01,16.85,0.0,0.0,0.0,3.6688741721854305,151.0,5.0,12.753038853543888,0.08609271523178808,0.4370860927152318,5.556291390728477,1.9337748344370862,0.5165562913907285,0.1390728476821192,0.17880794701986755,0.09271523178807947,0.013245033112582781,0.059602649006622516,2,Evaluative
0.5767195767195767,47.25,5.82010582010582,0.0,0.042328042328042326,20.76,21.23,0.0,0.0,0.0,3.984126984126984,189.0,4.0,19.78635893740938,0.12169312169312169,0.5608465608465608,4.751322751322752,1.5185185185185186,0.5978835978835979,0.164021164021164,0.10052910052910052,0.08465608465608465,0.010582010582010581,0.031746031746031744,2,Evaluative
0.5875706214689266,22.125,2.824858757062147,0.0,0.07909604519774012,10.91,9.98,0.0,0.0,0.0,3.8926553672316384,177.0,8.0,10.635289135702893,0.13559322033898305,0.5988700564971752,4.3107344632768365,1.5141242937853108,0.6214689265536724,0.15819209039548024,0.07909604519774012,0.05649717514124294,0.01694915254237288,0.062146892655367235,0,Literal
0.6851851851851852,12.461538461538462,3.7037037037037033,0.0,0.012345679012345678,6.24,6.47,0.0,0.0,0.0,2.876543209876543,162.0,13.0,8.481096278361674,0.14814814814814814,0.5740740740740741,4.277777777777778,1.4382716049382716,0.6234567901234568,0.21604938271604937,0.09876543209876543,0.04938271604938271,0.0,0.012345679012345678,0,Literal
0.6172839506172839,27.0,1.2345679012345678,0.0,0.018518518518518517,10.45,11.29,0.0,0.0,0.0,4.4753086419753085,162.0,6.0,13.813238416662312,0.12962962962962962,0.6728395061728395,4.1419753086419755,1.3148148148148149,0.7592592592592593,0.1419753086419753,0.04938271604938271,0.030864197530864196,0.0,0.018518518518518517,0,Literal
0.6519337016574586,22.625,8.83977900552486,0.0,0.03314917127071823,11.36,12.59,0.0,0.0,0.0,4.193370165745856,181.0,8.0,14.516692977396746,0.1878453038674033,0.5193370165745856,4.867403314917127,1.5359116022099448,0.5524861878453039,0.19337016574585636,0.14917127071823205,0.0718232044198895,0.0055248618784530384,0.027624309392265192,0,Literal
0.5365853658536586,41.0,4.2682926829268295,0.0,0.03048780487804878,16.37,18.11,0.0,0.0,0.0,5.097560975609756,164.0,4.0,20.54872258803452,0.10365853658536585,0.6097560975609756,4.134146341463414,1.353658536585366,0.6524390243902439,0.18902439024390244,0.06097560975609756,0.036585365853658534,0.0,0.03048780487804878,2,Evaluative
0.6321243523316062,19.3,0.5181347150259068,0.0,0.031088082901554404,6.79,7.93,0.0,0.0,0.0,3.295336787564767,193.0,10.0,8.443340571124677,0.12953367875647667,0.6062176165803109,4.129533678756476,1.2590673575129534,0.694300518134715,0.17098445595854922,0.07772020725388601,0.02072538860103627,0.015544041450777202,0.015544041450777202,0,Literal
0.6071428571428571,24.5,3.061224489795918,0.0,0.05612244897959184,12.45,11.02,0.0,0.0,0.0,3.2193877551020407,196.0,8.0,10.35615758860399,0.1377551020408163,0.5408163265306123,4.474489795918367,1.566326530612245,0.6275510204081632,0.15306122448979592,0.11224489795918367,0.05102040816326531,0.00510204081632653,0.05102040816326531,1,Inferential
0.5459183673469388,13.066666666666666,0.5102040816326531,0.0,0.061224489795918366,6.06,5.43,0.0,0.0,0.0,3.556122448979592,196.0,15.0,7.523001764957626,0.21428571428571427,0.5612244897959183,4.229591836734694,1.403061224489796,0.6428571428571429,0.21428571428571427,0.015306122448979591,0.04591836734693878,0.02040816326530612,0.04081632653061224,0,Literal
0.6666666666666666,22.875,7.650273224043716,0.0,0.01639344262295082,11.9,12.21,0.0,0.0,0.0,3.109289617486339,183.0,8.0,10.844785613371986,0.09836065573770492,0.5737704918032787,4.819672131147541,1.5737704918032787,0.6174863387978142,0.16939890710382513,0.10382513661202186,0.09289617486338798,0.0,0.01639344262295082,0,Literal
0.6702702702702703,30.833333333333332,2.7027027027027026,0.0,0.05945945945945946,12.44,13.41,0.0,0.0,0.0,4.421621621621622,185.0,6.0,13.796134724383252,0.12972972972972974,0.5891891891891892,4.1891891891891895,1.3567567567567567,0.7189189189189189,0.14054054054054055,0.043243243243243246,0.03783783783783784,0.005405405405405406,0.05405405405405406,1,Inferential
0.6875,22.857142857142858,1.25,0.0,0.05,8.52,9.64,0.0,0.0,0.0,4.0625,160.0,7.0,9.393875555870626,0.16875,0.59375,4.16875,1.2875,0.68125,0.16875,0.05625,0.04375,0.00625,0.04375,0,Literal
0.6558441558441559,25.666666666666668,1.948051948051948,0.0,0.045454545454545456,9.82,11.05,0.0,0.0,0.0,3.7987012987012987,154.0,6.0,14.103781998693352,0.17532467532467533,0.5454545454545454,4.1688311688311686,1.3051948051948052,0.7142857142857143,0.15584415584415584,0.05844155844155844,0.025974025974025976,0.0,0.045454545454545456,0,Literal
0.6032608695652174,30.666666666666668,2.1739130434782608,0.0,0.005434782608695652,12.27,13.14,0.0,0.0,0.0,3.9782608695652173,184.0,6.0,17.74276065203934,0.11413043478260869,0.6956521739130435,4.179347826086956,1.3478260869565217,0.717391304347826,0.19021739130434784,0.06521739130434782,0.021739130434782608,0.0,0.005434782608695652,1,Inferential
0.6414141414141414,16.5,10.606060606060606,0.0,0.015151515151515152,12.48,10.84,0.0,0.0,0.0,2.797979797979798,198.0,12.0,5.789717897560583,0.1111111111111111,0.42424242424242425,5.545454545454546,1.8333333333333333,0.601010101010101,0.15656565656565657,0.1717171717171717,0.050505050505050504,0.0,0.015151515151515152,1,Inferential
0.5729166666666666,24.0,4.6875,0.0,0.078125,10.18,11.48,0.0,0.0,0.0,4.541666666666667,192.0,8.0,15.82521721809846,0.16666666666666666,0.59375,4.151041666666667,1.390625,0.6614583333333334,0.16666666666666666,0.03125,0.041666666666666664,0.0,0.078125,0,Literal
0.5741935483870968,11.923076923076923,3.225806451612903,0.0,0.06451612903225806,7.1,6.06,0.0,0.0,0.0,3.0129032258064514,155.0,13.0,5.020667345255607,0.16129032258064516,0.5161290322580645,4.432258064516129,1.5290322580645161,0.6064516129032258,0.17419354838709677,0.07096774193548387,0.07096774193548387,0.0064516129032258064,0.05806451612903226,0,Literal
0.6069364161849711,10.176470588235293,0.0,0.0,0.057803468208092484,3.32,4.07,0.0,0.0,0.0,3.9248554913294798,173.0,17.0,4.851425788356532,0.2947976878612717,0.6473988439306358,4.098265895953757,1.2658959537572254,0.6878612716763006,0.15028901734104047,0.04046242774566474,0.06358381502890173,0.0,0.057803468208092484,0,Literal
0.625,12.666666666666666,1.3157894736842104,0.0,0.039473684210526314,4.02,5.59,0.0,0.0,0.0,3.7960526315789473,152.0,12.0,7.695597587076797,0.21710526315789475,0.6118421052631579,3.8947368421052633,1.243421052631579,0.6973684210526315,0.125,0.05921052631578947,0.07894736842105263,0.0,0.039473684210526314,0,Literal
0.6862745098039216,22.666666666666668,3.431372549019608,0.0,0.09313725490196079,11.18,10.44,0.0,0.0,0.0,3.2401960784313726,204.0,9.0,12.673487442318995,0.13725490196078433,0.46568627450980393,4.784313725490196,1.5196078431372548,0.5882352941176471,0.1323529411764706,0.08823529411764706,0.09803921568627451,0.014705882352941176,0.0784313725490196,0,Literal
0.58,21.428571428571427,5.333333333333334,0.0,0.013333333333333334,10.47,10.7,0.0,0.0,0.0,3.1866666666666665,150.0,7.0,7.3844845618971915,0.13333333333333333,0.5866666666666667,4.373333333333333,1.5,0.6333333333333333,0.1,0.15333333333333332,0.08666666666666667,0.0,0.013333333333333334,0,Literal
0.533678756476684,24.125,2.5906735751295336,0.0,0.08808290155440414,8.25,10.69,0.0,0.0,0.0,4.186528497409326,193.0,8.0,11.815641116757059,0.15544041450777202,0.6113989637305699,3.8911917098445596,1.2227979274611398,0.7875647668393783,0.07772020725388601,0.02072538860103627,0.025906735751295335,0.02072538860103627,0.06735751295336788,0,Literal
0.526595744680851,9.4,0.5319148936170213,0.0,0.026595744680851064,4.52,3.97,0.0,0.0,0.0,2.228723404255319,188.0,20.0,4.091454509095757,0.11170212765957446,0.5319148936170213,4.3936170212765955,1.3936170212765957,0.7074468085106383,0.13297872340425532,0.11170212765957446,0.015957446808510637,0.0,0.026595744680851064,0,Literal
0.6182795698924731,23.25,1.6129032258064515,0.0,0.06451612903225806,9.85,9.95,0.0,0.0,0.0,4.053763440860215,186.0,8.0,15.09759914688425,0.20430107526881722,0.6344086021505376,3.989247311827957,1.3870967741935485,0.6397849462365591,0.15591397849462366,0.0967741935483871,0.03763440860215054,0.005376344086021506,0.05913978494623656,0,Literal
0.6753246753246753,22.0,3.2467532467532463,0.0,0.012987012987012988,8.08,10.1,0.0,0.0,0.0,4.142857142857143,154.0,7.0,5.8970764115857985,0.16883116883116883,0.5974025974025974,4.220779220779221,1.2792207792207793,0.7792207792207793,0.12987012987012986,0.025974025974025976,0.05194805194805195,0.0,0.012987012987012988,0,Literal
0.6646706586826348,16.7,1.1976047904191618,0.0,0.07784431137724551,6.82,7.16,0.0,0.0,0.0,3.461077844311377,167.0,10.0,8.649277426467485,0.11377245508982035,0.5508982035928144,4.323353293413174,1.347305389221557,0.592814371257485,0.18562874251497005,0.08383233532934131,0.059880239520958084,0.0,0.07784431137724551,0,Literal
0.6733333333333333,18.75,5.333333333333334,0.0,0.02666666666666667,10.29,9.63,0.0,0.0,0.0,3.453333333333333,150.0,8.0,18.06195933446867,0.13333333333333333,0.5666666666666667,4.68,1.5733333333333333,0.5733333333333334,0.19333333333333333,0.10666666666666667,0.1,0.006666666666666667,0.02,0,Literal
0.6808510638297872,15.666666666666666,2.127659574468085,0.0,0.014184397163120567,8.18,7.12,0.0,0.0,0.0,2.7943262411347516,141.0,9.0,6.913932971601798,0.14893617021276595,0.5035460992907801,4.638297872340425,1.49645390070922,0.6382978723404256,0.16312056737588654,0.11347517730496454,0.05673758865248227,0.0,0.014184397163120567,0,Literal
0.6382978723404256,23.5,5.319148936170213,0.0,0.05851063829787234,12.15,11.53,0.0,0.0,0.0,3.898936170212766,188.0,8.0,12.479983974348684,0.10638297872340426,0.5957446808510638,4.452127659574468,1.574468085106383,0.6914893617021277,0.13829787234042554,0.06382978723404255,0.0425531914893617,0.02127659574468085,0.03723404255319149,1,Inferential
0.6933333333333334,25.0,2.0,0.0,0.03333333333333333,10.99,10.8,0.0,0.0,0.0,3.7266666666666666,150.0,6.0,7.810249675906654,0.18666666666666668,0.6266666666666667,4.48,1.4266666666666667,0.7333333333333333,0.12,0.06,0.05333333333333334,0.02666666666666667,0.006666666666666667,0,Literal
0.5773809523809523,14.0,2.976190476190476,0.0,0.02976190476190476,6.8,6.79,0.0,0.0,0.0,3.4047619047619047,168.0,12.0,5.055250296034367,0.2261904761904762,0.4583333333333333,4.660714285714286,1.4345238095238095,0.6845238095238095,0.20238095238095238,0.041666666666666664,0.041666666666666664,0.005952380952380952,0.023809523809523808,0,Literal
0.6174496644295302,21.285714285714285,4.026845637583892,0.0,0.040268456375838924,8.55,10.13,0.0,0.0,0.0,3.5838926174496644,149.0,7.0,15.449720953823741,0.12751677852348994,0.6040268456375839,4.12751677852349,1.342281879194631,0.6845637583892618,0.1610738255033557,0.0738255033557047,0.040268456375838924,0.006711409395973154,0.03355704697986577,0,Literal
0.6484848484848484,27.5,1.8181818181818181,0.0,0.024242424242424242,9.58,11.73,0.0,0.0,0.0,4.527272727272727,165.0,6.0,20.779931558009416,0.12121212121212122,0.5696969696969697,3.987878787878788,1.2242424242424241,0.7515151515151515,0.15151515151515152,0.03636363636363636,0.030303030303030304,0.012121212121212121,0.012121212121212121,0,Literal
0.575,13.333333333333334,0.0,0.0,0.045,5.6,5.33,0.0,0.0,0.0,2.8,200.0,15.0,6.7593556563395065,0.11,0.545,4.41,1.355,0.66,0.155,0.06,0.035,0.005,0.04,0,Literal
0.5228426395939086,21.88888888888889,0.0,0.0,0.0,7.68,8.76,0.0,0.0,0.0,4.086294416243655,197.0,9.0,9.210836344916759,0.1218274111675127,0.6040609137055838,3.8578680203045685,1.248730964467005,0.7969543147208121,0.1218274111675127,0.04568527918781726,0.03553299492385787,0.0,0.0,0,Literal
0.6153846153846154,16.25,4.102564102564102,0.0,0.035897435897435895,6.72,8.14,0.0,0.0,0.0,3.81025641025641,195.0,12.0,11.510864433221338,0.14358974358974358,0.6358974358974359,4.123076923076923,1.353846153846154,0.7128205128205128,0.14871794871794872,0.05641025641025641,0.041025641025641026,0.0,0.035897435897435895,0,Literal
0.5775401069518716,31.166666666666668,2.13903743315508,0.0,0.06417112299465241,10.95,13.32,0.0,0.0,0.0,5.7005347593582885,187.0,6.0,14.20582822490669,0.24598930481283424,0.6203208556149733,4.032085561497326,1.2192513368983957,0.7486631016042781,0.11764705882352941,0.0213903743315508,0.0481283422459893,0.0,0.06417112299465241,0,Literal
0.603448275862069,19.333333333333332,2.2988505747126435,0.0,0.017241379310344827,9.51,8.65,0.0,0.0,0.0,3.367816091954023,174.0,9.0,11.775681155103795,0.12643678160919541,0.5632183908045977,4.32183908045977,1.4885057471264367,0.6206896551724138,0.1896551724137931,0.11494252873563218,0.05747126436781609,0.0,0.017241379310344827,0,Literal
0.5079365079365079,21.0,6.878306878306878,0.0,0.10052910052910052,10.89,11.15,0.0,0.0,0.0,2.962962962962963,189.0,9.0,5.1303983913845315,0.09523809523809523,0.5502645502645502,4.518518518518518,1.5502645502645502,0.5555555555555556,0.12698412698412698,0.14814814814814814,0.06349206349206349,0.0582010582010582,0.042328042328042326,0,Literal
0.5833333333333334,9.473684210526315,0.5555555555555556,0.0,0.005555555555555556,4.62,4.01,0.0,0.0,0.0,3.3833333333333333,180.0,19.0,5.6323167249144195,0.21666666666666667,0.55,4.177777777777778,1.4,0.6666666666666666,0.14444444444444443,0.07222222222222222,0.06666666666666667,0.0,0.005555555555555556,0,Literal
0.7027027027027027,15.416666666666666,2.7027027027027026,0.0,0.07027027027027027,7.52,7.25,0.0,0.0,0.0,3.32972972972973,185.0,12.0,7.749551958375113,0.1945945945945946,0.4972972972972973,4.524324324324325,1.4486486486486487,0.6432432432432432,0.11891891891891893,0.07027027027027027,0.08108108108108109,0.005405405405405406,0.06486486486486487,0,Literal
0.6493506493506493,25.666666666666668,1.948051948051948,0.0,0.07792207792207792,10.43,11.05,0.0,0.0,0.0,4.0519480519480515,154.0,6.0,5.145116346811045,0.17532467532467533,0.538961038961039,4.077922077922078,1.3571428571428572,0.6623376623376623,0.15584415584415584,0.045454545454545456,0.05844155844155844,0.0,0.07792207792207792,0,Literal
0.48947368421052634,15.833333333333334,2.631578947368421,0.0,0.005263157894736842,8.84,7.39,0.0,0.0,0.0,3.0526315789473686,190.0,12.0,8.70663859107265,0.11052631578947368,0.5684210526315789,4.463157894736842,1.5473684210526315,0.5947368421052631,0.16842105263157894,0.10526315789473684,0.12631578947368421,0.0,0.005263157894736842,0,Literal
0.6290322580645161,11.625,3.225806451612903,0.0,0.12365591397849462,4.3,5.94,0.0,0.0,0.0,3.704301075268817,186.0,16.0,7.769129616630167,0.24193548387096775,0.5860215053763441,4.198924731182796,1.3010752688172043,0.6397849462365591,0.10215053763440861,0.043010752688172046,0.08602150537634409,0.021505376344086023,0.10215053763440861,0,Literal
0.5698324022346368,17.9,1.675977653631285,0.0,0.0,8.07,7.83,0.0,0.0,0.0,3.005586592178771,179.0,10.0,7.258787777583803,0.09497206703910614,0.5810055865921788,4.273743016759776,1.4134078212290502,0.7597765363128491,0.12849162011173185,0.0782122905027933,0.0335195530726257,0.0,0.0,0,Literal
0.48128342245989303,14.384615384615385,0.53475935828877,0.0,0.016042780748663103,3.9,5.97,0.0,0.0,0.0,4.524064171122995,187.0,13.0,7.107792207090159,0.33689839572192515,0.6149732620320856,3.625668449197861,1.1764705882352942,0.7219251336898396,0.16042780748663102,0.053475935828877004,0.0481283422459893,0.0,0.016042780748663103,0,Literal
0.5439560439560439,16.545454545454547,1.6483516483516485,0.0,0.02197802197802198,7.33,7.28,0.0,0.0,0.0,3.2967032967032965,182.0,11.0,5.209654102507056,0.11538461538461539,0.5164835164835165,4.148351648351649,1.3956043956043955,0.6208791208791209,0.13736263736263737,0.17032967032967034,0.04945054945054945,0.005494505494505495,0.016483516483516484,0,Literal
0.5161290322580645,26.571428571428573,0.5376344086021506,0.0,0.05913978494623656,11.78,10.84,0.0,0.0,0.0,3.4946236559139785,186.0,7.0,10.265853841840961,0.13978494623655913,0.489247311827957,4.327956989247312,1.4408602150537635,0.6290322580645161,0.0913978494623656,0.1827956989247312,0.03763440860215054,0.03763440860215054,0.021505376344086023,0,Literal
0.6335078534031413,9.55,2.6178010471204187,0.0,0.05759162303664921,3.52,4.87,0.0,0.0,0.0,3.235602094240838,191.0,20.0,5.945376354781924,0.27225130890052357,0.518324607329843,4.303664921465969,1.3036649214659686,0.6858638743455497,0.13089005235602094,0.02617801047120419,0.09947643979057591,0.005235602094240838,0.05235602094240838,0,Literal
0.625,16.0,6.25,0.0,0.045454545454545456,9.36,8.9,0.0,0.0,0.0,2.977272727272727,176.0,11.0,4.022663070879561,0.13636363636363635,0.5056818181818182,4.5227272727272725,1.5852272727272727,0.6420454545454546,0.13068181818181818,0.09090909090909091,0.09090909090909091,0.005681818181818182,0.03977272727272727,0,Literal
0.5714285714285714,42.0,8.928571428571429,0.0,0.05952380952380952,20.18,20.37,0.0,0.0,0.0,4.5773809523809526,168.0,4.0,30.22726418318403,0.08333333333333333,0.5595238095238095,4.916666666666667,1.6428571428571428,0.5535714285714286,0.20238095238095238,0.09523809523809523,0.08928571428571429,0.023809523809523808,0.03571428571428571,2,Evaluative
0.5077720207253886,11.352941176470589,0.0,0.0,0.05699481865284974,4.49,4.54,0.0,0.0,0.0,2.7927461139896375,193.0,17.0,3.5136904760160186,0.16580310880829016,0.5544041450777202,4.015544041450777,1.3264248704663213,0.7668393782383419,0.10362694300518134,0.05699481865284974,0.015544041450777202,0.0,0.05699481865284974,0,Literal
0.5950920245398773,32.6,1.2269938650306749,0.0,0.03680981595092025,11.82,13.53,0.0,0.0,0.0,5.03680981595092,163.0,5.0,31.777979797337654,0.15950920245398773,0.6503067484662577,4.012269938650307,1.2453987730061349,0.7177914110429447,0.1165644171779141,0.06748466257668712,0.05521472392638037,0.012269938650306749,0.024539877300613498,0,Literal
0.5769230769230769,26.0,19.230769230769234,0.0,0.04487179487179487,22.39,18.09,0.0,0.0,0.0,3.4871794871794872,156.0,6.0,10.011104945120804,0.14102564102564102,0.33974358974358976,6.673076923076923,2.358974358974359,0.36538461538461536,0.1858974358974359,0.21153846153846154,0.10256410256410256,0.02564102564102564,0.019230769230769232,2,Evaluative
0.5487179487179488,19.5,8.205128205128204,0.0,0.035897435897435895,9.75,11.08,0.0,0.0,0.0,3.4410256410256412,195.0,10.0,6.618912297349165,0.15897435897435896,0.5230769230769231,4.805128205128205,1.5025641025641026,0.6717948717948717,0.2,0.03076923076923077,0.06153846153846154,0.015384615384615385,0.020512820512820513,0,Literal
0.577922077922078,19.25,3.896103896103896,0.0,0.012987012987012988,9.62,9.26,0.0,0.0,0.0,4.012987012987013,154.0,8.0,12.30789888648749,0.13636363636363635,0.6623376623376623,4.396103896103896,1.5,0.6948051948051948,0.18831168831168832,0.09090909090909091,0.012987012987012988,0.0,0.012987012987012988,0,Literal
0.6402877697841727,12.636363636363637,4.316546762589928,0.0,0.0,6.15,6.78,0.0,0.0,0.0,2.949640287769784,139.0,11.0,5.462115958472656,0.17266187050359713,0.5323741007194245,4.35251798561151,1.4244604316546763,0.6762589928057554,0.12949640287769784,0.1223021582733813,0.07194244604316546,0.0,0.0,0,Literal
0.6108108108108108,30.833333333333332,1.0810810810810811,0.0,0.03783783783783784,12.19,12.77,0.0,0.0,0.0,4.378378378378378,185.0,6.0,27.511613709284465,0.12432432432432433,0.6054054054054054,4.243243243243243,1.335135135135135,0.7135135135135136,0.12432432432432433,0.07027027027027027,0.04864864864864865,0.0,0.03783783783783784,1,Inferential
0.6502732240437158,15.25,1.639344262295082,0.0,0.03825136612021858,5.19,6.76,0.0,0.0,0.0,3.8633879781420766,183.0,12.0,12.178076841421046,0.19672131147540983,0.6775956284153005,3.939890710382514,1.2568306010928962,0.73224043715847,0.16393442622950818,0.03825136612021858,0.0273224043715847,0.0,0.03825136612021858,0,Literal
0.7055214723926381,18.11111111111111,1.8404907975460123,0.0,0.08588957055214724,9.06,7.98,0.0,0.0,0.0,3.625766871165644,163.0,9.0,12.202003478482084,0.17791411042944785,0.4662576687116564,4.754601226993865,1.49079754601227,0.5214723926380368,0.15337423312883436,0.15950920245398773,0.0736196319018405,0.006134969325153374,0.07975460122699386,0,Literal
0.6744186046511628,24.571428571428573,2.9069767441860463,0.0,0.046511627906976744,11.83,10.99,0.0,0.0,0.0,3.5755813953488373,172.0,7.0,7.850646665162335,0.14534883720930233,0.5348837209302325,4.872093023255814,1.5116279069767442,0.6395348837209303,0.13953488372093023,0.12790697674418605,0.046511627906976744,0.0,0.046511627906976744,0,Literal
0.6102564102564103,13.928571428571429,6.153846153846154,0.0,0.005128205128205128,8.66,8.03,0.0,0.0,0.0,2.712820512820513,195.0,14.0,6.645928629389484,0.12307692307692308,0.558974358974359,4.876923076923077,1.594871794871795,0.5948717948717949,0.2205128205128205,0.13333333333333333,0.046153846153846156,0.005128205128205128,0.0,0,Literal
0.6787878787878788,11.785714285714286,1.2121212121212122,0.0,0.05454545454545454,4.31,5.2,0.0,0.0,0.0,3.090909090909091,165.0,14.0,4.742340763627952,0.18181818181818182,0.5212121212121212,4.151515151515151,1.2969696969696969,0.593939393939394,0.21212121212121213,0.07878787878787878,0.05454545454545454,0.03636363636363636,0.01818181818181818,0,Literal
0.5692307692307692,13.928571428571429,0.5128205128205128,0.0,0.020512820512820513,3.64,5.78,0.0,0.0,0.0,2.9025641025641025,195.0,14.0,5.221619109284876,0.14871794871794872,0.6,3.882051282051282,1.1692307692307693,0.7128205128205128,0.1641025641025641,0.07179487179487179,0.03076923076923077,0.0,0.020512820512820513,0,Literal
0.5526315789473685,23.75,3.1578947368421053,0.0,0.03684210526315789,9.07,10.76,0.0,0.0,0.0,3.5052631578947366,190.0,8.0,8.184398267435427,0.1368421052631579,0.6,4.3052631578947365,1.305263157894737,0.7,0.15263157894736842,0.08947368421052632,0.021052631578947368,0.010526315789473684,0.02631578947368421,0,Literal
0.6566265060240963,13.833333333333334,5.421686746987952,0.0,0.05421686746987952,7.08,7.7,0.0,0.0,0.0,3.891566265060241,166.0,12.0,9.02619644270067,0.1927710843373494,0.608433734939759,4.566265060240964,1.463855421686747,0.6204819277108434,0.12048192771084337,0.07228915662650602,0.0963855421686747,0.006024096385542169,0.04819277108433735,0,Literal
0.5730994152046783,21.375,1.1695906432748537,0.0,0.029239766081871343,6.41,9.02,0.0,0.0,0.0,3.7719298245614037,171.0,8.0,8.788308995478026,0.18128654970760233,0.6608187134502924,3.6491228070175437,1.1578947368421053,0.7309941520467836,0.13450292397660818,0.023391812865497075,0.08187134502923976,0.0,0.029239766081871343,0,Literal
0.5505050505050505,11.0,0.5050505050505051,0.0,0.0707070707070707,2.88,4.6,0.0,0.0,0.0,3.4797979797979797,198.0,18.0,7.007932013876213,0.2727272727272727,0.5808080808080808,3.7676767676767677,1.202020202020202,0.7272727272727273,0.16161616161616163,0.020202020202020204,0.020202020202020204,0.0,0.0707070707070707,0,Literal
0.6192893401015228,24.625,0.5076142131979695,0.0,0.04568527918781726,8.87,10.05,0.0,0.0,0.0,4.5126903553299496,197.0,8.0,16.116276710208222,0.1319796954314721,0.649746192893401,3.8375634517766497,1.2588832487309645,0.6852791878172588,0.16243654822335024,0.04060913705583756,0.06598984771573604,0.0,0.04568527918781726,0,Literal
0.702247191011236,35.6,3.3707865168539324,0.0,0.09550561797752809,14.27,15.59,0.0,0.0,0.0,5.140449438202247,178.0,5.0,26.187019685332654,0.1404494382022472,0.5,4.365168539325842,1.353932584269663,0.6123595505617978,0.16292134831460675,0.07865168539325842,0.05056179775280899,0.016853932584269662,0.07865168539325842,1,Inferential
0.6566265060240963,20.75,2.4096385542168677,0.0,0.006024096385542169,7.71,9.26,0.0,0.0,0.0,3.8855421686746987,166.0,8.0,12.45930876894862,0.1686746987951807,0.572289156626506,4.024096385542169,1.2891566265060241,0.6927710843373494,0.1927710843373494,0.07228915662650602,0.012048192771084338,0.0,0.006024096385542169,0,Literal
0.5684931506849316,18.25,1.36986301369863,0.0,0.00684931506849315,6.64,7.85,0.0,0.0,0.0,3.5,146.0,8.0,7.959860237466485,0.14383561643835616,0.5958904109589042,4.198630136986301,1.2808219178082192,0.8082191780821918,0.10273972602739725,0.04794520547945205,0.02054794520547945,0.0,0.00684931506849315,0,Literal
0.5245098039215687,102.0,0.49019607843137253,0.0,0.06372549019607843,39.58,41.0,0.0,0.0,0.0,9.367647058823529,204.0,2.0,52.5,0.1568627450980392,0.5931372549019608,4.034313725490196,1.303921568627451,0.6176470588235294,0.25,0.04411764705882353,0.00980392156862745,0.014705882352941176,0.049019607843137254,2,Evaluative
0.6807228915662651,16.6,1.8072289156626504,0.0,0.060240963855421686,5.81,7.36,0.0,0.0,0.0,3.6927710843373496,166.0,10.0,8.42852300228219,0.2289156626506024,0.5542168674698795,4.0843373493975905,1.2650602409638554,0.7228915662650602,0.13855421686746988,0.04819277108433735,0.030120481927710843,0.012048192771084338,0.04819277108433735,0,Literal
0.5916230366492147,23.875,7.329842931937172,0.0,0.010471204188481676,13.43,12.48,0.0,0.0,0.0,3.298429319371728,191.0,8.0,10.433569619262624,0.10471204188481675,0.47643979057591623,5.010471204188482,1.6701570680628273,0.46596858638743455,0.2198952879581152,0.2094240837696335,0.09424083769633508,0.0,0.010471204188481676,1,Inferential
0.5112359550561798,19.77777777777778,1.6853932584269662,0.0,0.0056179775280898875,7.44,8.59,0.0,0.0,0.0,3.6123595505617976,178.0,9.0,7.861454645026101,0.12921348314606743,0.5898876404494382,4.022471910112359,1.297752808988764,0.6966292134831461,0.20224719101123595,0.06741573033707865,0.028089887640449437,0.0,0.0056179775280898875,0,Literal
0.6989247311827957,18.6,6.989247311827956,0.0,0.03225806451612903,9.11,10.24,0.0,0.0,0.0,3.838709677419355,186.0,10.0,9.14111590562115,0.16129032258064516,0.532258064516129,4.682795698924731,1.478494623655914,0.6559139784946236,0.1827956989247312,0.08064516129032258,0.04838709677419355,0.0,0.03225806451612903,0,Literal
0.6488095238095238,21.0,1.7857142857142856,0.0,0.07142857142857142,8.4,9.11,0.0,0.0,0.0,3.0952380952380953,168.0,8.0,8.231038816577165,0.09523809523809523,0.5059523809523809,4.267857142857143,1.3392857142857142,0.6547619047619048,0.15476190476190477,0.07738095238095238,0.041666666666666664,0.011904761904761904,0.05952380952380952,0,Literal
0.5490196078431373,30.6,7.18954248366013,0.0,0.0392156862745098,15.16,15.12,0.0,0.0,0.0,4.03921568627451,153.0,5.0,12.579348154813111,0.0915032679738562,0.477124183006536,4.73202614379085,1.5947712418300655,0.477124183006536,0.3202614379084967,0.1111111111111111,0.05228758169934641,0.026143790849673203,0.013071895424836602,2,Evaluative
0.6377551020408163,16.333333333333332,3.061224489795918,0.0,0.03571428571428571,6.97,7.76,0.0,0.0,0.0,3.607142857142857,196.0,12.0,10.569873330471951,0.20408163265306123,0.5408163265306123,4.285714285714286,1.3724489795918366,0.6377551020408163,0.19387755102040816,0.05612244897959184,0.07653061224489796,0.01020408163265306,0.025510204081632654,0,Literal
0.634020618556701,24.25,0.5154639175257731,0.0,0.05154639175257732,9.13,9.91,0.0,0.0,0.0,3.654639175257732,194.0,8.0,9.260129588726068,0.11855670103092783,0.5773195876288659,4.185567010309279,1.2938144329896908,0.6443298969072165,0.17525773195876287,0.09278350515463918,0.03608247422680412,0.015463917525773196,0.03608247422680412,0,Literal
0.6410256410256411,19.5,3.8461538461538463,0.0,0.057692307692307696,8.73,9.34,0.0,0.0,0.0,3.1923076923076925,156.0,8.0,7.087621251167418,0.08974358974358974,0.5384615384615384,4.512820512820513,1.4166666666666667,0.5897435897435898,0.1987179487179487,0.057692307692307696,0.07051282051282051,0.019230769230769232,0.038461538461538464,0,Literal
0.630057803468208,28.833333333333332,2.8901734104046244,0.0,0.023121387283236993,11.62,12.69,0.0,0.0,0.0,4.115606936416185,173.0,6.0,15.159338889132188,0.13872832369942195,0.5953757225433526,4.30635838150289,1.3526011560693643,0.7283236994219653,0.10982658959537572,0.11560693641618497,0.023121387283236993,0.0,0.023121387283236993,0,Literal
0.59,15.384615384615385,1.5,0.0,0.015,5.4,6.75,0.0,0.0,0.0,3.035,200.0,13.0,6.614490100524819,0.145,0.61,3.99,1.27,0.745,0.165,0.06,0.01,0.0,0.015,0,Literal
0.5969387755102041,39.2,3.571428571428571,0.0,0.030612244897959183,17.46,17.11,0.0,0.0,0.0,4.510204081632653,196.0,5.0,10.4,0.12755102040816327,0.5102040816326531,4.63265306122449,1.5051020408163265,0.6122448979591837,0.1377551020408163,0.14795918367346939,0.07142857142857142,0.02040816326530612,0.01020408163265306,2,Evaluative
0.625,15.2,0.6578947368421052,0.0,0.02631578947368421,5.24,6.34,0.0,0.0,0.0,2.638157894736842,152.0,10.0,7.236021006050217,0.10526315789473684,0.6513157894736842,3.7302631578947367,1.263157894736842,0.7763157894736842,0.1118421052631579,0.039473684210526314,0.039473684210526314,0.0,0.02631578947368421,0,Literal
0.635,28.571428571428573,4.0,0.0,0.05,12.84,13.03,0.0,0.0,0.0,3.795,200.0,7.0,18.037376161058187,0.115,0.57,4.635,1.465,0.635,0.15,0.12,0.045,0.005,0.045,1,Inferential
0.6294117647058823,24.285714285714285,7.647058823529412,0.0,0.011764705882352941,12.34,12.77,0.0,0.0,0.0,3.3823529411764706,170.0,7.0,7.814168189244196,0.09411764705882353,0.6058823529411764,4.776470588235294,1.5647058823529412,0.6294117647058823,0.17647058823529413,0.12352941176470589,0.058823529411764705,0.0,0.011764705882352941,1,Inferential
0.5317919075144508,10.8125,2.312138728323699,0.0,0.0,4.04,5.25,0.0,0.0,0.0,2.913294797687861,173.0,16.0,4.14578098794425,0.13872832369942195,0.45664739884393063,4.404624277456647,1.30635838150289,0.7283236994219653,0.12138728323699421,0.11560693641618497,0.03468208092485549,0.0,0.0,0,Literal
0.6823529411764706,24.285714285714285,5.88235294117647,0.0,0.023529411764705882,11.03,12.07,0.0,0.0,0.0,3.1058823529411765,170.0,7.0,13.24956680077365,0.08235294117647059,0.5176470588235295,4.688235294117647,1.4529411764705882,0.6764705882352942,0.15294117647058825,0.1,0.041176470588235294,0.0058823529411764705,0.01764705882352941,0,Literal
0.5485714285714286,19.444444444444443,0.0,0.0,0.03428571428571429,5.88,7.78,0.0,0.0,0.0,3.5028571428571427,175.0,9.0,11.69995251652283,0.10285714285714286,0.7314285714285714,3.5485714285714285,1.177142857142857,0.7371428571428571,0.13714285714285715,0.05142857142857143,0.04,0.0,0.03428571428571429,0,Literal
0.6462585034013606,24.5,6.122448979591836,0.0,0.10204081632653061,13.95,12.25,0.0,0.0,0.0,3.1904761904761907,147.0,6.0,2.309401076758503,0.1292517006802721,0.46938775510204084,4.884353741496598,1.6938775510204083,0.4557823129251701,0.17006802721088435,0.17006802721088435,0.10204081632653061,0.02040816326530612,0.08163265306122448,1,Inferential
0.6535947712418301,25.5,6.535947712418301,0.0,0.05228758169934641,11.86,12.81,0.0,0.0,0.0,3.65359477124183,153.0,6.0,10.81151649348457,0.11764705882352941,0.6339869281045751,4.529411764705882,1.4836601307189543,0.6601307189542484,0.16993464052287582,0.0784313725490196,0.0392156862745098,0.0,0.05228758169934641,0,Literal
0.6188118811881188,14.428571428571429,2.9702970297029703,0.0,0.039603960396039604,5.98,6.96,0.0,0.0,0.0,3.297029702970297,202.0,14.0,11.636501332673243,0.19801980198019803,0.5198019801980198,4.311881188118812,1.3514851485148516,0.6237623762376238,0.19306930693069307,0.04950495049504951,0.0594059405940594,0.0049504950495049506,0.034653465346534656,0,Literal
0.6134020618556701,21.555555555555557,4.639175257731959,0.0,0.02577319587628866,9.24,10.48,0.0,0.0,0.0,4.644329896907217,194.0,9.0,16.14517471774978,0.2268041237113402,0.634020618556701,4.283505154639175,1.3917525773195876,0.7010309278350515,0.12886597938144329,0.06701030927835051,0.06701030927835051,0.005154639175257732,0.020618556701030927,0,Literal
0.6386138613861386,28.857142857142858,1.9801980198019802,0.0,0.019801980198019802,13.01,12.33,0.0,0.0,0.0,4.430693069306931,202.0,7.0,21.298653785186154,0.13861386138613863,0.6039603960396039,4.356435643564357,1.4702970297029703,0.6732673267326733,0.16831683168316833,0.07920792079207921,0.0594059405940594,0.0049504950495049506,0.01485148514851485,1,Inferential
0.58,20.0,2.0,0.0,0.04,8.61,8.8,0.0,0.0,0.0,3.58,200.0,10.0,10.373041983911952,0.105,0.575,4.2,1.39,0.655,0.16,0.06,0.085,0.0,0.04,0,Literal
0.6737967914438503,20.77777777777778,10.16042780748663,0.0,0.0427807486631016,14.85,12.38,0.0,0.0,0.0,3.802139037433155,187.0,9.0,10.228259086991162,0.17647058823529413,0.37433155080213903,5.55614973262032,1.893048128342246,0.4385026737967914,0.25133689839572193,0.20855614973262032,0.053475935828877004,0.026737967914438502,0.016042780748663103,1,Inferential
0.5775401069518716,37.4,5.347593582887701,0.0,0.0748663101604278,16.85,17.1,0.0,0.0,0.0,3.946524064171123,187.0,5.0,17.2673101553195,0.11229946524064172,0.5614973262032086,4.6310160427807485,1.5133689839572193,0.5989304812834224,0.17647058823529413,0.09090909090909091,0.058823529411764705,0.03208556149732621,0.0427807486631016,2,Evaluative
0.6256983240223464,25.571428571428573,1.1173184357541899,0.0,0.0223463687150838,10.07,10.68,0.0,0.0,0.0,3.9664804469273744,179.0,7.0,14.879104647190328,0.1787709497206704,0.5977653631284916,4.162011173184357,1.329608938547486,0.7430167597765364,0.1005586592178771,0.1005586592178771,0.0335195530726257,0.00558659217877095,0.01675977653631285,0,Literal
0.7222222222222222,27.0,6.172839506172839,0.0,0.04938271604938271,12.64,13.27,0.0,0.0,0.0,4.493827160493828,162.0,6.0,5.090841449767088,0.1728395061728395,0.5493827160493827,4.703703703703703,1.5,0.6604938271604939,0.1419753086419753,0.07407407407407407,0.07407407407407407,0.0,0.04938271604938271,1,Inferential
0.6666666666666666,30.0,2.666666666666667,0.0,0.03333333333333333,12.24,13.07,0.0,0.0,0.0,3.72,150.0,5.0,17.1697408250678,0.1,0.5133333333333333,4.486666666666666,1.3666666666666667,0.6666666666666666,0.18,0.08666666666666667,0.03333333333333333,0.0,0.03333333333333333,1,Inferential
0.5611111111111111,60.0,4.444444444444445,0.0,0.05555555555555555,24.59,25.78,0.0,0.0,0.0,5.15,180.0,3.0,28.767265347188555,0.15,0.6222222222222222,4.361111111111111,1.4222222222222223,0.7222222222222222,0.12222222222222222,0.05,0.044444444444444446,0.0,0.05555555555555555,2,Evaluative
0.5773195876288659,24.25,5.154639175257731,0.0,0.020618556701030927,12.36,11.76,0.0,0.0,0.0,3.268041237113402,194.0,8.0,16.12257733738623,0.06701030927835051,0.5618556701030928,4.618556701030927,1.5670103092783505,0.6391752577319587,0.14948453608247422,0.12886597938144329,0.061855670103092786,0.010309278350515464,0.010309278350515464,1,Inferential
0.6526946107784432,33.4,7.18562874251497,0.0,0.04790419161676647,15.74,16.23,0.0,0.0,0.0,4.88622754491018,167.0,5.0,12.84678948220138,0.17365269461077845,0.5748502994011976,4.467065868263473,1.5508982035928143,0.7125748502994012,0.11377245508982035,0.059880239520958084,0.0658682634730539,0.011976047904191617,0.03592814371257485,2,Evaluative
0.5492227979274611,27.571428571428573,10.362694300518134,0.0,0.0,14.91,15.17,0.0,0.0,0.0,3.295336787564767,193.0,7.0,10.9376712814577,0.06217616580310881,0.5647668393782384,4.932642487046632,1.6735751295336787,0.5958549222797928,0.23316062176165803,0.10362694300518134,0.06735751295336788,0.0,0.0,1,Inferential
0.6848484848484848,27.5,8.484848484848486,0.0,0.10909090909090909,14.73,14.39,0.0,0.0,0.0,3.6787878787878787,165.0,6.0,14.814594905775259,0.10909090909090909,0.5393939393939394,5.0606060606060606,1.6606060606060606,0.5575757575757576,0.15757575757575756,0.11515151515151516,0.048484848484848485,0.012121212121212121,0.09696969696969697,1,Inferential
0.5668449197860963,20.77777777777778,3.7433155080213902,0.0,0.09090909090909091,9.55,9.81,0.0,0.0,0.0,3.336898395721925,187.0,9.0,6.83852557930183,0.17647058823529413,0.6149732620320856,4.540106951871658,1.4438502673796791,0.6310160427807486,0.15508021390374332,0.06417112299465241,0.0481283422459893,0.0374331550802139,0.053475935828877004,0,Literal
0.6298342541436464,30.166666666666668,0.0,0.0,0.04419889502762431,11.04,12.07,0.0,0.0,0.0,4.7292817679558015,181.0,6.0,11.298967504452195,0.13812154696132597,0.6187845303867403,3.972375690607735,1.2596685082872927,0.7016574585635359,0.143646408839779,0.06077348066298342,0.049723756906077346,0.011049723756906077,0.03314917127071823,0,Literal
0.5031055900621118,53.666666666666664,0.0,0.0,0.11180124223602485,20.88,21.47,0.0,0.0,0.0,5.372670807453416,161.0,3.0,30.243456592570013,0.11180124223602485,0.5838509316770186,4.086956521739131,1.3167701863354038,0.6645962732919255,0.13043478260869565,0.062111801242236024,0.031055900621118012,0.043478260869565216,0.06832298136645963,2,Evaluative
0.6105263157894737,27.142857142857142,5.263157894736842,0.0,0.05263157894736842,13.38,12.96,0.0,0.0,0.0,4.126315789473685,190.0,7.0,9.194053091259477,0.14736842105263157,0.5736842105263158,4.573684210526316,1.5578947368421052,0.631578947368421,0.12631578947368421,0.13157894736842105,0.05789473684210526,0.005263157894736842,0.04736842105263158,1,Inferential
0.6524064171122995,20.77777777777778,3.2085561497326207,0.0,0.03208556149732621,9.17,9.59,0.0,0.0,0.0,3.46524064171123,187.0,9.0,11.508451001088044,0.13903743315508021,0.5026737967914439,4.3689839572192515,1.411764705882353,0.5882352941176471,0.20855614973262032,0.10695187165775401,0.06417112299465241,0.016042780748663103,0.016042780748663103,0,Literal
0.47619047619047616,18.666666666666668,8.333333333333332,0.0,0.03571428571428571,11.85,10.8,0.0,0.0,0.0,3.125,168.0,9.0,13.633654800158192,0.08928571428571429,0.4880952380952381,4.589285714285714,1.7083333333333333,0.5654761904761905,0.20833333333333334,0.11904761904761904,0.06547619047619048,0.02976190476190476,0.005952380952380952,0,Literal
0.6267605633802817,20.285714285714285,1.4084507042253522,0.0,0.014084507042253521,8.86,8.68,0.0,0.0,0.0,3.26056338028169,142.0,7.0,9.705878715121731,0.11971830985915492,0.6197183098591549,4.056338028169014,1.4014084507042253,0.6971830985915493,0.19014084507042253,0.056338028169014086,0.04225352112676056,0.007042253521126761,0.007042253521126761,0,Literal
0.591715976331361,16.9,7.6923076923076925,0.0,0.04142011834319527,10.13,9.84,0.0,0.0,0.0,3.36094674556213,169.0,10.0,6.514598989960933,0.15384615384615385,0.4970414201183432,4.952662721893491,1.621301775147929,0.5207100591715976,0.24260355029585798,0.11834319526627218,0.07100591715976332,0.011834319526627219,0.029585798816568046,0,Literal
0.6494845360824743,24.25,2.0618556701030926,0.0,0.030927835051546393,11.69,10.52,0.0,0.0,0.0,4.036082474226804,194.0,8.0,18.51983733729862,0.14948453608247422,0.5979381443298969,4.582474226804123,1.5103092783505154,0.6649484536082474,0.18041237113402062,0.05154639175257732,0.061855670103092786,0.005154639175257732,0.02577319587628866,0,Literal
0.601123595505618,25.428571428571427,8.426966292134832,0.0,0.033707865168539325,13.62,13.54,0.0,0.0,0.0,3.3876404494382024,178.0,7.0,12.620035900204444,0.08426966292134831,0.6067415730337079,4.741573033707865,1.6348314606741574,0.6235955056179775,0.1797752808988764,0.10674157303370786,0.056179775280898875,0.0056179775280898875,0.028089887640449437,1,Inferential
0.6264367816091954,13.384615384615385,2.2988505747126435,0.0,0.05172413793103448,8.55,6.27,0.0,0.0,0.0,3.3735632183908044,174.0,13.0,6.318939316280877,0.21839080459770116,0.4942528735632184,4.712643678160919,1.603448275862069,0.603448275862069,0.19540229885057472,0.04597701149425287,0.09770114942528736,0.005747126436781609,0.04597701149425287,0,Literal
0.6363636363636364,18.857142857142858,5.303030303030303,0.0,0.06060606060606061,9.64,9.66,0.0,0.0,0.0,4.9772727272727275,132.0,7.0,12.977217084772303,0.1893939393939394,0.4621212121212121,4.674242424242424,1.5151515151515151,0.5757575757575758,0.26515151515151514,0.07575757575757576,0.022727272727272728,0.007575757575757576,0.05303030303030303,0,Literal
0.581081081081081,49.333333333333336,0.6756756756756757,0.0,0.06756756756756757,18.88,20.0,0.0,0.0,0.0,4.013513513513513,148.0,3.0,31.329787033357817,0.10135135135135136,0.5540540540540541,4.148648648648648,1.2905405405405406,0.6621621621621622,0.18243243243243243,0.05405405405405406,0.02702702702702703,0.006756756756756757,0.060810810810810814,2,Evaluative
0.6483516483516484,26.0,1.098901098901099,0.0,0.054945054945054944,9.92,10.84,0.0,0.0,0.0,3.7362637362637363,182.0,7.0,14.222718245318449,0.11538461538461539,0.6318681318681318,4.21978021978022,1.3021978021978022,0.6978021978021978,0.08791208791208792,0.08791208791208792,0.07142857142857142,0.04395604395604396,0.01098901098901099,0,Literal
0.6595744680851063,35.25,1.4184397163120568,0.0,0.0851063829787234,13.72,14.67,0.0,0.0,0.0,4.595744680851064,141.0,4.0,31.87867625859016,0.11347517730496454,0.5531914893617021,4.283687943262412,1.3191489361702127,0.6595744680851063,0.16312056737588654,0.03546099290780142,0.05673758865248227,0.02127659574468085,0.06382978723404255,1,Inferential
0.6620689655172414,36.25,6.206896551724138,0.0,0.06896551724137931,16.45,16.98,0.0,0.0,0.0,4.075862068965518,145.0,4.0,8.699856320652657,0.10344827586206896,0.6206896551724138,4.620689655172414,1.5172413793103448,0.593103448275862,0.1724137931034483,0.08275862068965517,0.08275862068965517,0.006896551724137931,0.06206896551724138,2,Evaluative
0.5723684210526315,21.714285714285715,0.0,0.0,0.046052631578947366,9.18,8.69,0.0,0.0,0.0,3.973684210526316,152.0,7.0,7.439552323595164,0.16447368421052633,0.5328947368421053,4.184210526315789,1.381578947368421,0.6907894736842105,0.09210526315789473,0.125,0.039473684210526314,0.006578947368421052,0.039473684210526314,0,Literal
0.6445783132530121,11.066666666666666,0.6024096385542169,0.0,0.04819277108433735,3.58,4.67,0.0,0.0,0.0,3.7771084337349397,166.0,15.0,7.9498427657407165,0.3072289156626506,0.5602409638554217,4.066265060240964,1.2590361445783131,0.7349397590361446,0.13855421686746988,0.030120481927710843,0.04819277108433735,0.012048192771084338,0.03614457831325301,0,Literal
0.5798816568047337,28.166666666666668,7.100591715976331,0.0,0.04142011834319527,15.02,14.11,0.0,0.0,0.0,3.6923076923076925,169.0,6.0,8.88350531415762,0.08875739644970414,0.5443786982248521,4.887573964497041,1.6627218934911243,0.5680473372781065,0.1834319526627219,0.14792899408284024,0.05917159763313609,0.0,0.04142011834319527,2,Evaluative
0.6265822784810127,22.571428571428573,8.227848101265822,0.0,0.0949367088607595,13.0,12.32,0.0,0.0,0.0,3.4367088607594938,158.0,7.0,9.406901504659617,0.14556962025316456,0.5189873417721519,4.7974683544303796,1.6772151898734178,0.569620253164557,0.13924050632911392,0.10126582278481013,0.0949367088607595,0.04430379746835443,0.05063291139240506,1,Inferential
0.3894736842105263,6.785714285714286,0.0,0.0,0.0,0.72,2.71,0.0,0.0,0.0,2.2526315789473683,190.0,28.0,2.8542395963670235,0.20526315789473684,0.5210526315789473,3.7,1.1578947368421053,0.8,0.17894736842105263,0.010526315789473684,0.010526315789473684,0.0,0.0,0,Literal
0.5897435897435898,22.285714285714285,0.641025641025641,0.0,0.05128205128205128,8.83,9.17,0.0,0.0,0.0,5.532051282051282,156.0,7.0,6.880911187881312,0.33974358974358976,0.6282051282051282,4.108974358974359,1.3333333333333333,0.6987179487179487,0.1858974358974359,0.019230769230769232,0.04487179487179487,0.019230769230769232,0.03205128205128205,0,Literal
0.6011560693641619,11.533333333333333,2.8901734104046244,0.0,0.10982658959537572,4.46,5.77,0.0,0.0,0.0,2.653179190751445,173.0,15.0,3.138293945583952,0.13872832369942195,0.5144508670520231,4.502890173410405,1.3179190751445087,0.6358381502890174,0.15028901734104047,0.06936416184971098,0.03468208092485549,0.03468208092485549,0.07514450867052024,0,Literal
0.5487804878048781,16.4,4.2682926829268295,0.0,0.06707317073170732,10.09,8.27,0.0,0.0,0.0,3.048780487804878,164.0,10.0,8.944830909525345,0.10975609756097561,0.4695121951219512,4.7439024390243905,1.6341463414634145,0.5914634146341463,0.20121951219512196,0.04878048780487805,0.036585365853658534,0.024390243902439025,0.042682926829268296,0,Literal
0.726027397260274,12.166666666666666,6.164383561643835,0.0,0.0821917808219178,6.94,7.33,0.0,0.0,0.0,2.828767123287671,146.0,12.0,5.474689235218947,0.136986301369863,0.5342465753424658,4.842465753424658,1.5068493150684932,0.5958904109589042,0.1917808219178082,0.07534246575342465,0.04794520547945205,0.0273972602739726,0.0547945205479452,0,Literal
0.6503496503496503,28.6,8.391608391608392,0.0,0.006993006993006993,13.97,14.8,0.0,0.0,0.0,4.013986013986014,143.0,5.0,10.244998779892558,0.07692307692307693,0.6223776223776224,4.594405594405594,1.5594405594405594,0.7132867132867133,0.13986013986013987,0.11188811188811189,0.027972027972027972,0.006993006993006993,0.0,1,Inferential
0.6368159203980099,20.1,7.960199004975125,0.0,0.11442786069651742,12.97,11.22,0.0,0.0,0.0,3.199004975124378,201.0,10.0,7.496665925596525,0.0945273631840796,0.5074626865671642,5.169154228855722,1.756218905472637,0.5074626865671642,0.1691542288557214,0.1044776119402985,0.1044776119402985,0.04477611940298507,0.06965174129353234,1,Inferential
0.533678756476684,10.722222222222221,4.145077720207254,0.0,0.0,5.28,5.95,0.0,0.0,0.0,2.6476683937823835,193.0,18.0,5.0990195135927845,0.16062176165803108,0.5544041450777202,4.347150259067358,1.4145077720207253,0.6424870466321243,0.22279792746113988,0.09844559585492228,0.025906735751295335,0.0,0.0,0,Literal
0.5792349726775956,16.636363636363637,4.918032786885246,0.0,0.00546448087431694,9.08,8.62,0.0,0.0,0.0,2.978142076502732,183.0,11.0,6.3998966933811055,0.1366120218579235,0.546448087431694,4.890710382513661,1.540983606557377,0.7049180327868853,0.1912568306010929,0.07103825136612021,0.0273224043715847,0.0,0.00546448087431694,0,Literal
0.6369047619047619,21.0,0.0,0.0,0.005952380952380952,6.16,8.4,0.0,0.0,0.0,3.875,168.0,8.0,11.82951816432098,0.17261904761904762,0.6130952380952381,3.8095238095238093,1.1488095238095237,0.7619047619047619,0.15476190476190477,0.02976190476190476,0.047619047619047616,0.0,0.005952380952380952,0,Literal
0.6263736263736264,30.333333333333332,3.296703296703297,0.0,0.04395604395604396,13.75,13.45,0.0,0.0,0.0,4.417582417582418,182.0,6.0,20.227181931472533,0.12087912087912088,0.6043956043956044,4.368131868131868,1.4835164835164836,0.5714285714285714,0.23076923076923078,0.07692307692307693,0.07692307692307693,0.005494505494505495,0.038461538461538464,1,Inferential
0.6549707602339181,24.428571428571427,1.1695906432748537,0.0,0.07017543859649122,10.02,10.24,0.0,0.0,0.0,4.309941520467836,171.0,7.0,10.45300464567241,0.19883040935672514,0.6198830409356725,4.105263157894737,1.3625730994152048,0.672514619883041,0.1871345029239766,0.03508771929824561,0.023391812865497075,0.005847953216374269,0.06432748538011696,0,Literal
0.5549738219895288,21.22222222222222,5.2356020942408374,0.0,0.031413612565445025,11.84,10.58,0.0,0.0,0.0,3.4973821989528795,191.0,9.0,10.049261381862234,0.16230366492146597,0.5602094240837696,4.680628272251309,1.6230366492146597,0.5759162303664922,0.18324607329842932,0.18324607329842932,0.02617801047120419,0.0,0.031413612565445025,0,Literal
0.5287356321839081,21.75,6.321839080459771,0.0,0.05747126436781609,11.41,11.23,0.0,0.0,0.0,3.545977011494253,174.0,8.0,11.168454458876573,0.10344827586206896,0.5689655172413793,4.787356321839081,1.5689655172413792,0.6206896551724138,0.15517241379310345,0.08620689655172414,0.07471264367816093,0.005747126436781609,0.05172413793103448,0,Literal
0.655367231638418,35.4,6.214689265536723,0.0,0.03954802259887006,16.42,16.65,0.0,0.0,0.0,5.129943502824859,177.0,5.0,20.67849124090053,0.14124293785310735,0.632768361581921,4.508474576271187,1.5423728813559323,0.6214689265536724,0.1638418079096045,0.1016949152542373,0.07344632768361582,0.022598870056497175,0.01694915254237288,2,Evaluative
0.6470588235294118,12.466666666666667,1.6042780748663104,0.0,0.06951871657754011,4.73,5.63,0.0,0.0,0.0,3.8823529411764706,187.0,15.0,10.706176825656403,0.22994652406417113,0.6096256684491979,4.2032085561497325,1.3101604278074865,0.6684491978609626,0.1443850267379679,0.06951871657754011,0.0374331550802139,0.0106951871657754,0.058823529411764705,0,Literal
0.6455026455026455,23.625,1.0582010582010581,0.0,0.042328042328042326,10.36,9.87,0.0,0.0,0.0,3.4497354497354498,189.0,8.0,9.136978439287246,0.12169312169312169,0.5978835978835979,4.291005291005291,1.417989417989418,0.6455026455026455,0.14814814814814814,0.08994708994708994,0.07407407407407407,0.010582010582010581,0.031746031746031744,0,Literal
0.4835164835164835,15.166666666666666,8.241758241758241,0.0,0.005494505494505495,8.8,9.36,0.0,0.0,0.0,2.7967032967032965,182.0,12.0,3.1743328257901515,0.15384615384615385,0.510989010989011,4.972527472527473,1.565934065934066,0.532967032967033,0.2802197802197802,0.11538461538461539,0.06593406593406594,0.0,0.005494505494505495,0,Literal
0.6294117647058823,56.666666666666664,5.88235294117647,0.0,0.06470588235294118,26.15,25.02,0.0,0.0,0.0,3.9411764705882355,170.0,3.0,12.472191289246473,0.11176470588235295,0.5411764705882353,4.8882352941176475,1.6647058823529413,0.5647058823529412,0.1411764705882353,0.15294117647058825,0.07647058823529412,0.011764705882352941,0.052941176470588235,2,Evaluative
0.5869565217391305,23.0,8.152173913043478,0.0,0.043478260869565216,13.0,12.46,0.0,0.0,0.0,3.152173913043478,184.0,8.0,7.865073108369686,0.10326086956521739,0.5217391304347826,5.108695652173913,1.6630434782608696,0.5706521739130435,0.2554347826086957,0.059782608695652176,0.059782608695652176,0.005434782608695652,0.03804347826086957,1,Inferential
0.7375,26.666666666666668,5.625,0.0,0.03125,12.88,12.92,0.0,0.0,0.0,4.2625,160.0,6.0,10.714735440296954,0.14375,0.525,4.6875,1.53125,0.61875,0.1875,0.1,0.0625,0.00625,0.025,1,Inferential
0.6041666666666666,11.076923076923077,0.0,0.0,0.020833333333333332,1.92,4.43,0.0,0.0,0.0,3.1527777777777777,144.0,13.0,4.8965632193352455,0.1875,0.6527777777777778,3.423611111111111,1.1180555555555556,0.7986111111111112,0.11805555555555555,0.05555555555555555,0.006944444444444444,0.0,0.020833333333333332,0,Literal
0.6875,25.142857142857142,4.545454545454546,0.0,0.09090909090909091,11.31,11.88,0.0,0.0,0.0,3.647727272727273,176.0,7.0,10.356896548795348,0.10795454545454546,0.5454545454545454,4.4602272727272725,1.4488636363636365,0.5965909090909091,0.19886363636363635,0.0625,0.05113636363636364,0.022727272727272728,0.06818181818181818,0,Literal
0.6121212121212121,20.625,0.0,0.0,0.006060606060606061,6.9,8.25,0.0,0.0,0.0,4.133333333333334,165.0,8.0,4.553501400021746,0.21212121212121213,0.5878787878787879,3.8484848484848486,1.2242424242424241,0.7272727272727273,0.18787878787878787,0.04242424242424243,0.03636363636363636,0.006060606060606061,0.0,0,Literal
0.6666666666666666,61.0,1.639344262295082,0.0,0.04371584699453552,23.03,25.06,0.0,0.0,0.0,5.644808743169399,183.0,3.0,22.484562605386735,0.11475409836065574,0.5737704918032787,4.240437158469946,1.2568306010928962,0.6502732240437158,0.20765027322404372,0.04918032786885246,0.02185792349726776,0.01092896174863388,0.03278688524590164,2,Evaluative
0.5975609756097561,18.22222222222222,0.0,0.0,0.042682926829268296,5.62,7.29,0.0,0.0,0.0,3.823170731707317,164.0,9.0,7.156107639157609,0.1951219512195122,0.6280487804878049,3.701219512195122,1.1951219512195121,0.6707317073170732,0.16463414634146342,0.09146341463414634,0.03048780487804878,0.0,0.042682926829268296,0,Literal
0.6647398843930635,14.416666666666666,1.7341040462427744,0.0,0.05202312138728324,6.81,6.46,0.0,0.0,0.0,3.0,173.0,12.0,10.18577439373168,0.1329479768786127,0.5895953757225434,4.335260115606936,1.4219653179190752,0.6936416184971098,0.12138728323699421,0.07514450867052024,0.057803468208092484,0.0,0.05202312138728324,0,Literal
0.5611510791366906,11.583333333333334,3.597122302158273,0.0,0.04316546762589928,6.84,6.07,0.0,0.0,0.0,2.5611510791366907,139.0,12.0,4.089281382128433,0.1223021582733813,0.5179856115107914,4.690647482014389,1.5179856115107915,0.6474820143884892,0.18705035971223022,0.08633093525179857,0.03597122302158273,0.0,0.04316546762589928,0,Literal
0.551948051948052,14.0,5.194805194805195,0.0,0.01948051948051948,11.63,7.68,0.0,0.0,0.0,2.74025974025974,154.0,11.0,3.13603423830188,0.12987012987012986,0.487012987012987,5.077922077922078,1.844155844155844,0.538961038961039,0.14935064935064934,0.1038961038961039,0.18831168831168832,0.0,0.01948051948051948,0,Literal
0.5885714285714285,15.909090909090908,1.1428571428571428,0.0,0.022857142857142857,5.85,6.82,0.0,0.0,0.0,3.7542857142857144,175.0,11.0,9.106350522284476,0.17142857142857143,0.6285714285714286,3.9657142857142857,1.2914285714285714,0.7542857142857143,0.17142857142857143,0.05142857142857143,0.0,0.0,0.022857142857142857,0,Literal
0.5714285714285714,21.0,1.0582010582010581,0.0,0.0582010582010582,6.96,8.82,0.0,0.0,0.0,4.428571428571429,189.0,9.0,12.582566815015168,0.20634920634920634,0.5978835978835979,3.7248677248677247,1.216931216931217,0.7619047619047619,0.10052910052910052,0.026455026455026454,0.047619047619047616,0.026455026455026454,0.031746031746031744,0,Literal
0.5253164556962026,22.571428571428573,1.2658227848101267,0.0,0.0379746835443038,9.57,9.53,0.0,0.0,0.0,3.3227848101265822,158.0,7.0,8.312763729129232,0.0949367088607595,0.6012658227848101,4.348101265822785,1.3860759493670887,0.6012658227848101,0.15822784810126583,0.20253164556962025,0.0,0.0,0.0379746835443038,0,Literal
0.5759493670886076,52.666666666666664,2.5316455696202533,0.0,0.06962025316455696,20.48,22.08,0.0,0.0,0.0,4.981012658227848,158.0,3.0,25.77250904010361,0.16455696202531644,0.6012658227848101,3.981012658227848,1.3164556962025316,0.7531645569620253,0.11392405063291139,0.03164556962025317,0.03164556962025317,0.0,0.06962025316455696,2,Evaluative
0.5404040404040404,22.0,5.555555555555555,0.0,0.09090909090909091,12.36,11.02,0.0,0.0,0.0,3.8333333333333335,198.0,9.0,5.206833117271103,0.15151515151515152,0.46464646464646464,4.904040404040404,1.6414141414141414,0.6111111111111112,0.12626262626262627,0.14646464646464646,0.025252525252525252,0.005050505050505051,0.08585858585858586,1,Inferential
0.3333333333333333,4.973684210526316,0.0,0.0,0.08465608465608465,0.77,1.99,0.0,0.0,0.0,3.126984126984127,189.0,38.0,2.919985580353726,0.4074074074074074,0.5661375661375662,3.9735449735449735,1.2222222222222223,0.7724867724867724,0.047619047619047616,0.047619047619047616,0.047619047619047616,0.05291005291005291,0.031746031746031744,0,Literal
0.6571428571428571,15.909090909090908,4.571428571428571,0.0,0.05142857142857143,8.01,8.19,0.0,0.0,0.0,3.125714285714286,175.0,11.0,6.584479622629752,0.13142857142857142,0.5714285714285714,4.405714285714286,1.4742857142857142,0.6628571428571428,0.16,0.08,0.045714285714285714,0.011428571428571429,0.04,0,Literal
0.63125,20.0,2.5,0.0,0.0375,8.66,9.0,0.0,0.0,0.0,4.0,160.0,8.0,14.572555541153378,0.15,0.60625,4.38125,1.39375,0.7,0.13125,0.08125,0.0375,0.0,0.0375,0,Literal
0.5657142857142857,17.5,0.0,0.0,0.011428571428571429,5.53,7.0,0.0,0.0,0.0,3.9085714285714284,175.0,10.0,7.743384273042376,0.22857142857142856,0.64,3.5542857142857143,1.2114285714285715,0.76,0.15428571428571428,0.017142857142857144,0.05714285714285714,0.005714285714285714,0.005714285714285714,0,Literal
0.5754189944134078,25.571428571428573,3.35195530726257,0.0,0.055865921787709494,11.13,11.57,0.0,0.0,0.0,3.0279329608938546,179.0,7.0,10.821369636803214,0.08379888268156424,0.5977653631284916,4.11731843575419,1.4189944134078212,0.6983240223463687,0.13966480446927373,0.0782122905027933,0.027932960893854747,0.01675977653631285,0.03910614525139665,0,Literal
0.6118421052631579,21.714285714285715,1.9736842105263157,0.0,0.05921052631578947,7.01,9.48,0.0,0.0,0.0,3.973684210526316,152.0,7.0,15.37026017864316,0.17763157894736842,0.5986842105263158,3.8289473684210527,1.1973684210526316,0.8092105263157895,0.07894736842105263,0.02631578947368421,0.02631578947368421,0.006578947368421052,0.05263157894736842,0,Literal
0.6020408163265306,13.066666666666666,1.530612244897959,0.0,0.01020408163265306,4.32,5.84,0.0,0.0,0.0,3.1020408163265305,196.0,15.0,4.587906809089401,0.19387755102040816,0.6071428571428571,3.811224489795918,1.2551020408163265,0.7857142857142857,0.15816326530612246,0.02040816326530612,0.025510204081632654,0.00510204081632653,0.00510204081632653,0,Literal
0.6349206349206349,21.0,4.761904761904762,0.0,0.015873015873015872,10.14,10.3,0.0,0.0,0.0,3.5185185185185186,189.0,9.0,7.363574011458174,0.10582010582010581,0.5925925925925926,4.708994708994709,1.4867724867724867,0.6666666666666666,0.1746031746031746,0.09523809523809523,0.047619047619047616,0.0,0.015873015873015872,0,Literal
0.5177664974619289,17.90909090909091,3.5532994923857872,0.0,0.02030456852791878,7.99,8.58,0.0,0.0,0.0,4.2639593908629445,197.0,11.0,6.8284770757141535,0.18274111675126903,0.6091370558375635,4.192893401015229,1.4060913705583757,0.751269035532995,0.15736040609137056,0.04568527918781726,0.025380710659898477,0.0,0.02030456852791878,0,Literal
0.5697674418604651,17.2,4.651162790697675,0.0,0.040697674418604654,8.89,8.74,0.0,0.0,0.0,3.2151162790697674,172.0,10.0,6.508456038109192,0.10465116279069768,0.5465116279069767,4.77906976744186,1.505813953488372,0.5988372093023255,0.22674418604651161,0.0872093023255814,0.040697674418604654,0.0,0.040697674418604654,0,Literal
0.609375,27.428571428571427,2.604166666666667,0.0,0.03125,12.13,12.01,0.0,0.0,0.0,4.145833333333333,192.0,7.0,10.793043867156632,0.17708333333333334,0.5677083333333334,4.416666666666667,1.4427083333333333,0.7239583333333334,0.11979166666666667,0.08854166666666667,0.036458333333333336,0.005208333333333333,0.026041666666666668,1,Inferential
0.6554054054054054,37.0,4.054054054054054,0.0,0.060810810810810814,16.14,16.42,0.0,0.0,0.0,4.621621621621622,148.0,4.0,7.158910531638177,0.11486486486486487,0.668918918918919,4.364864864864865,1.4662162162162162,0.7027027027027027,0.14189189189189189,0.06756756756756757,0.02702702702702703,0.02702702702702703,0.033783783783783786,2,Evaluative
0.6134969325153374,20.375,6.748466257668712,0.0,0.03067484662576687,11.4,10.85,0.0,0.0,0.0,3.214723926380368,163.0,8.0,7.364399160827718,0.1411042944785276,0.5337423312883436,4.957055214723926,1.6134969325153374,0.6441717791411042,0.11042944785276074,0.17791411042944785,0.03680981595092025,0.006134969325153374,0.024539877300613498,0,Literal
0.5806451612903226,12.916666666666666,4.516129032258064,0.0,0.03870967741935484,4.83,6.97,0.0,0.0,0.0,2.9935483870967743,155.0,12.0,7.952550254827414,0.12903225806451613,0.6,4.412903225806452,1.303225806451613,0.7548387096774194,0.1032258064516129,0.03225806451612903,0.07096774193548387,0.0,0.03870967741935484,0,Literal
0.567741935483871,25.833333333333332,13.548387096774196,0.0,0.01935483870967742,17.4,15.75,0.0,0.0,0.0,3.541935483870968,155.0,6.0,7.711823534172849,0.12903225806451613,0.41935483870967744,5.483870967741935,1.9419354838709677,0.45161290322580644,0.16129032258064516,0.1870967741935484,0.15483870967741936,0.0,0.01935483870967742,2,Evaluative
0.6436170212765957,23.5,8.51063829787234,0.0,0.07446808510638298,13.16,12.8,0.0,0.0,0.0,2.9148936170212765,188.0,8.0,8.971308432999058,0.11170212765957446,0.4627659574468085,4.8936170212765955,1.6595744680851063,0.4787234042553192,0.22340425531914893,0.09042553191489362,0.1276595744680851,0.05851063829787234,0.015957446808510637,1,Inferential
0.6686046511627907,17.2,2.3255813953488373,0.0,0.03488372093023256,8.2,7.81,0.0,0.0,0.0,3.9593023255813953,172.0,10.0,7.668767828015137,0.19767441860465115,0.5581395348837209,4.523255813953488,1.447674418604651,0.627906976744186,0.1686046511627907,0.11046511627906977,0.05813953488372093,0.005813953488372093,0.029069767441860465,0,Literal
0.6447368421052632,11.692307692307692,0.6578947368421052,0.0,0.019736842105263157,3.88,4.94,0.0,0.0,0.0,3.361842105263158,152.0,13.0,5.634845099019212,0.17763157894736842,0.5921052631578947,4.092105263157895,1.263157894736842,0.6973684210526315,0.19078947368421054,0.046052631578947366,0.046052631578947366,0.0,0.019736842105263157,0,Literal
0.7207792207792207,19.25,3.2467532467532463,0.0,0.03896103896103896,8.16,9.0,0.0,0.0,0.0,3.2662337662337664,154.0,8.0,6.670832032063167,0.12987012987012986,0.538961038961039,4.3896103896103895,1.3766233766233766,0.6948051948051948,0.17532467532467533,0.05194805194805195,0.03896103896103896,0.01948051948051948,0.01948051948051948,0,Literal
0.559748427672956,26.5,6.289308176100629,0.0,0.031446540880503145,13.08,13.12,0.0,0.0,0.0,3.1635220125786163,159.0,6.0,9.136313382443829,0.1069182389937107,0.5660377358490566,4.591194968553459,1.5534591194968554,0.6289308176100629,0.15723270440251572,0.1320754716981132,0.050314465408805034,0.0,0.031446540880503145,1,Inferential
0.6331360946745562,16.9,2.9585798816568047,0.0,0.04142011834319527,7.06,7.94,0.0,0.0,0.0,3.4497041420118344,169.0,10.0,7.79807668595276,0.20710059171597633,0.5502958579881657,4.236686390532545,1.3609467455621302,0.6863905325443787,0.1301775147928994,0.08875739644970414,0.047337278106508875,0.0,0.04142011834319527,0,Literal
0.5882352941176471,26.714285714285715,2.6737967914438503,0.0,0.026737967914438502,10.92,11.76,0.0,0.0,0.0,3.9893048128342246,187.0,7.0,7.3844845618971915,0.10695187165775401,0.6470588235294118,4.315508021390374,1.3636363636363635,0.7433155080213903,0.15508021390374332,0.0213903743315508,0.053475935828877004,0.0053475935828877,0.0213903743315508,0,Literal
0.6336633663366337,25.25,1.4851485148514851,0.0,0.07920792079207921,9.85,10.69,0.0,0.0,0.0,5.262376237623762,202.0,8.0,17.03489066592445,0.2524752475247525,0.5099009900990099,4.282178217821782,1.3217821782178218,0.6831683168316832,0.13861386138613863,0.06435643564356436,0.019801980198019802,0.01485148514851485,0.06435643564356436,0,Literal
0.5463917525773195,14.923076923076923,7.216494845360824,0.0,0.05154639175257732,9.75,8.86,0.0,0.0,0.0,2.7989690721649483,194.0,13.0,4.937478934117296,0.1134020618556701,0.5515463917525774,4.701030927835052,1.6546391752577319,0.5876288659793815,0.2268041237113402,0.09278350515463918,0.041237113402061855,0.020618556701030927,0.030927835051546393,0,Literal
0.5766871165644172,27.166666666666668,3.6809815950920246,0.0,0.018404907975460124,11.0,12.34,0.0,0.0,0.0,4.50920245398773,163.0,6.0,19.16086868826382,0.1411042944785276,0.5950920245398773,4.337423312883436,1.3558282208588956,0.656441717791411,0.13496932515337423,0.09815950920245399,0.06748466257668712,0.0,0.018404907975460124,0,Literal
0.6294416243654822,32.833333333333336,5.583756345177665,0.0,0.02030456852791878,16.74,15.37,0.0,0.0,0.0,4.131979695431472,197.0,6.0,18.217817895919612,0.13705583756345177,0.5431472081218274,5.020304568527918,1.6548223350253808,0.6040609137055838,0.20304568527918782,0.1218274111675127,0.050761421319796954,0.005076142131979695,0.015228426395939087,2,Evaluative
0.7116564417177914,16.3,0.6134969325153374,0.0,0.049079754601226995,6.77,6.77,0.0,0.0,0.0,3.723926380368098,163.0,10.0,5.883026432033091,0.17791411042944785,0.5214723926380368,4.337423312883436,1.3558282208588956,0.6380368098159509,0.1901840490797546,0.06134969325153374,0.049079754601226995,0.006134969325153374,0.04294478527607362,0,Literal
0.60625,20.0,3.75,0.0,0.01875,8.95,9.5,0.0,0.0,0.0,4.85625,160.0,8.0,15.09138827278657,0.19375,0.60625,4.25,1.41875,0.71875,0.1375,0.08125,0.04375,0.00625,0.0125,0,Literal
0.6595744680851063,26.857142857142858,4.787234042553192,0.0,0.031914893617021274,12.84,12.66,0.0,0.0,0.0,3.9361702127659575,188.0,7.0,5.547567953985029,0.14361702127659576,0.574468085106383,4.622340425531915,1.5212765957446808,0.5851063829787234,0.24468085106382978,0.06914893617021277,0.06382978723404255,0.010638297872340425,0.02127659574468085,1,Inferential
0.6825396825396826,27.0,4.232804232804233,0.0,0.07936507936507936,12.92,12.49,0.0,0.0,0.0,3.6560846560846563,189.0,7.0,6.023762469230862,0.08994708994708994,0.6084656084656085,4.5396825396825395,1.5238095238095237,0.6137566137566137,0.20105820105820105,0.05291005291005291,0.05291005291005291,0.010582010582010581,0.06878306878306878,1,Inferential
0.6506024096385542,23.714285714285715,6.626506024096386,0.0,0.05421686746987952,11.71,12.14,0.0,0.0,0.0,3.753012048192771,166.0,7.0,11.837332849066627,0.10240963855421686,0.5421686746987951,4.704819277108434,1.5301204819277108,0.6325301204819277,0.13855421686746988,0.1144578313253012,0.04216867469879518,0.006024096385542169,0.04819277108433735,0,Literal
0.6231155778894473,28.428571428571427,3.5175879396984926,0.0,0.08040201005025126,12.63,12.78,0.0,0.0,0.0,6.065326633165829,199.0,7.0,18.721372703900947,0.1306532663316583,0.5678391959798995,4.336683417085427,1.4522613065326633,0.6231155778894473,0.1708542713567839,0.06532663316582915,0.06030150753768844,0.010050251256281407,0.07035175879396985,1,Inferential
0.5649717514124294,11.0625,2.824858757062147,0.0,0.01694915254237288,5.46,5.55,0.0,0.0,0.0,2.5875706214689265,177.0,16.0,3.091697551507909,0.10734463276836158,0.576271186440678,4.406779661016949,1.4180790960451977,0.7853107344632768,0.11864406779661017,0.04519774011299435,0.011299435028248588,0.0,0.01694915254237288,0,Literal
0.5531914893617021,23.5,0.0,0.0,0.026595744680851064,7.45,9.4,0.0,0.0,0.0,3.9627659574468086,188.0,8.0,12.4191132936293,0.14893617021276595,0.6436170212765957,3.627659574468085,1.175531914893617,0.8191489361702128,0.13829787234042554,0.015957446808510637,0.0,0.02127659574468085,0.005319148936170213,0,Literal
0.5167785234899329,18.625,0.0,0.0,0.04697986577181208,6.01,7.45,0.0,0.0,0.0,3.7583892617449663,149.0,8.0,12.78610085209717,0.14093959731543623,0.6174496644295302,3.966442953020134,1.2147651006711409,0.785234899328859,0.10067114093959731,0.03355704697986577,0.03355704697986577,0.0,0.04697986577181208,0,Literal
0.6910994764397905,21.22222222222222,3.1413612565445024,0.0,0.06282722513089005,9.43,9.75,0.0,0.0,0.0,4.026178010471204,191.0,9.0,16.864016773248153,0.15706806282722513,0.5235602094240838,4.50261780104712,1.418848167539267,0.612565445026178,0.17801047120418848,0.09424083769633508,0.05235602094240838,0.010471204188481676,0.05235602094240838,0,Literal
0.6107784431137725,15.181818181818182,0.0,0.0,0.059880239520958084,6.09,6.07,0.0,0.0,0.0,3.81437125748503,167.0,11.0,4.782889613805784,0.25748502994011974,0.49101796407185627,4.0,1.3353293413173652,0.6167664670658682,0.1497005988023952,0.059880239520958084,0.05389221556886228,0.011976047904191617,0.04790419161676647,0,Literal
0.48205128205128206,12.1875,0.5128205128205128,0.0,0.11282051282051282,5.02,5.08,0.0,0.0,0.0,3.174358974358974,195.0,16.0,4.39059719742087,0.15897435897435896,0.5128205128205128,4.056410256410256,1.3435897435897435,0.6615384615384615,0.11794871794871795,0.07692307692307693,0.03076923076923077,0.0,0.11282051282051282,0,Literal
0.6341463414634146,20.5,17.073170731707318,0.0,0.018292682926829267,16.36,15.03,0.0,0.0,0.0,3.597560975609756,164.0,8.0,8.440045912197398,0.1402439024390244,0.43902439024390244,5.664634146341464,2.0304878048780486,0.4329268292682927,0.21341463414634146,0.18902439024390244,0.14634146341463414,0.0,0.018292682926829267,2,Evaluative
0.5,11.88888888888889,0.9345794392523363,0.0,0.04672897196261682,3.33,5.13,0.0,0.0,0.0,4.252336448598131,214.0,18.0,6.69991708074726,0.32242990654205606,0.4672897196261682,3.710280373831776,1.2102803738317758,0.6495327102803738,0.17757009345794392,0.018691588785046728,0.0514018691588785,0.004672897196261682,0.04205607476635514,0,Literal
0.5879120879120879,36.4,3.296703296703297,0.0,0.03296703296703297,16.57,15.88,0.0,0.0,0.0,5.104395604395604,182.0,5.0,19.59183503401353,0.10989010989010989,0.5989010989010989,4.368131868131868,1.521978021978022,0.6703296703296703,0.17582417582417584,0.07692307692307693,0.038461538461538464,0.005494505494505495,0.027472527472527472,2,Evaluative
0.536723163841808,14.75,1.1299435028248588,0.0,0.05084745762711865,7.63,6.35,0.0,0.0,0.0,3.378531073446328,177.0,12.0,7.765665171481162,0.11864406779661017,0.615819209039548,4.4576271186440675,1.4802259887005649,0.632768361581921,0.15254237288135594,0.11299435028248588,0.05084745762711865,0.02824858757062147,0.022598870056497175,0,Literal
0.593939393939394,20.625,2.4242424242424243,0.0,0.012121212121212121,9.47,9.22,0.0,0.0,0.0,3.109090909090909,165.0,8.0,6.401904013650939,0.08484848484848485,0.5575757575757576,4.115151515151515,1.4424242424242424,0.6848484848484848,0.15151515151515152,0.06666666666666667,0.06666666666666667,0.012121212121212121,0.0,0,Literal
0.5956284153005464,13.071428571428571,0.546448087431694,0.0,0.0273224043715847,4.98,5.45,0.0,0.0,0.0,3.4972677595628414,183.0,14.0,3.473661833082237,0.2568306010928962,0.6174863387978142,3.912568306010929,1.3114754098360655,0.7431693989071039,0.15300546448087432,0.04918032786885246,0.0273224043715847,0.0273224043715847,0.0,0,Literal
0.6833333333333333,30.0,0.5555555555555556,0.0,0.06111111111111111,12.11,12.22,0.0,0.0,0.0,3.7333333333333334,180.0,6.0,7.302967433402215,0.14444444444444443,0.5888888888888889,4.222222222222222,1.3555555555555556,0.5888888888888889,0.24444444444444444,0.05555555555555555,0.03333333333333333,0.011111111111111112,0.05,1,Inferential
0.6404494382022472,25.428571428571427,6.179775280898876,0.0,0.016853932584269662,10.57,12.64,0.0,0.0,0.0,3.230337078651685,178.0,7.0,6.272713828600042,0.06741573033707865,0.6460674157303371,4.370786516853933,1.3764044943820224,0.6910112359550562,0.1853932584269663,0.07303370786516854,0.033707865168539325,0.0056179775280898875,0.011235955056179775,0,Literal
0.5355191256830601,91.5,2.185792349726776,0.0,0.02185792349726776,35.25,37.47,0.0,0.0,0.0,7.284153005464481,183.0,2.0,33.5,0.14207650273224043,0.6885245901639344,3.9453551912568305,1.284153005464481,0.73224043715847,0.12568306010928962,0.060109289617486336,0.060109289617486336,0.0,0.02185792349726776,2,Evaluative
0.6227544910179641,23.857142857142858,11.976047904191617,0.0,0.023952095808383235,16.33,14.33,0.0,0.0,0.0,4.047904191616767,167.0,7.0,5.742786069211937,0.1497005988023952,0.4251497005988024,5.592814371257485,1.9161676646706587,0.5089820359281437,0.15568862275449102,0.23353293413173654,0.0718562874251497,0.005988023952095809,0.017964071856287425,2,Evaluative
0.5925925925925926,18.0,0.0,0.0,0.012345679012345678,5.34,7.2,0.0,0.0,0.0,3.5246913580246915,162.0,9.0,7.086763875156433,0.1728395061728395,0.5987654320987654,3.746913580246914,1.1790123456790123,0.654320987654321,0.19135802469135801,0.07407407407407407,0.043209876543209874,0.0,0.012345679012345678,0,Literal
0.563953488372093,21.5,1.744186046511628,0.0,0.03488372093023256,11.04,9.3,0.0,0.0,0.0,3.377906976744186,172.0,8.0,5.634713834792322,0.11627906976744186,0.5523255813953488,4.924418604651163,1.5465116279069768,0.6104651162790697,0.18604651162790697,0.10465116279069768,0.05813953488372093,0.011627906976744186,0.023255813953488372,0,Literal
0.5891891891891892,18.5,10.27027027027027,0.0,0.0972972972972973,13.12,11.51,0.0,0.0,0.0,3.6,185.0,10.0,4.651881339845203,0.12972972972972974,0.518918918918919,5.410810810810811,1.8216216216216217,0.5405405405405406,0.1945945945945946,0.08648648648648649,0.07567567567567568,0.04864864864864865,0.04864864864864865,1,Inferential
0.5549738219895288,31.833333333333332,0.5235602094240838,0.0,0.020942408376963352,11.22,12.94,0.0,0.0,0.0,4.12041884816754,191.0,6.0,15.965240019770729,0.09424083769633508,0.6282722513089005,3.806282722513089,1.219895287958115,0.7382198952879581,0.1518324607329843,0.06282722513089005,0.02617801047120419,0.0,0.020942408376963352,0,Literal
0.6964285714285714,21.0,0.5952380952380952,0.0,0.02976190476190476,7.63,8.64,0.0,0.0,0.0,3.5416666666666665,168.0,8.0,7.825239612944769,0.13690476190476192,0.5357142857142857,4.136904761904762,1.2738095238095237,0.7023809523809523,0.17261904761904762,0.041666666666666664,0.05357142857142857,0.017857142857142856,0.011904761904761904,0,Literal
0.6707317073170732,20.5,3.048780487804878,0.0,0.06097560975609756,8.59,9.42,0.0,0.0,0.0,3.792682926829268,164.0,8.0,8.426149773176359,0.18902439024390244,0.6341463414634146,4.036585365853658,1.3719512195121952,0.6890243902439024,0.13414634146341464,0.042682926829268296,0.06097560975609756,0.012195121951219513,0.04878048780487805,0,Literal
0.6352201257861635,15.9,0.628930817610063,0.0,0.031446540880503145,5.45,6.61,0.0,0.0,0.0,3.8364779874213837,159.0,10.0,5.10294032886923,0.16981132075471697,0.6540880503144654,3.7672955974842766,1.2578616352201257,0.7547169811320755,0.11949685534591195,0.05660377358490566,0.03773584905660377,0.006289308176100629,0.025157232704402517,0,Literal
0.6462585034013606,21.0,2.7210884353741496,0.0,0.061224489795918366,8.49,9.49,0.0,0.0,0.0,3.6258503401360542,147.0,7.0,7.9359682356178,0.1292517006802721,0.5510204081632653,4.503401360544218,1.346938775510204,0.7006802721088435,0.09523809523809523,0.05442176870748299,0.05442176870748299,0.0,0.061224489795918366,0,Literal
0.6,27.142857142857142,6.315789473684211,0.0,0.005263157894736842,14.5,13.38,0.0,0.0,0.0,4.063157894736842,190.0,7.0,8.542809364414888,0.13157894736842105,0.5789473684210527,4.863157894736842,1.6526315789473685,0.5842105263157895,0.23157894736842105,0.08947368421052632,0.08947368421052632,0.0,0.005263157894736842,1,Inferential
0.6690140845070423,23.666666666666668,14.788732394366196,0.0,0.04225352112676056,17.74,15.38,0.0,0.0,0.0,4.26056338028169,142.0,6.0,16.78954701261737,0.31690140845070425,0.33098591549295775,5.943661971830986,2.0422535211267605,0.3380281690140845,0.2605633802816901,0.1619718309859155,0.13380281690140844,0.007042253521126761,0.035211267605633804,2,Evaluative
0.575,17.77777777777778,1.25,0.0,0.025,8.31,7.61,0.0,0.0,0.0,3.00625,160.0,9.0,7.723620976436785,0.09375,0.51875,4.26875,1.4375,0.71875,0.09375,0.0375,0.06875,0.00625,0.01875,0,Literal
0.6265060240963856,27.666666666666668,8.433734939759036,0.0,0.04819277108433735,13.4,14.44,0.0,0.0,0.0,4.156626506024097,166.0,6.0,12.064640713902572,0.1566265060240964,0.5843373493975904,4.680722891566265,1.5421686746987953,0.6445783132530121,0.09036144578313253,0.12650602409638553,0.07228915662650602,0.006024096385542169,0.04216867469879518,1,Inferential
0.7677419354838709,31.0,2.5806451612903225,0.0,0.05161290322580645,12.87,13.43,0.0,0.0,0.0,4.825806451612904,155.0,5.0,9.221713506718803,0.18064516129032257,0.5741935483870968,4.529032258064516,1.3870967741935485,0.6193548387096774,0.18064516129032257,0.08387096774193549,0.06451612903225806,0.0064516129032258064,0.04516129032258064,1,Inferential
0.5714285714285714,24.0,3.571428571428571,0.0,0.005952380952380952,10.63,11.03,0.0,0.0,0.0,3.6726190476190474,168.0,7.0,9.46314009238811,0.1130952380952381,0.6071428571428571,4.619047619047619,1.4285714285714286,0.7619047619047619,0.13095238095238096,0.07142857142857142,0.023809523809523808,0.005952380952380952,0.0,0,Literal
0.5955056179775281,17.8,0.0,0.0,0.0,5.34,7.12,0.0,0.0,0.0,4.247191011235955,178.0,10.0,10.178899744078432,0.19101123595505617,0.6629213483146067,3.657303370786517,1.1853932584269662,0.8370786516853933,0.11235955056179775,0.0056179775280898875,0.0449438202247191,0.0,0.0,0,Literal
0.521505376344086,20.666666666666668,4.301075268817205,0.0,0.021505376344086023,10.17,9.99,0.0,0.0,0.0,3.4731182795698925,186.0,9.0,4.961580791503579,0.15591397849462366,0.5591397849462365,4.338709677419355,1.5,0.6021505376344086,0.1989247311827957,0.0913978494623656,0.08602150537634409,0.016129032258064516,0.005376344086021506,0,Literal
0.6748466257668712,23.285714285714285,5.521472392638037,0.0,0.03067484662576687,12.97,11.52,0.0,0.0,0.0,3.8282208588957056,163.0,7.0,13.505856628341133,0.1165644171779141,0.5950920245398773,4.877300613496932,1.6503067484662577,0.5950920245398773,0.11042944785276074,0.1901840490797546,0.0736196319018405,0.012269938650306749,0.018404907975460124,1,Inferential
0.6363636363636364,17.6,2.272727272727273,0.0,0.05113636363636364,7.03,7.95,0.0,0.0,0.0,3.1363636363636362,176.0,10.0,7.128113354878695,0.1534090909090909,0.5568181818181818,4.232954545454546,1.3352272727272727,0.6477272727272727,0.1875,0.056818181818181816,0.056818181818181816,0.005681818181818182,0.045454545454545456,0,Literal
0.5792349726775956,36.6,7.103825136612022,0.0,0.03825136612021858,17.38,17.48,0.0,0.0,0.0,4.19672131147541,183.0,5.0,20.507559581773744,0.1366120218579235,0.5901639344262295,4.863387978142076,1.5846994535519126,0.6174863387978142,0.1366120218579235,0.13114754098360656,0.0546448087431694,0.0,0.03825136612021858,2,Evaluative
0.49101796407185627,11.928571428571429,0.0,0.0,0.09580838323353294,2.98,4.77,0.0,0.0,0.0,3.155688622754491,167.0,14.0,2.9872176666180694,0.16167664670658682,0.6526946107784432,3.682634730538922,1.1796407185628743,0.7604790419161677,0.11976047904191617,0.023952095808383235,0.0,0.04790419161676647,0.04790419161676647,0,Literal
0.5263157894736842,27.142857142857142,2.1052631578947367,0.0,0.03684210526315789,10.21,11.7,0.0,0.0,0.0,3.9947368421052634,190.0,7.0,12.305631695633158,0.14210526315789473,0.6368421052631579,4.005263157894737,1.2894736842105263,0.7421052631578947,0.12105263157894737,0.06842105263157895,0.015789473684210527,0.02631578947368421,0.010526315789473684,0,Literal
0.559748427672956,7.571428571428571,0.0,0.0,0.012578616352201259,3.1,3.03,0.0,0.0,0.0,2.7358490566037736,159.0,21.0,4.304719763805532,0.25157232704402516,0.5408805031446541,4.19496855345912,1.3333333333333333,0.6163522012578616,0.18238993710691823,0.07547169811320754,0.031446540880503145,0.0,0.012578616352201259,0,Literal
0.6206896551724138,24.857142857142858,2.8735632183908044,0.0,0.022988505747126436,10.65,11.09,0.0,0.0,0.0,3.867816091954023,174.0,7.0,9.437225465664996,0.12643678160919541,0.6149425287356322,4.183908045977011,1.4022988505747127,0.7011494252873564,0.16666666666666666,0.07471264367816093,0.028735632183908046,0.0,0.022988505747126436,0,Literal
0.64,30.0,1.3333333333333335,0.0,0.02666666666666667,13.18,12.53,0.0,0.0,0.0,3.6866666666666665,150.0,5.0,17.05754964817632,0.10666666666666667,0.5733333333333334,4.3,1.4466666666666668,0.6933333333333334,0.16666666666666666,0.06,0.05333333333333334,0.0,0.02666666666666667,1,Inferential
0.5828571428571429,21.875,5.142857142857142,0.0,0.0,9.26,10.81,0.0,0.0,0.0,3.177142857142857,175.0,8.0,6.954090522850562,0.06857142857142857,0.6285714285714286,4.457142857142857,1.3828571428571428,0.7485714285714286,0.17142857142857143,0.05142857142857143,0.02857142857142857,0.0,0.0,0,Literal
0.6728395061728395,14.727272727272727,4.938271604938271,0.0,0.024691358024691357,6.47,7.87,0.0,0.0,0.0,3.425925925925926,162.0,11.0,8.560914448722585,0.16049382716049382,0.6234567901234568,4.41358024691358,1.382716049382716,0.6790123456790124,0.17901234567901234,0.06172839506172839,0.04938271604938271,0.006172839506172839,0.018518518518518517,0,Literal
0.6114285714285714,15.909090909090908,0.5714285714285714,0.0,0.04,5.99,6.59,0.0,0.0,0.0,3.422857142857143,175.0,11.0,12.434954731463792,0.13142857142857142,0.5942857142857143,4.022857142857143,1.302857142857143,0.7542857142857143,0.14285714285714285,0.011428571428571429,0.05142857142857143,0.0,0.04,0,Literal
0.6132596685082873,22.625,4.41988950276243,0.0,0.016574585635359115,10.31,10.82,0.0,0.0,0.0,3.088397790055249,181.0,8.0,10.18577439373168,0.0718232044198895,0.6408839779005525,4.49171270718232,1.4475138121546962,0.7182320441988951,0.17679558011049723,0.055248618784530384,0.03314917127071823,0.0,0.016574585635359115,0,Literal
0.5824175824175825,14.0,3.8461538461538463,0.0,0.08791208791208792,7.96,7.14,0.0,0.0,0.0,3.1538461538461537,182.0,13.0,8.337553172208755,0.11538461538461539,0.5714285714285714,4.736263736263736,1.532967032967033,0.6758241758241759,0.12637362637362637,0.04395604395604396,0.054945054945054944,0.0,0.08791208791208792,0,Literal
0.6178343949044586,26.166666666666668,6.369426751592357,0.0,0.07006369426751592,13.1,13.01,0.0,0.0,0.0,3.7961783439490446,157.0,6.0,10.392304845413264,0.17834394904458598,0.5031847133757962,4.853503184713376,1.5668789808917198,0.6050955414012739,0.1592356687898089,0.09554140127388536,0.05732484076433121,0.012738853503184714,0.05732484076433121,1,Inferential
0.5782312925170068,49.0,8.16326530612245,0.0,0.04081632653061224,22.38,22.87,0.0,0.0,0.0,4.197278911564626,147.0,3.0,10.708252269472673,0.12244897959183673,0.5782312925170068,4.863945578231292,1.598639455782313,0.5918367346938775,0.17006802721088435,0.10884353741496598,0.08843537414965986,0.006802721088435374,0.034013605442176874,2,Evaluative
0.6086956521739131,18.4,3.260869565217391,0.0,0.05434782608695652,7.88,8.66,0.0,0.0,0.0,3.3206521739130435,184.0,10.0,9.707728879609277,0.14130434782608695,0.5869565217391305,4.239130434782608,1.3804347826086956,0.7228260869565217,0.14673913043478262,0.03260869565217391,0.043478260869565216,0.02717391304347826,0.02717391304347826,0,Literal
0.62,20.0,0.5,0.0,0.035,7.31,8.2,0.0,0.0,0.0,3.115,200.0,10.0,8.478797084492587,0.11,0.58,4.17,1.28,0.68,0.17,0.07,0.03,0.01,0.025,0,Literal
0.6666666666666666,24.375,3.5897435897435894,0.0,0.07692307692307693,11.28,11.19,0.0,0.0,0.0,6.01025641025641,195.0,8.0,15.327671055969331,0.20512820512820512,0.558974358974359,4.512820512820513,1.471794871794872,0.6615384615384615,0.12307692307692308,0.10256410256410256,0.035897435897435895,0.015384615384615385,0.06153846153846154,0,Literal
0.6114285714285714,29.166666666666668,16.0,0.0,0.022857142857142857,18.31,18.07,0.0,0.0,0.0,3.4514285714285715,175.0,6.0,14.851112939963643,0.11428571428571428,0.49142857142857144,5.514285714285714,1.9085714285714286,0.5314285714285715,0.18857142857142858,0.13142857142857142,0.10857142857142857,0.005714285714285714,0.017142857142857144,2,Evaluative
0.6621621621621622,49.333333333333336,1.3513513513513513,0.0,0.033783783783783786,19.52,20.27,0.0,0.0,0.0,4.966216216216216,148.0,3.0,19.258475767539053,0.12162162162162163,0.6621621621621622,4.047297297297297,1.3445945945945945,0.7162162162162162,0.16216216216216217,0.05405405405405406,0.013513513513513514,0.006756756756756757,0.02702702702702703,2,Evaluative
0.6544502617801047,27.285714285714285,2.6178010471204187,0.0,0.04712041884816754,12.47,11.96,0.0,0.0,0.0,3.9162303664921465,191.0,7.0,12.917319491951218,0.1099476439790576,0.5130890052356021,4.5811518324607325,1.4764397905759161,0.6178010471204188,0.16753926701570682,0.08900523560209424,0.07329842931937172,0.015706806282722512,0.031413612565445025,1,Inferential
0.6145833333333334,19.2,1.5625,0.0,0.046875,6.89,8.3,0.0,0.0,0.0,4.307291666666667,192.0,10.0,10.402403568406678,0.234375,0.5833333333333334,3.9322916666666665,1.2708333333333333,0.7291666666666666,0.140625,0.057291666666666664,0.026041666666666668,0.010416666666666666,0.036458333333333336,0,Literal
0.5574712643678161,19.333333333333332,2.2988505747126435,0.0,0.08620689655172414,10.8,8.65,0.0,0.0,0.0,3.0919540229885056,174.0,9.0,8.406346808612327,0.09770114942528736,0.47126436781609193,4.64367816091954,1.5977011494252873,0.5804597701149425,0.10919540229885058,0.11494252873563218,0.07471264367816093,0.005747126436781609,0.08045977011494253,0,Literal
0.5644171779141104,13.583333333333334,1.2269938650306749,0.0,0.012269938650306749,5.42,5.92,0.0,0.0,0.0,3.2024539877300615,163.0,12.0,7.888106377466156,0.147239263803681,0.6503067484662577,3.852760736196319,1.3312883435582823,0.7852760736196319,0.1165644171779141,0.049079754601226995,0.03067484662576687,0.0,0.012269938650306749,0,Literal
0.6466666666666666,16.666666666666668,1.3333333333333335,0.0,0.06,6.25,7.2,0.0,0.0,0.0,4.253333333333333,150.0,9.0,12.569805089976535,0.19333333333333333,0.6,4.153333333333333,1.3,0.7,0.15333333333333332,0.04,0.04666666666666667,0.02666666666666667,0.03333333333333333,0,Literal
0.656441717791411,18.11111111111111,0.0,0.0,0.09202453987730061,6.02,7.24,0.0,0.0,0.0,4.208588957055214,163.0,9.0,11.503086005690864,0.15337423312883436,0.5950920245398773,3.914110429447853,1.2331288343558282,0.6625766871165644,0.17791411042944785,0.06134969325153374,0.006134969325153374,0.024539877300613498,0.06748466257668712,0,Literal
0.5326633165829145,18.09090909090909,3.5175879396984926,0.0,0.04020100502512563,8.78,8.64,0.0,0.0,0.0,3.7035175879396984,199.0,11.0,9.400193421607684,0.135678391959799,0.507537688442211,4.452261306532663,1.4673366834170853,0.5879396984924623,0.17587939698492464,0.12562814070351758,0.07035175879396985,0.0,0.04020100502512563,0,Literal
0.6348314606741573,44.5,1.1235955056179776,0.0,0.033707865168539325,16.28,18.25,0.0,0.0,0.0,4.724719101123595,178.0,4.0,17.151894939043906,0.1797752808988764,0.6404494382022472,3.764044943820225,1.2303370786516854,0.702247191011236,0.17415730337078653,0.06741573033707865,0.02247191011235955,0.0,0.033707865168539325,2,Evaluative
0.6547619047619048,18.666666666666668,4.166666666666666,0.0,0.08928571428571429,11.01,9.13,0.0,0.0,0.0,3.4226190476190474,168.0,9.0,4.8074017006186525,0.1130952380952381,0.4523809523809524,5.154761904761905,1.6369047619047619,0.5773809523809523,0.17857142857142858,0.07738095238095238,0.07142857142857142,0.017857142857142856,0.07142857142857142,0,Literal
0.6078431372549019,30.6,1.3071895424836601,0.0,0.0457516339869281,10.23,12.76,0.0,0.0,0.0,4.137254901960785,153.0,5.0,11.740528097151337,0.13071895424836602,0.6535947712418301,3.673202614379085,1.1764705882352942,0.7124183006535948,0.16339869281045752,0.06535947712418301,0.013071895424836602,0.0196078431372549,0.026143790849673203,0,Literal
0.7329842931937173,11.9375,1.5706806282722512,0.0,0.05235602094240838,6.18,5.4,0.0,0.0,0.0,3.392670157068063,191.0,16.0,5.429951657243368,0.19895287958115182,0.5706806282722513,4.403141361256544,1.450261780104712,0.7068062827225131,0.13612565445026178,0.08900523560209424,0.015706806282722512,0.010471204188481676,0.041884816753926704,0,Literal
0.615819209039548,19.666666666666668,9.03954802259887,0.0,0.07909604519774012,11.61,11.48,0.0,0.0,0.0,3.6610169491525424,177.0,9.0,14.212670403551895,0.12429378531073447,0.5141242937853108,4.909604519774011,1.655367231638418,0.4745762711864407,0.192090395480226,0.1694915254237288,0.07344632768361582,0.022598870056497175,0.05649717514124294,0,Literal
0.6275510204081632,12.25,1.530612244897959,0.0,0.04591836734693878,5.26,5.51,0.0,0.0,0.0,3.6530612244897958,196.0,16.0,5.80409338312195,0.25510204081632654,0.5867346938775511,4.301020408163265,1.3622448979591837,0.6989795918367347,0.14795918367346939,0.061224489795918366,0.03571428571428571,0.00510204081632653,0.04081632653061224,0,Literal
0.6666666666666666,17.7,2.2598870056497176,0.0,0.03389830508474576,7.38,7.98,0.0,0.0,0.0,3.367231638418079,177.0,10.0,6.165225056719341,0.1016949152542373,0.5480225988700564,4.5141242937853105,1.3615819209039548,0.711864406779661,0.13559322033898305,0.062146892655367235,0.03954802259887006,0.011299435028248588,0.022598870056497175,0,Literal
0.5738636363636364,25.142857142857142,10.227272727272728,0.0,0.022727272727272728,14.66,14.15,0.0,0.0,0.0,3.4431818181818183,176.0,7.0,12.589273049639019,0.125,0.4659090909090909,5.409090909090909,1.7329545454545454,0.5340909090909091,0.17613636363636365,0.17613636363636365,0.07386363636363637,0.011363636363636364,0.011363636363636364,1,Inferential
0.5443786982248521,8.45,0.0,0.0,0.005917159763313609,4.18,3.38,0.0,0.0,0.0,2.230769230769231,169.0,20.0,3.2167530212933664,0.14201183431952663,0.5621301775147929,4.159763313609467,1.3964497041420119,0.7810650887573964,0.10650887573964497,0.04142011834319527,0.011834319526627219,0.0,0.005917159763313609,0,Literal
0.5666666666666667,30.0,5.0,0.0,0.06111111111111111,14.86,14.0,0.0,0.0,0.0,5.05,180.0,6.0,10.253725610181348,0.2388888888888889,0.4777777777777778,4.822222222222222,1.5888888888888888,0.5833333333333334,0.2,0.08888888888888889,0.06666666666666667,0.027777777777777776,0.03333333333333333,1,Inferential
0.5238095238095238,24.0,1.7857142857142856,0.0,0.05952380952380952,10.84,10.31,0.0,0.0,0.0,3.6904761904761907,168.0,7.0,20.30783502161927,0.13095238095238096,0.5892857142857143,4.345238095238095,1.4464285714285714,0.6309523809523809,0.17857142857142858,0.09523809523809523,0.03571428571428571,0.0,0.05952380952380952,0,Literal
0.5955056179775281,17.8,2.247191011235955,0.0,0.0,8.92,8.02,0.0,0.0,0.0,3.0730337078651684,178.0,10.0,7.899367063252599,0.09550561797752809,0.5449438202247191,4.629213483146067,1.4887640449438202,0.7303370786516854,0.16292134831460675,0.08426966292134831,0.02247191011235955,0.0,0.0,0,Literal
0.6054421768707483,14.7,4.081632653061225,0.0,0.02040816326530612,7.08,7.51,0.0,0.0,0.0,2.9591836734693877,147.0,10.0,6.974238309665077,0.1292517006802721,0.6190476190476191,4.170068027210885,1.435374149659864,0.7074829931972789,0.19047619047619047,0.061224489795918366,0.013605442176870748,0.006802721088435374,0.013605442176870748,0,Literal
0.625,21.714285714285715,3.289473684210526,0.0,0.05921052631578947,10.73,10.0,0.0,0.0,0.0,3.4934210526315788,152.0,7.0,8.80630571852711,0.13157894736842105,0.4473684210526316,4.480263157894737,1.513157894736842,0.5855263157894737,0.2236842105263158,0.10526315789473684,0.02631578947368421,0.02631578947368421,0.03289473684210526,0,Literal
0.6065573770491803,30.5,9.836065573770492,0.0,0.01092896174863388,16.68,16.13,0.0,0.0,0.0,4.4863387978142075,183.0,6.0,8.173466556826153,0.12568306010928962,0.5409836065573771,5.076502732240437,1.726775956284153,0.6120218579234973,0.19672131147540983,0.10382513661202186,0.07650273224043716,0.0,0.01092896174863388,2,Evaluative
0.6428571428571429,15.4,0.6493506493506493,0.0,0.045454545454545456,3.9,6.42,0.0,0.0,0.0,4.214285714285714,154.0,10.0,7.940403012442126,0.2012987012987013,0.6493506493506493,3.668831168831169,1.1428571428571428,0.7532467532467533,0.11688311688311688,0.03896103896103896,0.045454545454545456,0.006493506493506494,0.03896103896103896,0,Literal
0.7152777777777778,18.0,2.083333333333333,0.0,0.13194444444444445,8.56,8.03,0.0,0.0,0.0,3.0555555555555554,144.0,8.0,5.979130371550699,0.14583333333333334,0.5208333333333334,4.548611111111111,1.4513888888888888,0.5833333333333334,0.20833333333333334,0.04861111111111111,0.027777777777777776,0.013888888888888888,0.11805555555555555,0,Literal
0.6612021857923497,30.5,13.114754098360656,0.0,0.0546448087431694,18.55,17.45,0.0,0.0,0.0,3.92896174863388,183.0,6.0,14.83988619303471,0.14754098360655737,0.3989071038251366,5.448087431693989,1.8852459016393444,0.4262295081967213,0.26229508196721313,0.17486338797814208,0.08196721311475409,0.02185792349726776,0.03278688524590164,2,Evaluative
0.6564102564102564,19.5,3.076923076923077,0.0,0.041025641025641026,8.96,9.03,0.0,0.0,0.0,3.312820512820513,195.0,10.0,9.60260381354974,0.11282051282051282,0.558974358974359,4.384615384615385,1.435897435897436,0.6717948717948717,0.1282051282051282,0.09743589743589744,0.05641025641025641,0.005128205128205128,0.035897435897435895,0,Literal
0.5478723404255319,20.88888888888889,3.1914893617021276,0.0,0.047872340425531915,10.76,9.63,0.0,0.0,0.0,3.3297872340425534,188.0,9.0,8.646700648152764,0.19148936170212766,0.5053191489361702,4.797872340425532,1.5425531914893618,0.6063829787234043,0.1702127659574468,0.11702127659574468,0.05319148936170213,0.005319148936170213,0.0425531914893617,0,Literal
0.5230769230769231,24.375,0.5128205128205128,0.0,0.010256410256410256,7.23,9.96,0.0,0.0,0.0,4.528205128205128,195.0,8.0,6.123724356957945,0.26666666666666666,0.6820512820512821,3.5589743589743588,1.1282051282051282,0.764102564102564,0.19487179487179487,0.02564102564102564,0.005128205128205128,0.0,0.010256410256410256,0,Literal
0.6832298136645962,26.833333333333332,3.7267080745341614,0.0,0.055900621118012424,12.25,12.22,0.0,0.0,0.0,4.453416149068323,161.0,6.0,5.7566386797235145,0.19254658385093168,0.4968944099378882,4.6645962732919255,1.4720496894409938,0.6149068322981367,0.14285714285714285,0.08695652173913043,0.09316770186335403,0.018633540372670808,0.037267080745341616,1,Inferential
0.5714285714285714,70.0,7.857142857142857,0.0,0.02142857142857143,29.75,31.14,0.0,0.0,0.0,5.257142857142857,140.0,2.0,22.0,0.17142857142857143,0.6,4.692857142857143,1.5285714285714285,0.65,0.20714285714285716,0.06428571428571428,0.05714285714285714,0.0,0.02142857142857143,2,Evaluative
0.5581395348837209,10.75,0.5813953488372093,0.0,0.09302325581395349,8.02,4.53,0.0,0.0,0.0,2.645348837209302,172.0,16.0,4.085033659592048,0.12209302325581395,0.5058139534883721,4.738372093023256,1.6453488372093024,0.5348837209302325,0.19767441860465115,0.08139534883720931,0.0872093023255814,0.029069767441860465,0.06395348837209303,0,Literal
0.632768361581921,29.5,1.694915254237288,0.0,0.03954802259887006,12.11,12.48,0.0,0.0,0.0,5.062146892655368,177.0,6.0,7.593857166596345,0.1694915254237288,0.5819209039548022,4.186440677966102,1.3728813559322033,0.6271186440677966,0.1807909604519774,0.10734463276836158,0.03954802259887006,0.0,0.03954802259887006,1,Inferential
0.6521739130434783,20.444444444444443,5.978260869565218,0.0,0.05434782608695652,11.75,10.57,0.0,0.0,0.0,4.195652173913044,184.0,9.0,16.56711006188071,0.16304347826086957,0.4782608695652174,5.010869565217392,1.641304347826087,0.5434782608695652,0.18478260869565216,0.1358695652173913,0.08152173913043478,0.005434782608695652,0.04891304347826087,0,Literal
0.7037037037037037,27.0,1.2345679012345678,0.0,0.06172839506172839,10.75,11.29,0.0,0.0,0.0,4.783950617283951,162.0,6.0,6.986097305044895,0.22839506172839505,0.5679012345679012,4.234567901234568,1.3395061728395061,0.7160493827160493,0.12962962962962962,0.07407407407407407,0.018518518518518517,0.012345679012345678,0.04938271604938271,0,Literal
0.5308641975308642,20.25,4.938271604938271,0.0,0.043209876543209874,10.3,10.08,0.0,0.0,0.0,3.376543209876543,162.0,8.0,7.114026637566098,0.12962962962962962,0.5123456790123457,4.3580246913580245,1.5246913580246915,0.6234567901234568,0.10493827160493827,0.16049382716049382,0.04938271604938271,0.012345679012345678,0.030864197530864196,0,Literal
0.7192982456140351,15.545454545454545,1.7543859649122806,0.0,0.04678362573099415,6.62,6.92,0.0,0.0,0.0,3.8362573099415203,171.0,11.0,10.525058646113674,0.17543859649122806,0.5146198830409356,4.286549707602339,1.368421052631579,0.695906432748538,0.12280701754385964,0.04678362573099415,0.07017543859649122,0.0,0.04678362573099415,0,Literal
0.6180904522613065,16.583333333333332,3.5175879396984926,0.0,0.04522613065326633,8.79,8.04,0.0,0.0,0.0,3.9145728643216082,199.0,12.0,9.768145508061735,0.1306532663316583,0.5678391959798995,4.628140703517588,1.5175879396984924,0.6934673366834171,0.135678391959799,0.10050251256281408,0.02512562814070352,0.010050251256281407,0.035175879396984924,0,Literal
0.49044585987261147,31.4,0.0,0.0,0.0,12.44,12.56,0.0,0.0,0.0,4.044585987261146,157.0,5.0,14.845874847916509,0.1592356687898089,0.6942675159235668,4.025477707006369,1.3375796178343948,0.7770700636942676,0.12101910828025478,0.06369426751592357,0.012738853503184714,0.0,0.0,1,Inferential
0.6178010471204188,31.833333333333332,0.0,0.0,0.05759162303664921,11.71,12.73,0.0,0.0,0.0,3.764397905759162,191.0,6.0,17.05302188925926,0.1099476439790576,0.5602094240837696,4.020942408376963,1.2617801047120418,0.6701570680628273,0.14659685863874344,0.06282722513089005,0.05759162303664921,0.010471204188481676,0.04712041884816754,0,Literal
0.5251396648044693,17.9,7.262569832402235,0.0,0.03910614525139665,10.05,10.07,0.0,0.0,0.0,3.4134078212290504,179.0,10.0,7.368174807915459,0.18435754189944134,0.5418994413407822,4.648044692737431,1.5810055865921788,0.6033519553072626,0.16759776536312848,0.055865921787709494,0.12849162011173185,0.027932960893854747,0.0111731843575419,0,Literal
0.5761589403973509,18.875,4.635761589403973,0.0,0.0728476821192053,9.43,9.4,0.0,0.0,0.0,2.947019867549669,151.0,8.0,5.861687043846677,0.10596026490066225,0.48344370860927155,4.582781456953643,1.4966887417218544,0.5761589403973509,0.11920529801324503,0.08609271523178808,0.1390728476821192,0.013245033112582781,0.059602649006622516,0,Literal
0.6754966887417219,21.571428571428573,5.298013245033113,0.0,0.06622516556291391,10.95,10.75,0.0,0.0,0.0,3.774834437086093,151.0,7.0,13.801804082016503,0.1456953642384106,0.5761589403973509,4.6490066225165565,1.5364238410596027,0.6357615894039735,0.15894039735099338,0.0728476821192053,0.052980132450331126,0.006622516556291391,0.059602649006622516,0,Literal
0.6554054054054054,37.0,6.081081081081082,0.0,0.0472972972972973,15.82,17.23,0.0,0.0,0.0,5.121621621621622,148.0,4.0,29.877876430563134,0.16216216216216217,0.5405405405405406,4.52027027027027,1.4391891891891893,0.6621621621621622,0.1554054054054054,0.07432432432432433,0.060810810810810814,0.013513513513513514,0.033783783783783786,2,Evaluative
0.6702127659574468,31.333333333333332,3.723404255319149,0.0,0.05319148936170213,12.26,14.02,0.0,0.0,0.0,4.23404255319149,188.0,6.0,17.461863207191456,0.18085106382978725,0.5372340425531915,4.398936170212766,1.324468085106383,0.6542553191489362,0.1276595744680851,0.0797872340425532,0.07446808510638298,0.005319148936170213,0.047872340425531915,1,Inferential
0.5988700564971752,44.25,1.1299435028248588,0.0,0.02824858757062147,16.93,18.15,0.0,0.0,0.0,4.0508474576271185,177.0,4.0,11.121488209767612,0.12429378531073447,0.6214689265536724,4.1525423728813555,1.2937853107344632,0.7853107344632768,0.07344632768361582,0.07344632768361582,0.03389830508474576,0.0,0.02824858757062147,2,Evaluative
0.6984924623115578,22.11111111111111,4.0201005025125625,0.0,0.035175879396984924,9.87,10.45,0.0,0.0,0.0,4.291457286432161,199.0,9.0,11.490199796262234,0.1708542713567839,0.5226130653266332,4.346733668341709,1.4271356783919598,0.6532663316582915,0.1708542713567839,0.07035175879396985,0.07035175879396985,0.0,0.035175879396984924,0,Literal
0.5376884422110553,19.9,11.557788944723619,0.0,0.08542713567839195,9.54,12.58,0.0,0.0,0.0,3.1105527638190953,199.0,10.0,8.814193099768122,0.12562814070351758,0.5728643216080402,4.688442211055277,1.4723618090452262,0.7537688442211056,0.10552763819095477,0.03015075376884422,0.010050251256281407,0.0,0.08542713567839195,0,Literal
0.6211180124223602,20.125,11.180124223602485,0.0,0.07453416149068323,13.73,12.52,0.0,0.0,0.0,3.248447204968944,161.0,8.0,8.99913190257816,0.09316770186335403,0.484472049689441,5.422360248447205,1.8198757763975155,0.484472049689441,0.2795031055900621,0.12422360248447205,0.037267080745341616,0.031055900621118012,0.043478260869565216,1,Inferential
0.6433566433566433,23.833333333333332,10.48951048951049,0.0,0.08391608391608392,15.32,13.73,0.0,0.0,0.0,3.7202797202797204,143.0,6.0,12.54325848148452,0.17482517482517482,0.44755244755244755,5.230769230769231,1.832167832167832,0.5384615384615384,0.13986013986013987,0.13986013986013987,0.055944055944055944,0.02097902097902098,0.06293706293706294,2,Evaluative
0.6560509554140127,19.625,2.547770700636943,0.0,0.012738853503184714,7.17,8.87,0.0,0.0,0.0,3.770700636942675,157.0,8.0,12.180286326683786,0.1910828025477707,0.5859872611464968,4.019108280254777,1.2802547770700636,0.7006369426751592,0.17834394904458598,0.08917197452229299,0.01910828025477707,0.0,0.012738853503184714,0,Literal
0.7034482758620689,29.0,2.7586206896551726,0.0,0.06896551724137931,12.24,12.7,0.0,0.0,0.0,4.296551724137931,145.0,5.0,9.350935782048767,0.1724137931034483,0.5172413793103449,4.593103448275862,1.4,0.696551724137931,0.09655172413793103,0.06206896551724138,0.07586206896551724,0.020689655172413793,0.04827586206896552,1,Inferential
0.5668449197860963,14.384615384615385,4.27807486631016,0.0,0.0213903743315508,7.18,7.47,0.0,0.0,0.0,3.427807486631016,187.0,13.0,7.333960884032632,0.1657754010695187,0.5775401069518716,4.4866310160427805,1.4545454545454546,0.6844919786096256,0.1711229946524064,0.0748663101604278,0.0481283422459893,0.0053475935828877,0.016042780748663103,0,Literal
0.5815602836879432,10.846153846153847,1.4184397163120568,0.0,0.028368794326241134,3.12,4.91,0.0,0.0,0.0,4.00709219858156,141.0,13.0,5.817744738827396,0.40425531914893614,0.6028368794326241,3.645390070921986,1.2269503546099292,0.8085106382978723,0.09219858156028368,0.02127659574468085,0.0425531914893617,0.0070921985815602835,0.02127659574468085,0,Literal
0.6935483870967742,23.25,3.225806451612903,0.0,0.08064516129032258,11.24,10.59,0.0,0.0,0.0,4.198924731182796,186.0,8.0,7.680128579652817,0.17204301075268819,0.521505376344086,4.462365591397849,1.5053763440860215,0.6021505376344086,0.16129032258064516,0.0913978494623656,0.05913978494623656,0.016129032258064516,0.06451612903225806,0,Literal
0.48186528497409326,27.571428571428573,2.5906735751295336,0.0,0.05181347150259067,12.28,12.06,0.0,0.0,0.0,3.1139896373056994,193.0,7.0,7.953949089757174,0.08808290155440414,0.5647668393782384,4.27979274611399,1.450777202072539,0.6113989637305699,0.12953367875647667,0.12953367875647667,0.07772020725388601,0.015544041450777202,0.03626943005181347,1,Inferential
0.65,22.857142857142858,1.25,0.0,0.00625,8.81,9.64,0.0,0.0,0.0,3.425,160.0,7.0,4.15515416349971,0.13125,0.50625,4.48125,1.3125,0.575,0.2125,0.1375,0.06875,0.0,0.00625,0,Literal
0.5740740740740741,23.142857142857142,3.0864197530864197,0.0,0.07407407407407407,10.41,10.49,0.0,0.0,0.0,4.209876543209877,162.0,7.0,8.845614617378697,0.1419753086419753,0.4506172839506173,4.462962962962963,1.4382716049382716,0.5,0.12962962962962962,0.2222222222222222,0.07407407407407407,0.024691358024691357,0.04938271604938271,0,Literal
0.5868263473053892,27.833333333333332,7.18562874251497,0.0,0.05389221556886228,15.33,14.01,0.0,0.0,0.0,3.874251497005988,167.0,6.0,12.618328820498467,0.11377245508982035,0.5209580838323353,5.149700598802395,1.7005988023952097,0.5449101796407185,0.15568862275449102,0.11377245508982035,0.10179640718562874,0.011976047904191617,0.041916167664670656,2,Evaluative
0.6153846153846154,9.578947368421053,3.8461538461538463,0.0,0.04395604395604396,8.37,5.37,0.0,0.0,0.0,2.791208791208791,182.0,19.0,4.9736145915484,0.14285714285714285,0.4065934065934066,5.016483516483516,1.7142857142857142,0.5494505494505495,0.18681318681318682,0.14285714285714285,0.07142857142857142,0.0,0.04395604395604396,0,Literal
0.5519125683060109,16.636363636363637,4.371584699453552,0.0,0.03825136612021858,8.95,8.4,0.0,0.0,0.0,3.010928961748634,183.0,11.0,7.666606779021096,0.12021857923497267,0.546448087431694,4.60655737704918,1.530054644808743,0.644808743169399,0.2185792349726776,0.07103825136612021,0.0273224043715847,0.00546448087431694,0.03278688524590164,0,Literal
0.591715976331361,24.142857142857142,0.591715976331361,0.0,0.03550295857988166,8.14,9.89,0.0,0.0,0.0,4.094674556213017,169.0,7.0,12.103296902842933,0.17159763313609466,0.6272189349112426,3.834319526627219,1.21301775147929,0.7514792899408284,0.14792899408284024,0.029585798816568046,0.03550295857988166,0.0,0.03550295857988166,0,Literal
0.5124378109452736,11.823529411764707,1.9900497512437811,0.0,0.014925373134328358,4.75,5.53,0.0,0.0,0.0,3.0597014925373136,201.0,17.0,6.476467916866468,0.15422885572139303,0.7064676616915423,4.054726368159204,1.3333333333333333,0.7611940298507462,0.13432835820895522,0.04477611940298507,0.029850746268656716,0.004975124378109453,0.009950248756218905,0,Literal
0.525,20.0,3.125,0.0,0.04375,10.35,9.25,0.0,0.0,0.0,3.93125,160.0,8.0,6.279928343540235,0.1875,0.50625,4.7625,1.5375,0.59375,0.28125,0.01875,0.0625,0.0,0.04375,0,Literal
0.7371428571428571,19.444444444444443,6.857142857142858,0.0,0.03428571428571429,12.96,10.52,0.0,0.0,0.0,3.3085714285714287,175.0,9.0,4.210510071443648,0.09142857142857143,0.52,5.308571428571429,1.7771428571428571,0.5828571428571429,0.15428571428571428,0.1657142857142857,0.06285714285714286,0.011428571428571429,0.022857142857142857,1,Inferential
0.6833333333333333,16.363636363636363,1.6666666666666667,0.0,0.06111111111111111,7.12,7.21,0.0,0.0,0.0,3.4444444444444446,180.0,11.0,9.68085782689028,0.14444444444444443,0.6111111111111112,4.2,1.3833333333333333,0.6833333333333333,0.13333333333333333,0.09444444444444444,0.022222222222222223,0.011111111111111112,0.05,0,Literal
0.5928571428571429,8.235294117647058,0.0,0.0,0.0,2.62,3.29,0.0,0.0,0.0,2.335714285714286,140.0,17.0,2.3646766167343274,0.15,0.5071428571428571,3.9571428571428573,1.2714285714285714,0.7785714285714286,0.12857142857142856,0.05714285714285714,0.03571428571428571,0.0,0.0,0,Literal
0.6480446927374302,22.375,7.262569832402235,0.0,0.055865921787709494,13.18,11.86,0.0,0.0,0.0,3.564245810055866,179.0,8.0,8.440971508067067,0.1564245810055866,0.4972067039106145,5.022346368715084,1.6983240223463687,0.553072625698324,0.18994413407821228,0.1340782122905028,0.055865921787709494,0.01675977653631285,0.03910614525139665,1,Inferential
0.6631578947368421,38.0,6.315789473684211,0.0,0.015789473684210527,16.06,17.73,0.0,0.0,0.0,4.015789473684211,190.0,5.0,13.549907748763458,0.09473684210526316,0.6052631578947368,4.505263157894737,1.4263157894736842,0.7263157894736842,0.08947368421052632,0.13157894736842105,0.03684210526315789,0.0,0.015789473684210527,2,Evaluative
0.5833333333333334,13.846153846153847,5.0,0.0,0.016666666666666666,7.05,7.54,0.0,0.0,0.0,3.2555555555555555,180.0,13.0,9.132813587480511,0.17777777777777778,0.6611111111111111,4.216666666666667,1.461111111111111,0.7,0.18888888888888888,0.05,0.03888888888888889,0.0,0.016666666666666666,0,Literal
0.5536723163841808,25.285714285714285,5.649717514124294,0.0,0.0,10.87,12.37,0.0,0.0,0.0,3.7401129943502824,177.0,7.0,6.5621051873462015,0.12994350282485875,0.5536723163841808,4.491525423728813,1.4067796610169492,0.6666666666666666,0.192090395480226,0.11299435028248588,0.02824858757062147,0.0,0.0,0,Literal
0.6585365853658537,20.5,3.048780487804878,0.0,0.04878048780487805,9.46,9.42,0.0,0.0,0.0,3.567073170731707,164.0,8.0,8.045767520877048,0.1402439024390244,0.573170731707317,4.359756097560975,1.4451219512195121,0.6524390243902439,0.13414634146341464,0.10975609756097561,0.054878048780487805,0.006097560975609756,0.042682926829268296,0,Literal
0.5808080808080808,24.75,0.5050505050505051,0.0,0.020202020202020204,9.56,10.1,0.0,0.0,0.0,3.8737373737373737,198.0,8.0,11.680646386223666,0.11616161616161616,0.5202020202020202,4.171717171717172,1.3131313131313131,0.6111111111111112,0.2222222222222222,0.09595959595959595,0.050505050505050504,0.0,0.020202020202020204,0,Literal
0.5536723163841808,17.7,3.954802259887006,0.0,0.01694915254237288,9.11,8.66,0.0,0.0,0.0,3.610169491525424,177.0,10.0,11.118003417880388,0.11864406779661017,0.5988700564971752,4.31638418079096,1.5084745762711864,0.6949152542372882,0.11864406779661017,0.1016949152542373,0.06779661016949153,0.0,0.01694915254237288,0,Literal
0.7277486910994765,11.9375,2.6178010471204187,0.0,0.08376963350785341,6.43,5.82,0.0,0.0,0.0,3.345549738219895,191.0,16.0,10.141961102272084,0.19895287958115182,0.5602094240837696,4.591623036649215,1.4712041884816753,0.5916230366492147,0.18324607329842932,0.06806282722513089,0.07329842931937172,0.020942408376963352,0.06282722513089005,0,Literal
0.6545454545454545,23.571428571428573,6.666666666666667,0.0,0.05454545454545454,10.69,12.1,0.0,0.0,0.0,3.4060606060606062,165.0,7.0,7.23934826246853,0.11515151515151516,0.5696969696969697,4.424242424242424,1.4484848484848485,0.6727272727272727,0.15151515151515152,0.07878787878787878,0.04242424242424243,0.012121212121212121,0.04242424242424243,0,Literal
0.553072625698324,19.88888888888889,2.2346368715083798,0.0,0.05027932960893855,8.65,8.85,0.0,0.0,0.0,4.189944134078212,179.0,9.0,9.064923579720507,0.15083798882681565,0.5921787709497207,4.217877094972067,1.3966480446927374,0.6815642458100558,0.15083798882681565,0.09497206703910614,0.0111731843575419,0.0,0.05027932960893855,0,Literal
0.5833333333333334,12.0,1.3888888888888888,0.0,0.027777777777777776,3.18,5.36,0.0,0.0,0.0,3.4027777777777777,144.0,12.0,6.909634979907084,0.2152777777777778,0.6597222222222222,3.7291666666666665,1.1944444444444444,0.6944444444444444,0.1875,0.05555555555555555,0.034722222222222224,0.0,0.027777777777777776,0,Literal
0.7090909090909091,16.5,1.2121212121212122,0.0,0.05454545454545454,7.29,7.08,0.0,0.0,0.0,3.2484848484848485,165.0,10.0,6.974238309665077,0.1696969696969697,0.47878787878787876,4.581818181818182,1.393939393939394,0.6303030303030303,0.1696969696969697,0.10909090909090909,0.03636363636363636,0.012121212121212121,0.04242424242424243,0,Literal
0.5970149253731343,13.4,7.462686567164178,0.0,0.03980099502487562,8.95,8.35,0.0,0.0,0.0,2.9950248756218905,201.0,15.0,8.782305442700618,0.14925373134328357,0.5572139303482587,4.945273631840796,1.63681592039801,0.5771144278606966,0.20398009950248755,0.11940298507462686,0.05970149253731343,0.004975124378109453,0.03482587064676617,0,Literal
0.6122448979591837,18.375,3.4013605442176873,0.0,0.02040816326530612,8.11,8.71,0.0,0.0,0.0,3.3945578231292517,147.0,8.0,8.184398267435427,0.10884353741496598,0.673469387755102,4.170068027210885,1.401360544217687,0.6530612244897959,0.16326530612244897,0.09523809523809523,0.06802721088435375,0.006802721088435374,0.013605442176870748,0,Literal
0.628140703517588,28.428571428571427,3.5175879396984926,0.0,0.05025125628140704,12.69,12.78,0.0,0.0,0.0,3.959798994974874,199.0,7.0,13.823966175317652,0.1457286432160804,0.5678391959798995,4.477386934673367,1.4572864321608041,0.6080402010050251,0.19095477386934673,0.12060301507537688,0.02512562814070352,0.03015075376884422,0.020100502512562814,1,Inferential
0.6486486486486487,26.428571428571427,3.783783783783784,0.0,0.02702702702702703,12.0,12.08,0.0,0.0,0.0,3.864864864864865,185.0,7.0,18.904701931055165,0.12972972972972974,0.5783783783783784,4.556756756756757,1.4648648648648648,0.6594594594594595,0.22702702702702704,0.06486486486486487,0.021621621621621623,0.005405405405405406,0.021621621621621623,1,Inferential
0.5621301775147929,28.166666666666668,4.733727810650888,0.0,0.011834319526627219,11.52,13.16,0.0,0.0,0.0,4.3609467455621305,169.0,6.0,15.571519586161854,0.13609467455621302,0.6094674556213018,4.4674556213017755,1.3668639053254439,0.727810650887574,0.14792899408284024,0.07100591715976332,0.04142011834319527,0.0,0.011834319526627219,0,Literal
0.5414364640883977,25.857142857142858,7.734806629834254,0.0,0.03314917127071823,15.1,13.44,0.0,0.0,0.0,3.320441988950276,181.0,7.0,12.079667518062687,0.11049723756906077,0.49171270718232046,5.248618784530387,1.7458563535911602,0.47513812154696133,0.15469613259668508,0.30386740331491713,0.03314917127071823,0.0055248618784530384,0.027624309392265192,2,Evaluative
0.5828571428571429,25.0,1.1428571428571428,0.0,0.022857142857142857,8.79,10.46,0.0,0.0,0.0,4.8742857142857146,175.0,7.0,9.086882225022428,0.18285714285714286,0.6228571428571429,3.9085714285714284,1.24,0.6742857142857143,0.2,0.08,0.022857142857142857,0.011428571428571429,0.011428571428571429,0,Literal
0.5869565217391305,23.0,6.521739130434782,0.0,0.07608695652173914,12.23,11.81,0.0,0.0,0.0,3.25,184.0,8.0,6.4408365139941255,0.10869565217391304,0.41847826086956524,4.989130434782608,1.5978260869565217,0.42934782608695654,0.20108695652173914,0.20652173913043478,0.08152173913043478,0.010869565217391304,0.06521739130434782,1,Inferential
0.6042780748663101,15.583333333333334,8.02139037433155,0.0,0.03208556149732621,7.59,9.44,0.0,0.0,0.0,3.299465240641711,187.0,12.0,7.783083507767913,0.11229946524064172,0.6631016042780749,4.25668449197861,1.4491978609625669,0.6844919786096256,0.1711229946524064,0.0748663101604278,0.0374331550802139,0.0,0.03208556149732621,0,Literal
0.6710526315789473,16.88888888888889,3.289473684210526,0.0,0.02631578947368421,6.29,8.07,0.0,0.0,0.0,3.960526315789474,152.0,9.0,9.150322128850348,0.2236842105263158,0.625,3.9473684210526314,1.2960526315789473,0.756578947368421,0.13157894736842105,0.046052631578947366,0.039473684210526314,0.0,0.02631578947368421,0,Literal
0.6764705882352942,28.333333333333332,5.294117647058823,0.0,0.058823529411764705,13.37,13.45,0.0,0.0,0.0,4.070588235294117,170.0,6.0,13.13709759929237,0.13529411764705881,0.6,4.635294117647059,1.5176470588235293,0.6294117647058823,0.18235294117647058,0.08235294117647059,0.041176470588235294,0.011764705882352941,0.047058823529411764,1,Inferential
0.5921787709497207,10.529411764705882,2.2346368715083798,0.0,0.01675977653631285,3.02,5.11,0.0,0.0,0.0,3.5810055865921786,179.0,17.0,14.188059700405963,0.2569832402234637,0.5977653631284916,3.9608938547486034,1.229050279329609,0.7150837988826816,0.1787709497206704,0.07262569832402235,0.01675977653631285,0.0111731843575419,0.00558659217877095,0,Literal
0.5684931506849316,24.333333333333332,8.904109589041095,0.0,0.0410958904109589,14.51,13.29,0.0,0.0,0.0,3.2260273972602738,146.0,6.0,8.900686615212459,0.0958904109589041,0.4383561643835616,5.089041095890411,1.7465753424657535,0.5205479452054794,0.1232876712328767,0.21232876712328766,0.10273972602739725,0.02054794520547945,0.02054794520547945,1,Inferential
0.6275862068965518,20.714285714285715,8.96551724137931,0.0,0.013793103448275862,13.32,11.87,0.0,0.0,0.0,3.0,145.0,7.0,11.99829919919775,0.11724137931034483,0.4827586206896552,5.144827586206897,1.7655172413793103,0.46206896551724136,0.20689655172413793,0.15862068965517243,0.15862068965517243,0.006896551724137931,0.006896551724137931,1,Inferential
0.5857988165680473,18.77777777777778,7.100591715976331,0.0,0.0,11.84,10.35,0.0,0.0,0.0,3.7159763313609466,169.0,9.0,8.029267451173185,0.14792899408284024,0.4970414201183432,5.218934911242603,1.7041420118343196,0.5207100591715976,0.23668639053254437,0.1834319526627219,0.05325443786982249,0.0,0.0,0,Literal
0.5033112582781457,8.38888888888889,2.6490066225165565,0.0,0.046357615894039736,1.83,4.42,0.0,0.0,0.0,2.8211920529801326,151.0,18.0,2.1638157882389386,0.1986754966887417,0.5761589403973509,3.8940397350993377,1.1986754966887416,0.7615894039735099,0.12582781456953643,0.052980132450331126,0.006622516556291391,0.0,0.046357615894039736,0,Literal
0.4606741573033708,13.692307692307692,4.49438202247191,0.0,0.0056179775280898875,6.12,7.27,0.0,0.0,0.0,3.438202247191011,178.0,13.0,11.411091873763846,0.1853932584269663,0.6179775280898876,4.112359550561798,1.3876404494382022,0.7247191011235955,0.10674157303370786,0.06741573033707865,0.09550561797752809,0.0,0.0056179775280898875,0,Literal
0.660377358490566,26.5,9.433962264150944,0.0,0.006289308176100629,15.01,14.37,0.0,0.0,0.0,4.289308176100629,159.0,6.0,11.67618659209133,0.1320754716981132,0.5283018867924528,4.981132075471698,1.7169811320754718,0.6352201257861635,0.18238993710691823,0.0880503144654088,0.07547169811320754,0.0,0.006289308176100629,2,Evaluative
0.668918918918919,12.333333333333334,4.72972972972973,0.0,0.05405405405405406,6.76,6.83,0.0,0.0,0.0,3.472972972972973,148.0,12.0,7.831560082980487,0.19594594594594594,0.40540540540540543,4.513513513513513,1.4864864864864864,0.5675675675675675,0.08108108108108109,0.13513513513513514,0.16216216216216217,0.006756756756756757,0.0472972972972973,0,Literal
0.6384180790960452,29.5,0.5649717514124294,0.0,0.05084745762711865,11.11,12.03,0.0,0.0,0.0,4.68361581920904,177.0,6.0,5.580223014261069,0.2033898305084746,0.5480225988700564,4.141242937853107,1.2881355932203389,0.7062146892655368,0.11864406779661017,0.06779661016949153,0.02824858757062147,0.011299435028248588,0.03954802259887006,0,Literal
0.6923076923076923,12.0,10.897435897435898,0.0,0.14102564102564102,10.42,9.16,0.0,0.0,0.0,2.9551282051282053,156.0,13.0,5.24771012332632,0.21794871794871795,0.48717948717948717,5.4743589743589745,1.8076923076923077,0.5128205128205128,0.1346153846153846,0.14743589743589744,0.02564102564102564,0.00641025641025641,0.1346153846153846,0,Literal
0.5882352941176471,10.2,0.0,0.0,0.032679738562091505,1.96,4.08,0.0,0.0,0.0,2.7777777777777777,153.0,15.0,4.749736834815167,0.1503267973856209,0.6928104575163399,3.6862745098039214,1.1503267973856208,0.8104575163398693,0.0915032679738562,0.0196078431372549,0.0457516339869281,0.0,0.032679738562091505,0,Literal
0.4858757062146893,19.666666666666668,2.2598870056497176,0.0,0.011299435028248588,8.48,8.77,0.0,0.0,0.0,3.2655367231638417,177.0,9.0,5.291502622129181,0.11864406779661017,0.5706214689265536,4.322033898305085,1.3898305084745763,0.7909604519774012,0.10734463276836158,0.07344632768361582,0.01694915254237288,0.0,0.011299435028248588,0,Literal
0.5605095541401274,22.428571428571427,3.1847133757961785,0.0,0.0,9.77,10.25,0.0,0.0,0.0,3.1019108280254777,157.0,7.0,3.7688302737922625,0.10191082802547771,0.5987261146496815,4.445859872611465,1.4076433121019107,0.7515923566878981,0.12101910828025478,0.12101910828025478,0.006369426751592357,0.0,0.0,0,Literal
0.5569620253164557,26.333333333333332,1.89873417721519,0.0,0.06329113924050633,11.04,11.29,0.0,0.0,0.0,4.860759493670886,158.0,6.0,11.647603473104098,0.14556962025316456,0.5949367088607594,4.291139240506329,1.3860759493670887,0.6392405063291139,0.1962025316455696,0.056962025316455694,0.04430379746835443,0.012658227848101266,0.05063291139240506,0,Literal
0.6058394160583942,22.833333333333332,3.64963503649635,0.0,0.021897810218978103,9.68,10.59,0.0,0.0,0.0,3.795620437956204,137.0,6.0,8.976822006330154,0.17518248175182483,0.5474452554744526,4.576642335766423,1.3868613138686132,0.583941605839416,0.145985401459854,0.16058394160583941,0.08029197080291971,0.0,0.021897810218978103,0,Literal
0.6184971098265896,19.22222222222222,1.1560693641618496,0.0,0.08092485549132948,6.98,8.15,0.0,0.0,0.0,3.30635838150289,173.0,9.0,11.079956322060363,0.15606936416184972,0.5606936416184971,4.2601156069364166,1.277456647398844,0.5953757225433526,0.1676300578034682,0.09248554913294797,0.06358381502890173,0.005780346820809248,0.07514450867052024,0,Literal
0.6820512820512821,17.727272727272727,4.615384615384616,0.0,0.06153846153846154,10.08,8.94,0.0,0.0,0.0,4.579487179487179,195.0,11.0,16.789410279121217,0.15384615384615385,0.5384615384615384,4.676923076923077,1.5897435897435896,0.5282051282051282,0.23076923076923078,0.11794871794871795,0.05641025641025641,0.010256410256410256,0.05128205128205128,0,Literal
0.6923076923076923,28.6,3.4965034965034967,0.0,0.06993006993006994,13.39,12.84,0.0,0.0,0.0,3.9510489510489513,143.0,5.0,8.73155198117723,0.16783216783216784,0.5874125874125874,4.664335664335664,1.5104895104895104,0.5804195804195804,0.16783216783216784,0.0979020979020979,0.08391608391608392,0.013986013986013986,0.055944055944055944,1,Inferential
0.5879396984924623,28.428571428571427,1.507537688442211,0.0,0.02512562814070352,10.56,11.97,0.0,0.0,0.0,3.8341708542713566,199.0,7.0,7.270291799999699,0.10552763819095477,0.5879396984924623,3.949748743718593,1.2763819095477387,0.7487437185929648,0.1507537688442211,0.05025125628140704,0.02512562814070352,0.010050251256281407,0.01507537688442211,0,Literal
0.554945054945055,18.2,0.5494505494505495,0.0,0.027472527472527472,4.93,7.5,0.0,0.0,0.0,3.2252747252747254,182.0,10.0,6.241794613730893,0.11538461538461539,0.5989010989010989,3.598901098901099,1.1373626373626373,0.7417582417582418,0.11538461538461539,0.04945054945054945,0.06593406593406594,0.0,0.027472527472527472,0,Literal
0.3202614379084967,5.275862068965517,0.0,0.0,0.0,0.0,2.11,0.0,0.0,0.0,3.2745098039215685,153.0,29.0,1.719995022529645,0.45098039215686275,0.5163398692810458,3.7908496732026142,1.1437908496732025,0.9084967320261438,0.0915032679738562,0.0,0.0,0.0,0.0,0,Literal
0.6132596685082873,12.928571428571429,1.6574585635359116,0.0,0.11602209944751381,5.62,5.83,0.0,0.0,0.0,3.56353591160221,181.0,14.0,7.4494897784468215,0.17679558011049723,0.5303867403314917,4.1878453038674035,1.3701657458563536,0.6408839779005525,0.09944751381215469,0.08839779005524862,0.055248618784530384,0.022099447513812154,0.09392265193370165,0,Literal
0.6458333333333334,20.571428571428573,6.944444444444445,0.0,0.013888888888888888,10.62,11.01,0.0,0.0,0.0,3.1180555555555554,144.0,7.0,9.795875850247869,0.08333333333333333,0.5277777777777778,4.770833333333333,1.5416666666666667,0.5833333333333334,0.20833333333333334,0.08333333333333333,0.1111111111111111,0.006944444444444444,0.006944444444444444,0,Literal
0.585635359116022,25.857142857142858,1.6574585635359116,0.0,0.027624309392265192,10.21,11.01,0.0,0.0,0.0,3.9392265193370166,181.0,7.0,11.878638003421374,0.13812154696132597,0.5966850828729282,4.337016574585635,1.3314917127071824,0.6519337016574586,0.15469613259668508,0.11049723756906077,0.055248618784530384,0.0055248618784530384,0.022099447513812154,0,Literal
0.6149425287356322,21.75,4.022988505747127,0.0,0.05172413793103448,9.71,10.31,0.0,0.0,0.0,3.425287356321839,174.0,8.0,9.061422349719717,0.10344827586206896,0.6149425287356322,4.160919540229885,1.4252873563218391,0.6379310344827587,0.1724137931034483,0.06896551724137931,0.06896551724137931,0.005747126436781609,0.04597701149425287,0,Literal
0.6402439024390244,18.22222222222222,7.926829268292683,0.0,0.2073170731707317,12.67,10.46,0.0,0.0,0.0,3.4451219512195124,164.0,9.0,10.05294625446002,0.21951219512195122,0.40853658536585363,5.317073170731708,1.7926829268292683,0.45121951219512196,0.16463414634146342,0.08536585365853659,0.06097560975609756,0.018292682926829267,0.18902439024390244,1,Inferential
0.5128205128205128,26.0,3.205128205128205,0.0,0.05128205128205128,11.64,11.68,0.0,0.0,0.0,3.5576923076923075,156.0,6.0,9.742518497116988,0.17307692307692307,0.5897435897435898,4.301282051282051,1.4487179487179487,0.6794871794871795,0.10256410256410256,0.1282051282051282,0.038461538461538464,0.00641025641025641,0.04487179487179487,0,Literal
0.518324607329843,21.22222222222222,4.18848167539267,0.0,0.041884816753926704,9.12,10.16,0.0,0.0,0.0,4.198952879581152,191.0,9.0,13.687878750608439,0.16230366492146597,0.6596858638743456,4.403141361256544,1.3926701570680629,0.7277486910994765,0.13612565445026178,0.07329842931937172,0.010471204188481676,0.02617801047120419,0.015706806282722512,0,Literal
0.6632124352331606,32.166666666666664,2.5906735751295336,0.0,0.04145077720207254,13.16,13.9,0.0,0.0,0.0,4.284974093264249,193.0,6.0,15.410133750951749,0.08808290155440414,0.6010362694300518,4.455958549222798,1.3730569948186528,0.6373056994818653,0.22279792746113988,0.05699481865284974,0.04145077720207254,0.010362694300518135,0.031088082901554404,1,Inferential
0.5405405405405406,7.708333333333333,0.5405405405405406,0.0,0.0918918918918919,2.66,3.3,0.0,0.0,0.0,2.5513513513513515,185.0,24.0,2.33593604840163,0.21081081081081082,0.5459459459459459,4.275675675675676,1.2918918918918918,0.6648648648648648,0.16216216216216217,0.04864864864864865,0.021621621621621623,0.0,0.0918918918918919,0,Literal
0.23529411764705882,6.296296296296297,0.0,0.0,0.0058823529411764705,0.75,2.52,0.0,0.0,0.0,2.0823529411764707,170.0,27.0,2.4315033425436816,0.2,0.4411764705882353,3.6705882352941175,1.1764705882352942,0.8705882352941177,0.08235294117647059,0.0,0.041176470588235294,0.0,0.0058823529411764705,0,Literal
0.6516129032258065,17.22222222222222,3.870967741935484,0.0,0.04516129032258064,8.33,8.44,0.0,0.0,0.0,3.109677419354839,155.0,9.0,8.982836858403438,0.0967741935483871,0.5548387096774193,4.741935483870968,1.4580645161290322,0.5806451612903226,0.22580645161290322,0.06451612903225806,0.08387096774193549,0.012903225806451613,0.03225806451612903,0,Literal
0.5921787709497207,19.88888888888889,6.70391061452514,0.0,0.0111731843575419,12.47,10.64,0.0,0.0,0.0,3.435754189944134,179.0,9.0,7.279261935181866,0.13966480446927373,0.4860335195530726,5.195530726256983,1.7206703910614525,0.5865921787709497,0.27932960893854747,0.0782122905027933,0.0446927374301676,0.0,0.0111731843575419,1,Inferential
0.6134020618556701,14.923076923076923,1.5463917525773196,0.0,0.08762886597938144,6.47,6.59,0.0,0.0,0.0,3.3917525773195876,194.0,13.0,4.5664067937402555,0.17010309278350516,0.4793814432989691,4.309278350515464,1.3762886597938144,0.5515463917525774,0.19072164948453607,0.07216494845360824,0.0979381443298969,0.010309278350515464,0.07731958762886598,0,Literal
0.5348837209302325,19.11111111111111,4.069767441860465,0.0,0.040697674418604654,9.91,9.27,0.0,0.0,0.0,3.5813953488372094,172.0,9.0,12.806248474865697,0.12790697674418605,0.5174418604651163,4.482558139534884,1.5290697674418605,0.5697674418604651,0.1744186046511628,0.1744186046511628,0.040697674418604654,0.0,0.040697674418604654,0,Literal
0.6378378378378379,20.555555555555557,2.1621621621621623,0.0,0.05945945945945946,9.46,9.09,0.0,0.0,0.0,3.2864864864864867,185.0,9.0,8.421020142887295,0.10270270270270271,0.5513513513513514,4.443243243243243,1.4432432432432432,0.6378378378378379,0.13513513513513514,0.07567567567567568,0.08648648648648649,0.0,0.05945945945945946,0,Literal
0.6071428571428571,21.0,5.357142857142857,0.0,0.07738095238095238,11.63,10.54,0.0,0.0,0.0,3.375,168.0,8.0,3.5333235062756425,0.17857142857142858,0.5178571428571429,4.744047619047619,1.6130952380952381,0.5892857142857143,0.17857142857142858,0.047619047619047616,0.08333333333333333,0.017857142857142856,0.05952380952380952,0,Literal
0.5806451612903226,23.25,1.6129032258064515,0.0,0.05913978494623656,8.96,9.95,0.0,0.0,0.0,4.279569892473118,186.0,8.0,16.80587694825831,0.11827956989247312,0.5376344086021505,4.204301075268817,1.3118279569892473,0.6290322580645161,0.13978494623655913,0.08064516129032258,0.07526881720430108,0.021505376344086023,0.03763440860215054,0,Literal
0.5345911949685535,14.454545454545455,6.289308176100629,0.0,0.06918238993710692,10.46,8.3,0.0,0.0,0.0,3.0251572327044025,159.0,11.0,4.09595648220684,0.1320754716981132,0.44654088050314467,4.729559748427673,1.729559748427673,0.5849056603773585,0.22012578616352202,0.07547169811320754,0.050314465408805034,0.0,0.06918238993710692,0,Literal
0.6649214659685864,19.1,4.712041884816754,0.0,0.06806282722513089,9.84,9.52,0.0,0.0,0.0,3.277486910994764,191.0,10.0,7.483314773547883,0.13612565445026178,0.5497382198952879,4.633507853403142,1.5235602094240839,0.6335078534031413,0.14659685863874344,0.08900523560209424,0.05759162303664921,0.015706806282722512,0.05235602094240838,0,Literal
0.5849056603773585,13.25,2.515723270440252,0.0,0.018867924528301886,6.8,6.31,0.0,0.0,0.0,2.6540880503144653,159.0,12.0,3.344772040064913,0.1320754716981132,0.5911949685534591,4.2578616352201255,1.4591194968553458,0.610062893081761,0.16352201257861634,0.11949685534591195,0.08176100628930817,0.0,0.018867924528301886,0,Literal
0.5232558139534884,10.75,2.9069767441860463,0.0,0.0872093023255814,4.11,5.46,0.0,0.0,0.0,4.982558139534884,172.0,16.0,8.643774855351104,0.29651162790697677,0.5290697674418605,4.063953488372093,1.313953488372093,0.5988372093023255,0.18604651162790697,0.06395348837209303,0.06395348837209303,0.023255813953488372,0.06395348837209303,0,Literal
0.632258064516129,22.142857142857142,2.5806451612903225,0.0,0.04516129032258064,10.4,9.89,0.0,0.0,0.0,3.825806451612903,155.0,7.0,7.594305062858293,0.10967741935483871,0.5032258064516129,4.393548387096774,1.4709677419354839,0.6451612903225806,0.2,0.08387096774193549,0.025806451612903226,0.012903225806451613,0.03225806451612903,0,Literal
0.6710526315789473,25.333333333333332,1.3157894736842104,0.0,0.039473684210526314,9.89,10.66,0.0,0.0,0.0,3.8289473684210527,152.0,6.0,4.749268949591669,0.11842105263157894,0.6052631578947368,4.065789473684211,1.3223684210526316,0.6710526315789473,0.19736842105263158,0.05263157894736842,0.039473684210526314,0.0,0.039473684210526314,0,Literal
0.5857988165680473,33.8,10.650887573964498,0.0,0.0650887573964497,19.03,17.78,0.0,0.0,0.0,4.745562130177515,169.0,5.0,22.873565528793275,0.1301775147928994,0.46153846153846156,5.3609467455621305,1.816568047337278,0.514792899408284,0.23668639053254437,0.07692307692307693,0.10650887573964497,0.01775147928994083,0.047337278106508875,2,Evaluative
0.6538461538461539,22.75,8.241758241758241,0.0,0.0989010989010989,12.28,12.4,0.0,0.0,0.0,3.9285714285714284,182.0,8.0,9.873417594733851,0.17582417582417584,0.5164835164835165,4.862637362637362,1.60989010989011,0.5824175824175825,0.13736263736263737,0.10989010989010989,0.07142857142857142,0.027472527472527472,0.07142857142857142,1,Inferential
0.6363636363636364,35.2,2.272727272727273,0.0,0.03977272727272727,15.91,14.99,0.0,0.0,0.0,4.181818181818182,176.0,5.0,14.595889832415152,0.10227272727272728,0.6022727272727273,4.551136363636363,1.5056818181818181,0.6477272727272727,0.18181818181818182,0.06818181818181818,0.0625,0.005681818181818182,0.03409090909090909,2,Evaluative
0.6,17.5,4.571428571428571,0.0,0.07428571428571429,8.83,8.83,0.0,0.0,0.0,3.5942857142857143,175.0,10.0,12.06813987323647,0.17714285714285713,0.5542857142857143,4.628571428571429,1.4914285714285713,0.5828571428571429,0.18857142857142858,0.08571428571428572,0.06285714285714286,0.017142857142857144,0.05714285714285714,0,Literal
0.65625,20.0,1.875,0.0,0.04375,6.74,8.75,0.0,0.0,0.0,3.96875,160.0,8.0,6.9720423836921706,0.1875,0.6125,4.0375,1.23125,0.6625,0.16875,0.0625,0.0625,0.0,0.04375,0,Literal
0.6201117318435754,14.916666666666666,3.35195530726257,0.0,0.027932960893854747,7.43,7.31,0.0,0.0,0.0,3.0391061452513966,179.0,12.0,5.722154800034298,0.11731843575418995,0.5810055865921788,4.631284916201118,1.458100558659218,0.6536312849162011,0.19553072625698323,0.08379888268156424,0.0335195530726257,0.00558659217877095,0.0223463687150838,0,Literal
0.6377551020408163,28.0,3.061224489795918,0.0,0.05102040816326531,12.85,12.42,0.0,0.0,0.0,3.673469387755102,196.0,7.0,17.482352618032404,0.10204081632653061,0.5867346938775511,4.530612244897959,1.4846938775510203,0.6683673469387755,0.15816326530612246,0.07653061224489796,0.04591836734693878,0.025510204081632654,0.025510204081632654,1,Inferential
0.5257731958762887,21.555555555555557,1.0309278350515463,0.0,0.030927835051546393,7.05,9.03,0.0,0.0,0.0,4.505154639175258,194.0,9.0,14.692737771085296,0.14948453608247422,0.6752577319587629,3.7731958762886597,1.2061855670103092,0.8247422680412371,0.07731958762886598,0.015463917525773196,0.05154639175257732,0.010309278350515464,0.020618556701030927,0,Literal
0.6,12.5,4.571428571428571,0.0,0.06857142857142857,5.47,6.83,0.0,0.0,0.0,3.4685714285714284,175.0,14.0,7.215700002814158,0.2,0.6285714285714286,4.217142857142857,1.3714285714285714,0.72,0.13142857142857142,0.06857142857142857,0.011428571428571429,0.05714285714285714,0.011428571428571429,0,Literal
0.6481481481481481,27.0,6.790123456790123,0.0,0.04938271604938271,15.92,13.52,0.0,0.0,0.0,4.049382716049383,162.0,6.0,9.03696114115064,0.11728395061728394,0.43209876543209874,5.2407407407407405,1.7777777777777777,0.49382716049382713,0.1728395061728395,0.18518518518518517,0.09259259259259259,0.006172839506172839,0.043209876543209874,2,Evaluative
0.5901639344262295,9.631578947368421,1.092896174863388,0.0,0.01092896174863388,2.29,4.29,0.0,0.0,0.0,3.5901639344262297,183.0,19.0,6.451180398334553,0.3005464480874317,0.5573770491803278,3.8579234972677594,1.1967213114754098,0.7978142076502732,0.11475409836065574,0.03278688524590164,0.04371584699453552,0.0,0.01092896174863388,0,Literal
0.5263157894736842,23.75,8.947368421052632,0.0,0.03684210526315789,14.04,13.08,0.0,0.0,0.0,3.1842105263157894,190.0,8.0,6.688376110835873,0.11052631578947368,0.531578947368421,5.157894736842105,1.7263157894736842,0.6210526315789474,0.1631578947368421,0.15789473684210525,0.015789473684210527,0.021052631578947368,0.015789473684210527,1,Inferential
0.6559139784946236,26.571428571428573,3.225806451612903,0.0,0.053763440860215055,11.08,11.92,0.0,0.0,0.0,3.3225806451612905,186.0,7.0,9.648939880439018,0.11290322580645161,0.6129032258064516,4.360215053763441,1.381720430107527,0.5698924731182796,0.25806451612903225,0.06989247311827956,0.04838709677419355,0.010752688172043012,0.043010752688172046,0,Literal
0.7006802721088435,24.5,0.6802721088435374,0.0,0.061224489795918366,8.09,10.07,0.0,0.0,0.0,4.299319727891157,147.0,6.0,13.059692016106489,0.1836734693877551,0.54421768707483,3.9659863945578233,1.1972789115646258,0.7142857142857143,0.09523809523809523,0.07482993197278912,0.05442176870748299,0.0,0.061224489795918366,0,Literal
0.6435643564356436,20.2,0.9900990099009901,0.0,0.01485148514851485,6.95,8.48,0.0,0.0,0.0,4.118811881188119,202.0,10.0,13.206059215375342,0.21287128712871287,0.5841584158415841,3.995049504950495,1.2425742574257426,0.7326732673267327,0.17326732673267325,0.054455445544554455,0.019801980198019802,0.0,0.01485148514851485,0,Literal
0.6224489795918368,9.8,1.530612244897959,0.0,0.02040816326530612,4.37,4.53,0.0,0.0,0.0,3.122448979591837,196.0,20.0,5.8275209137333865,0.25,0.5306122448979592,4.198979591836735,1.3673469387755102,0.7653061224489796,0.12244897959183673,0.05612244897959184,0.015306122448979591,0.015306122448979591,0.00510204081632653,0,Literal
0.5958549222797928,17.545454545454547,3.1088082901554404,0.0,0.04145077720207254,8.01,8.26,0.0,0.0,0.0,4.414507772020725,193.0,11.0,9.781919566896017,0.16580310880829016,0.6373056994818653,4.22279792746114,1.4196891191709844,0.6580310880829016,0.19170984455958548,0.06217616580310881,0.046632124352331605,0.015544041450777202,0.025906735751295335,0,Literal
0.6243093922651933,36.2,1.1049723756906076,0.0,0.06629834254143646,14.5,14.92,0.0,0.0,0.0,4.558011049723757,181.0,5.0,18.525657883055057,0.13812154696132597,0.574585635359116,4.292817679558011,1.3535911602209945,0.6464088397790055,0.18232044198895028,0.06629834254143646,0.03867403314917127,0.0055248618784530384,0.06077348066298342,1,Inferential
0.5706806282722513,8.681818181818182,0.5235602094240838,0.0,0.05759162303664921,5.9,3.68,0.0,0.0,0.0,2.6335078534031413,191.0,22.0,2.4933796639822687,0.20418848167539266,0.4816753926701571,4.570680628272251,1.5340314136125655,0.6230366492146597,0.18848167539267016,0.05759162303664921,0.03664921465968586,0.010471204188481676,0.04712041884816754,0,Literal
0.6836734693877551,21.77777777777778,5.1020408163265305,0.0,0.09693877551020408,9.88,10.75,0.0,0.0,0.0,3.6785714285714284,196.0,9.0,7.519521918083837,0.15816326530612246,0.5051020408163265,4.653061224489796,1.4387755102040816,0.5510204081632653,0.14285714285714285,0.12244897959183673,0.08673469387755102,0.015306122448979591,0.08163265306122448,0,Literal
0.5645161290322581,13.285714285714286,7.526881720430108,0.0,0.016129032258064516,8.62,8.33,0.0,0.0,0.0,3.096774193548387,186.0,14.0,8.004144334693887,0.17204301075268819,0.510752688172043,4.89247311827957,1.6129032258064515,0.543010752688172,0.20967741935483872,0.16666666666666666,0.05913978494623656,0.005376344086021506,0.010752688172043012,0,Literal
0.4129032258064516,12.916666666666666,0.0,0.0,0.07096774193548387,4.14,5.17,0.0,0.0,0.0,3.9741935483870967,155.0,12.0,5.468978169843268,0.36129032258064514,0.38064516129032255,3.9483870967741934,1.2451612903225806,0.5419354838709678,0.25806451612903225,0.05806451612903226,0.0064516129032258064,0.01935483870967742,0.05161290322580645,0,Literal
0.6730769230769231,19.5,1.9230769230769231,0.0,0.02564102564102564,8.73,8.57,0.0,0.0,0.0,4.217948717948718,156.0,8.0,12.509996003196804,0.21153846153846154,0.5576923076923077,4.262820512820513,1.4166666666666667,0.7243589743589743,0.1282051282051282,0.08333333333333333,0.038461538461538464,0.00641025641025641,0.019230769230769232,0,Literal
0.6137566137566137,17.181818181818183,0.5291005291005291,0.0,0.06878306878306878,8.22,7.08,0.0,0.0,0.0,3.544973544973545,189.0,11.0,6.3998966933811055,0.1693121693121693,0.5238095238095238,4.423280423280423,1.4497354497354498,0.5767195767195767,0.164021164021164,0.13227513227513227,0.0582010582010582,0.005291005291005291,0.06349206349206349,0,Literal
0.645,28.571428571428573,5.0,0.0,0.075,12.72,13.43,0.0,0.0,0.0,4.01,200.0,7.0,12.577920401745795,0.135,0.575,4.485,1.455,0.67,0.12,0.09,0.045,0.02,0.055,1,Inferential
0.6506849315068494,20.857142857142858,5.47945205479452,0.0,0.04794520547945205,11.13,10.53,0.0,0.0,0.0,3.6164383561643834,146.0,7.0,5.778213833187624,0.1095890410958904,0.5753424657534246,4.623287671232877,1.5753424657534247,0.589041095890411,0.1780821917808219,0.11643835616438356,0.0684931506849315,0.0,0.04794520547945205,0,Literal
0.576271186440678,16.09090909090909,4.519774011299435,0.0,0.022598870056497175,7.89,8.24,0.0,0.0,0.0,3.1073446327683616,177.0,11.0,5.976538150506764,0.10734463276836158,0.5649717514124294,4.491525423728813,1.4576271186440677,0.7005649717514124,0.15254237288135594,0.06779661016949153,0.03389830508474576,0.0,0.022598870056497175,0,Literal
0.5294117647058824,13.357142857142858,0.53475935828877,0.0,0.016042780748663103,3.69,5.56,0.0,0.0,0.0,2.8877005347593583,187.0,14.0,7.274501175128008,0.13368983957219252,0.7058823529411765,3.620320855614973,1.1925133689839573,0.7486631016042781,0.1657754010695187,0.058823529411764705,0.0106951871657754,0.0106951871657754,0.0053475935828877,0,Literal
0.5777777777777777,13.846153846153847,0.0,0.0,0.044444444444444446,3.45,5.54,0.0,0.0,0.0,3.8555555555555556,180.0,13.0,7.694615038565345,0.3,0.6333333333333333,3.7555555555555555,1.1555555555555554,0.7555555555555555,0.15555555555555556,0.016666666666666666,0.022222222222222223,0.0,0.044444444444444446,0,Literal
0.6428571428571429,14.0,1.948051948051948,0.0,0.07792207792207792,5.42,6.38,0.0,0.0,0.0,3.772727272727273,154.0,11.0,10.348473756593727,0.22727272727272727,0.5454545454545454,4.162337662337662,1.3181818181818181,0.6948051948051948,0.14285714285714285,0.05194805194805195,0.032467532467532464,0.03896103896103896,0.03896103896103896,0,Literal
0.6269430051813472,13.785714285714286,0.5181347150259068,0.0,0.025906735751295335,4.34,5.72,0.0,0.0,0.0,4.0932642487046635,193.0,14.0,9.947053712080798,0.27979274611398963,0.6528497409326425,3.901554404145078,1.233160621761658,0.6683937823834197,0.18134715025906736,0.07253886010362694,0.05181347150259067,0.0051813471502590676,0.02072538860103627,0,Literal
0.5524861878453039,18.1,2.7624309392265194,0.0,0.016574585635359115,9.46,8.34,0.0,0.0,0.0,3.1712707182320443,181.0,10.0,9.325234581499814,0.16574585635359115,0.56353591160221,4.419889502762431,1.5248618784530388,0.6353591160220995,0.23756906077348067,0.07734806629834254,0.03314917127071823,0.0055248618784530384,0.011049723756906077,0,Literal
0.5847953216374269,21.375,7.017543859649122,0.0,0.08771929824561403,13.24,11.36,0.0,0.0,0.0,4.3391812865497075,171.0,8.0,9.858372076565177,0.13450292397660818,0.45614035087719296,5.146198830409356,1.736842105263158,0.543859649122807,0.1871345029239766,0.08771929824561403,0.08187134502923976,0.005847953216374269,0.08187134502923976,1,Inferential
0.5394736842105263,21.714285714285715,7.236842105263158,0.0,0.05921052631578947,11.2,11.58,0.0,0.0,0.0,3.3815789473684212,152.0,7.0,7.125693664765673,0.14473684210526316,0.5526315789473685,4.717105263157895,1.5526315789473684,0.5855263157894737,0.14473684210526316,0.1513157894736842,0.039473684210526314,0.02631578947368421,0.03289473684210526,0,Literal
0.6709677419354839,19.375,3.870967741935484,0.0,0.0064516129032258064,8.49,9.3,0.0,0.0,0.0,3.1806451612903226,155.0,8.0,8.660254037844387,0.12903225806451613,0.632258064516129,4.193548387096774,1.4,0.7354838709677419,0.1870967741935484,0.05161290322580645,0.01935483870967742,0.0,0.0064516129032258064,0,Literal
0.543859649122807,34.2,5.263157894736842,0.0,0.03508771929824561,15.0,15.79,0.0,0.0,0.0,4.12280701754386,171.0,5.0,16.975276139138355,0.10526315789473684,0.5672514619883041,4.643274853801169,1.4619883040935673,0.6081871345029239,0.2046783625730994,0.07602339181286549,0.07602339181286549,0.023391812865497075,0.011695906432748537,2,Evaluative
0.5705128205128205,26.0,5.128205128205128,0.0,0.04487179487179487,13.91,12.45,0.0,0.0,0.0,3.9166666666666665,156.0,6.0,5.727613425813194,0.14743589743589744,0.4423076923076923,4.935897435897436,1.641025641025641,0.4935897435897436,0.1858974358974359,0.20512820512820512,0.0641025641025641,0.0,0.04487179487179487,1,Inferential
0.5307262569832403,16.272727272727273,5.58659217877095,0.0,0.1340782122905028,10.27,8.74,0.0,0.0,0.0,2.793296089385475,179.0,11.0,8.180808018448467,0.08379888268156424,0.4748603351955307,4.843575418994414,1.6536312849162011,0.5195530726256983,0.18994413407821228,0.12290502793296089,0.027932960893854747,0.0446927374301676,0.0893854748603352,0,Literal
0.7207792207792207,38.5,5.194805194805195,0.0,0.045454545454545456,16.44,17.48,0.0,0.0,0.0,4.214285714285714,154.0,4.0,21.241174637952582,0.11688311688311688,0.44155844155844154,4.909090909090909,1.4415584415584415,0.6558441558441559,0.15584415584415584,0.07142857142857142,0.06493506493506493,0.006493506493506494,0.03896103896103896,2,Evaluative
0.5921052631578947,30.4,1.9736842105263157,0.0,0.02631578947368421,12.34,12.95,0.0,0.0,0.0,3.710526315789474,152.0,5.0,13.99142594591416,0.1513157894736842,0.5855263157894737,4.276315789473684,1.361842105263158,0.6907894736842105,0.125,0.10526315789473684,0.046052631578947366,0.02631578947368421,0.0,1,Inferential
0.6826347305389222,16.7,1.1976047904191618,0.0,0.059880239520958084,6.82,7.16,0.0,0.0,0.0,4.155688622754491,167.0,10.0,7.964923100695951,0.25149700598802394,0.5808383233532934,4.119760479041916,1.347305389221557,0.6766467065868264,0.1317365269461078,0.07784431137724551,0.041916167664670656,0.005988023952095809,0.05389221556886228,0,Literal
0.6284153005464481,36.6,5.46448087431694,0.0,0.060109289617486336,16.48,16.83,0.0,0.0,0.0,4.158469945355192,183.0,5.0,12.214745187681975,0.12568306010928962,0.5792349726775956,4.6502732240437155,1.5081967213114753,0.5956284153005464,0.20218579234972678,0.09289617486338798,0.04918032786885246,0.01639344262295082,0.04371584699453552,2,Evaluative
0.5602409638554217,23.714285714285715,2.4096385542168677,0.0,0.012048192771084338,9.72,10.45,0.0,0.0,0.0,4.421686746987952,166.0,7.0,18.477785890862883,0.14457831325301204,0.6626506024096386,4.253012048192771,1.3614457831325302,0.7409638554216867,0.12048192771084337,0.04216867469879518,0.060240963855421686,0.006024096385542169,0.006024096385542169,0,Literal
0.583941605839416,27.4,5.109489051094891,0.0,0.043795620437956206,13.61,13.0,0.0,0.0,0.0,4.992700729927007,137.0,5.0,9.178235124467014,0.2116788321167883,0.5328467153284672,4.751824817518248,1.5693430656934306,0.5912408759124088,0.13138686131386862,0.10948905109489052,0.12408759124087591,0.0364963503649635,0.0072992700729927005,1,Inferential
0.5967741935483871,37.2,7.526881720430108,0.0,0.07526881720430108,18.01,17.89,0.0,0.0,0.0,4.037634408602151,186.0,5.0,10.02796090937734,0.0913978494623656,0.5752688172043011,4.844086021505376,1.618279569892473,0.5913978494623656,0.16666666666666666,0.10215053763440861,0.05913978494623656,0.005376344086021506,0.06989247311827956,2,Evaluative
0.5575757575757576,11.785714285714286,9.090909090909092,0.0,0.05454545454545454,6.24,8.35,0.0,0.0,0.0,2.890909090909091,165.0,14.0,5.266858258807365,0.15151515151515152,0.5454545454545454,4.739393939393939,1.4606060606060607,0.6242424242424243,0.17575757575757575,0.12727272727272726,0.01818181818181818,0.012121212121212121,0.04242424242424243,0,Literal
0.6331658291457286,24.875,2.0100502512562812,0.0,0.03015075376884422,9.35,10.75,0.0,0.0,0.0,3.71356783919598,199.0,8.0,6.609652033201143,0.11055276381909548,0.5175879396984925,4.291457286432161,1.2914572864321607,0.7487437185929648,0.12562814070351758,0.05527638190954774,0.04020100502512563,0.005025125628140704,0.02512562814070352,0,Literal
0.7012987012987013,25.666666666666668,3.896103896103896,0.0,0.06493506493506493,12.35,11.83,0.0,0.0,0.0,3.4415584415584415,154.0,6.0,6.101001739241042,0.1038961038961039,0.5454545454545454,4.714285714285714,1.5194805194805194,0.5974025974025974,0.17532467532467533,0.07142857142857142,0.09090909090909091,0.012987012987012988,0.05194805194805195,1,Inferential
0.5961538461538461,11.142857142857142,0.641025641025641,0.0,0.0,4.34,4.71,0.0,0.0,0.0,2.641025641025641,156.0,14.0,4.43087497693452,0.10256410256410256,0.5897435897435898,3.9423076923076925,1.3205128205128205,0.6858974358974359,0.1794871794871795,0.07692307692307693,0.057692307692307696,0.0,0.0,0,Literal
0.6710526315789473,21.714285714285715,6.578947368421052,0.0,0.019736842105263157,10.5,11.32,0.0,0.0,0.0,3.901315789473684,152.0,7.0,9.084636054619798,0.13157894736842105,0.625,4.440789473684211,1.493421052631579,0.7171052631578947,0.13815789473684212,0.05921052631578947,0.06578947368421052,0.013157894736842105,0.006578947368421052,0,Literal
0.5965909090909091,17.6,3.977272727272727,0.0,0.011363636363636364,9.44,8.63,0.0,0.0,0.0,3.2386363636363638,176.0,10.0,7.774316690230724,0.125,0.5284090909090909,4.517045454545454,1.5397727272727273,0.625,0.14772727272727273,0.10795454545454546,0.10795454545454546,0.005681818181818182,0.005681818181818182,0,Literal
0.6204819277108434,27.666666666666668,4.216867469879518,0.0,0.05421686746987952,13.04,12.75,0.0,0.0,0.0,5.554216867469879,166.0,6.0,16.898389140848767,0.18072289156626506,0.536144578313253,4.4397590361445785,1.5120481927710843,0.6445783132530121,0.13253012048192772,0.10843373493975904,0.060240963855421686,0.012048192771084338,0.04216867469879518,1,Inferential
0.6230366492146597,27.285714285714285,6.806282722513089,0.0,0.015706806282722512,14.14,13.64,0.0,0.0,0.0,4.2356020942408374,191.0,7.0,16.636571467825984,0.16753926701570682,0.5392670157068062,5.0680628272251305,1.617801047120419,0.5759162303664922,0.2094240837696335,0.1256544502617801,0.06282722513089005,0.0,0.015706806282722512,1,Inferential
0.6488095238095238,14.0,4.761904761904762,0.0,0.14285714285714285,8.41,7.5,0.0,0.0,0.0,3.0476190476190474,168.0,12.0,3.4990077958695025,0.18452380952380953,0.49404761904761907,4.761904761904762,1.5714285714285714,0.5416666666666666,0.14285714285714285,0.11904761904761904,0.02976190476190476,0.017857142857142856,0.125,0,Literal
0.46111111111111114,22.5,2.2222222222222223,0.0,0.03333333333333333,8.66,9.89,0.0,0.0,0.0,4.188888888888889,180.0,8.0,14.242871023778878,0.13333333333333333,0.6222222222222222,4.088888888888889,1.3111111111111111,0.6666666666666666,0.11666666666666667,0.10555555555555556,0.07777777777777778,0.0,0.03333333333333333,0,Literal
0.5853658536585366,18.22222222222222,0.6097560975609756,0.0,0.03048780487804878,7.71,7.53,0.0,0.0,0.0,3.8048780487804876,164.0,9.0,10.063992777088224,0.13414634146341464,0.6280487804878049,4.237804878048781,1.3719512195121952,0.7073170731707317,0.18902439024390244,0.054878048780487805,0.018292682926829267,0.006097560975609756,0.024390243902439025,0,Literal
0.6353591160220995,25.857142857142858,2.209944751381215,0.0,0.016574585635359115,10.47,11.23,0.0,0.0,0.0,3.3480662983425415,181.0,7.0,9.209577977877826,0.09944751381215469,0.574585635359116,4.276243093922652,1.3535911602209945,0.6298342541436464,0.19337016574585636,0.08839779005524862,0.06077348066298342,0.0,0.016574585635359115,0,Literal
0.6419753086419753,14.727272727272727,2.4691358024691357,0.0,0.018518518518518517,5.96,6.88,0.0,0.0,0.0,3.5185185185185186,162.0,11.0,6.981676134918646,0.19753086419753085,0.6111111111111112,4.055555555555555,1.3395061728395061,0.7283950617283951,0.18518518518518517,0.043209876543209874,0.024691358024691357,0.0,0.018518518518518517,0,Literal
0.696551724137931,29.0,2.0689655172413794,0.0,0.04827586206896552,11.75,12.43,0.0,0.0,0.0,4.096551724137931,145.0,5.0,12.448293055676348,0.0896551724137931,0.6068965517241379,4.23448275862069,1.3586206896551725,0.6620689655172414,0.11724137931034483,0.12413793103448276,0.04827586206896552,0.006896551724137931,0.041379310344827586,0,Literal
0.7163120567375887,28.2,2.8368794326241136,0.0,0.0851063829787234,12.56,12.41,0.0,0.0,0.0,3.801418439716312,141.0,5.0,12.345039489608771,0.12056737588652482,0.49645390070921985,4.652482269503546,1.4539007092198581,0.6028368794326241,0.1702127659574468,0.09929078014184398,0.03546099290780142,0.03546099290780142,0.04964539007092199,1,Inferential
0.4966442953020134,21.285714285714285,1.342281879194631,0.0,0.013422818791946308,8.95,9.05,0.0,0.0,0.0,3.946308724832215,149.0,7.0,13.35083884852123,0.1342281879194631,0.6442953020134228,4.322147651006712,1.3758389261744965,0.6510067114093959,0.1476510067114094,0.1342281879194631,0.053691275167785234,0.0,0.013422818791946308,0,Literal
0.6649746192893401,49.25,3.5532994923857872,0.0,0.10152284263959391,20.99,21.12,0.0,0.0,0.0,4.532994923857868,197.0,4.0,14.491376746189438,0.17258883248730963,0.5279187817258884,4.477157360406092,1.4720812182741116,0.6294416243654822,0.14213197969543148,0.05583756345177665,0.04568527918781726,0.01015228426395939,0.09137055837563451,2,Evaluative
0.6274509803921569,30.6,3.2679738562091507,0.0,0.0196078431372549,12.69,13.55,0.0,0.0,0.0,4.562091503267974,153.0,5.0,17.281203661782357,0.26143790849673204,0.5882352941176471,4.339869281045751,1.3856209150326797,0.7124183006535948,0.1895424836601307,0.0392156862745098,0.0392156862745098,0.0,0.0196078431372549,1,Inferential
0.569620253164557,7.9,0.0,0.0,0.03164556962025317,0.86,3.16,0.0,0.0,0.0,2.462025316455696,158.0,20.0,3.345145736735546,0.1518987341772152,0.6392405063291139,3.588607594936709,1.1329113924050633,0.8291139240506329,0.11392405063291139,0.012658227848101266,0.012658227848101266,0.006329113924050633,0.02531645569620253,0,Literal
0.5388888888888889,11.25,2.7777777777777777,0.0,0.0,5.32,5.61,0.0,0.0,0.0,3.077777777777778,180.0,16.0,5.129571132170798,0.2222222222222222,0.5611111111111111,4.133333333333334,1.4,0.7666666666666667,0.12222222222222222,0.016666666666666666,0.044444444444444446,0.0,0.0,0,Literal
0.5959595959595959,49.5,3.535353535353535,0.0,0.045454545454545456,21.3,21.21,0.0,0.0,0.0,3.898989898989899,198.0,4.0,14.150971698084906,0.08080808080808081,0.6060606060606061,4.313131313131313,1.4898989898989898,0.6060606060606061,0.19696969696969696,0.06565656565656566,0.07575757575757576,0.005050505050505051,0.04040404040404041,2,Evaluative
0.6774193548387096,25.833333333333332,2.5806451612903225,0.0,0.01935483870967742,12.53,11.37,0.0,0.0,0.0,3.141935483870968,155.0,6.0,7.047458170621991,0.09032258064516129,0.5290322580645161,4.374193548387097,1.5290322580645161,0.6774193548387096,0.16129032258064516,0.1032258064516129,0.03870967741935484,0.012903225806451613,0.0064516129032258064,1,Inferential
0.5380116959064327,19.0,8.187134502923977,0.0,0.11695906432748537,12.18,10.87,0.0,0.0,0.0,3.801169590643275,171.0,9.0,7.607663452721639,0.13450292397660818,0.4444444444444444,5.12280701754386,1.7251461988304093,0.5146198830409356,0.17543859649122806,0.12280701754385964,0.07017543859649122,0.011695906432748537,0.10526315789473684,1,Inferential
0.632258064516129,8.61111111111111,1.2903225806451613,0.0,0.08387096774193549,3.3,3.96,0.0,0.0,0.0,3.4,155.0,18.0,9.054192126398048,0.21935483870967742,0.5225806451612903,3.9548387096774196,1.3161290322580645,0.632258064516129,0.12903225806451613,0.0967741935483871,0.025806451612903226,0.0064516129032258064,0.07741935483870968,0,Literal
0.6391752577319587,19.4,15.463917525773196,0.0,0.13917525773195877,15.64,13.95,0.0,0.0,0.0,3.5670103092783507,194.0,10.0,13.244244032786469,0.17525773195876287,0.42783505154639173,5.690721649484536,2.0051546391752577,0.4072164948453608,0.21649484536082475,0.12886597938144329,0.10309278350515463,0.030927835051546393,0.10824742268041238,2,Evaluative
0.48520710059171596,24.142857142857142,8.875739644970414,0.0,0.08284023668639054,14.49,13.21,0.0,0.0,0.0,3.9763313609467454,169.0,7.0,7.496938150515387,0.20710059171597633,0.514792899408284,4.952662721893491,1.7514792899408285,0.5680473372781065,0.23668639053254437,0.07692307692307693,0.03550295857988166,0.005917159763313609,0.07692307692307693,1,Inferential
0.6808510638297872,20.142857142857142,4.964539007092199,0.0,0.06382978723404255,9.84,10.04,0.0,0.0,0.0,3.74468085106383,141.0,7.0,16.01784718903975,0.1347517730496454,0.574468085106383,4.425531914893617,1.4893617021276595,0.6453900709219859,0.10638297872340426,0.09219858156028368,0.09219858156028368,0.014184397163120567,0.04964539007092199,0,Literal
0.575,20.0,10.625,0.0,0.00625,12.64,12.25,0.0,0.0,0.0,3.4,160.0,8.0,10.361436917725262,0.14375,0.45,5.31875,1.73125,0.6125,0.11875,0.1125,0.1375,0.00625,0.0,1,Inferential
0.5987261146496815,39.25,1.910828025477707,0.0,0.044585987261146494,15.88,16.46,0.0,0.0,0.0,4.726114649681529,157.0,4.0,21.370248009791556,0.14012738853503184,0.5732484076433121,4.414012738853503,1.3694267515923566,0.6878980891719745,0.10828025477707007,0.10191082802547771,0.05732484076433121,0.025477707006369428,0.01910828025477707,2,Evaluative
0.6134020618556701,48.5,1.0309278350515463,0.0,0.015463917525773196,18.53,19.81,0.0,0.0,0.0,4.716494845360825,194.0,4.0,27.358728040608906,0.12886597938144329,0.7010309278350515,3.8608247422680413,1.288659793814433,0.788659793814433,0.13917525773195877,0.05154639175257732,0.005154639175257732,0.0,0.015463917525773196,2,Evaluative
0.6419753086419753,16.2,3.7037037037037033,0.0,0.030864197530864196,7.48,7.96,0.0,0.0,0.0,2.919753086419753,162.0,10.0,14.379151574414951,0.1419753086419753,0.691358024691358,4.333333333333333,1.4197530864197532,0.7345679012345679,0.16049382716049382,0.037037037037037035,0.037037037037037035,0.018518518518518517,0.012345679012345678,0,Literal
0.6353591160220995,20.11111111111111,2.7624309392265194,0.0,0.07734806629834254,8.29,9.15,0.0,0.0,0.0,3.2430939226519335,181.0,9.0,8.385761006272537,0.11049723756906077,0.6077348066298343,4.425414364640884,1.3591160220994476,0.6298342541436464,0.16022099447513813,0.09392265193370165,0.03867403314917127,0.011049723756906077,0.06629834254143646,0,Literal
0.536723163841808,29.5,10.16949152542373,0.0,0.1016949152542373,16.71,15.87,0.0,0.0,0.0,3.8983050847457625,177.0,6.0,12.188336865854815,0.14689265536723164,0.5084745762711864,4.994350282485875,1.7627118644067796,0.536723163841808,0.1016949152542373,0.15254237288135594,0.1016949152542373,0.011299435028248588,0.0903954802259887,2,Evaluative
0.4744897959183674,5.6,1.530612244897959,0.0,0.00510204081632653,3.93,2.85,0.0,0.0,0.0,2.5255102040816326,196.0,35.0,2.6854103171449557,0.32142857142857145,0.4897959183673469,4.392857142857143,1.469387755102041,0.7091836734693877,0.1326530612244898,0.08163265306122448,0.05612244897959184,0.0,0.00510204081632653,0,Literal
0.671875,21.333333333333332,8.59375,0.0,0.015625,13.66,11.97,0.0,0.0,0.0,3.875,128.0,6.0,7.71182353417285,0.1171875,0.5,5.1640625,1.7734375,0.546875,0.21875,0.0859375,0.1171875,0.0,0.015625,1,Inferential
0.5555555555555556,18.0,1.8518518518518516,0.0,0.006172839506172839,7.09,7.94,0.0,0.0,0.0,4.012345679012346,162.0,9.0,11.079956322060363,0.2716049382716049,0.6481481481481481,3.8518518518518516,1.3271604938271604,0.7345679012345679,0.16049382716049382,0.043209876543209874,0.04938271604938271,0.0,0.006172839506172839,0,Literal
0.5897435897435898,13.0,3.076923076923077,0.0,0.06153846153846154,5.94,6.43,0.0,0.0,0.0,3.717948717948718,195.0,15.0,4.953113498935123,0.26153846153846155,0.5897435897435898,4.143589743589744,1.3948717948717948,0.6717948717948717,0.15384615384615385,0.07692307692307693,0.035897435897435895,0.0,0.06153846153846154,0,Literal
0.5548387096774193,10.333333333333334,0.0,0.0,0.05806451612903226,4.73,4.13,0.0,0.0,0.0,2.903225806451613,155.0,15.0,4.189935029992179,0.14193548387096774,0.5612903225806452,4.232258064516129,1.3806451612903226,0.7548387096774194,0.15483870967741936,0.025806451612903226,0.0064516129032258064,0.0,0.05806451612903226,0,Literal
0.5459770114942529,14.5,5.172413793103448,0.0,0.04597701149425287,7.56,7.87,0.0,0.0,0.0,2.7011494252873565,174.0,12.0,5.778311941119905,0.13218390804597702,0.5172413793103449,4.477011494252873,1.4827586206896552,0.5632183908045977,0.13793103448275862,0.1724137931034483,0.06321839080459771,0.017241379310344827,0.028735632183908046,0,Literal
0.5555555555555556,6.48,0.0,0.0,0.06172839506172839,1.65,2.59,0.0,0.0,0.0,2.1604938271604937,162.0,25.0,2.546841180757057,0.18518518518518517,0.4876543209876543,4.117283950617284,1.2469135802469136,0.7530864197530864,0.10493827160493827,0.043209876543209874,0.037037037037037035,0.0,0.06172839506172839,0,Literal
0.5405405405405406,15.416666666666666,0.0,0.0,0.03783783783783784,4.52,6.17,0.0,0.0,0.0,2.8972972972972975,185.0,12.0,5.407684860969207,0.11891891891891893,0.6594594594594595,3.691891891891892,1.1945945945945946,0.7945945945945946,0.12432432432432433,0.02702702702702703,0.016216216216216217,0.016216216216216217,0.021621621621621623,0,Literal
0.5302013422818792,6.7727272727272725,0.0,0.0,0.013422818791946308,1.07,2.71,0.0,0.0,0.0,3.161073825503356,149.0,22.0,3.1465578727048693,0.31543624161073824,0.5302013422818792,3.738255033557047,1.1879194630872483,0.7785234899328859,0.16778523489932887,0.040268456375838924,0.0,0.0,0.013422818791946308,0,Literal
0.592391304347826,18.4,1.0869565217391304,0.0,0.010869565217391304,6.14,7.79,0.0,0.0,0.0,4.173913043478261,184.0,10.0,13.721880337621371,0.1956521739130435,0.6032608695652174,3.983695652173913,1.233695652173913,0.7771739130434783,0.17391304347826086,0.010869565217391304,0.02717391304347826,0.0,0.010869565217391304,0,Literal
0.5968586387434555,19.1,3.1413612565445024,0.0,0.09424083769633508,10.39,8.9,0.0,0.0,0.0,3.06282722513089,191.0,10.0,6.797793759742936,0.12041884816753927,0.49214659685863876,4.706806282722513,1.5706806282722514,0.5497382198952879,0.16753926701570682,0.10471204188481675,0.07853403141361257,0.020942408376963352,0.07329842931937172,0,Literal
0.6775956284153005,22.875,9.836065573770492,0.0,0.04918032786885246,15.06,13.08,0.0,0.0,0.0,3.448087431693989,183.0,8.0,4.493050188902857,0.12021857923497267,0.48633879781420764,5.366120218579235,1.8415300546448088,0.48633879781420764,0.18032786885245902,0.16393442622950818,0.09836065573770492,0.01092896174863388,0.03825136612021858,2,Evaluative
0.6358024691358025,20.25,1.8518518518518516,0.0,0.030864197530864196,7.82,8.84,0.0,0.0,0.0,3.9814814814814814,162.0,8.0,8.680977767509832,0.18518518518518517,0.5802469135802469,4.364197530864198,1.3148148148148149,0.7283950617283951,0.13580246913580246,0.05555555555555555,0.04938271604938271,0.0,0.030864197530864196,0,Literal
0.6687898089171974,26.166666666666668,1.910828025477707,0.0,0.06369426751592357,10.92,11.23,0.0,0.0,0.0,4.171974522292993,157.0,6.0,20.50541933787803,0.12738853503184713,0.6305732484076433,4.3630573248407645,1.3821656050955413,0.6878980891719745,0.1464968152866242,0.05732484076433121,0.03821656050955414,0.01910828025477707,0.044585987261146494,0,Literal
0.5495049504950495,40.4,0.9900990099009901,0.0,0.0049504950495049506,15.82,16.56,0.0,0.0,0.0,3.8564356435643563,202.0,5.0,12.149074038789951,0.11386138613861387,0.6683168316831684,4.01980198019802,1.3267326732673268,0.7326732673267327,0.1782178217821782,0.0297029702970297,0.054455445544554455,0.0,0.0049504950495049506,2,Evaluative
0.6079545454545454,25.142857142857142,3.4090909090909087,0.0,0.017045454545454544,9.37,11.42,0.0,0.0,0.0,3.5511363636363638,176.0,7.0,18.6656948240698,0.125,0.6363636363636364,4.079545454545454,1.2840909090909092,0.7159090909090909,0.17045454545454544,0.08522727272727272,0.011363636363636364,0.0,0.017045454545454544,0,Literal
0.5891891891891892,30.833333333333332,1.6216216216216217,0.0,0.005405405405405406,10.6,12.98,0.0,0.0,0.0,4.794594594594595,185.0,6.0,13.424687043734847,0.13513513513513514,0.6702702702702703,3.6972972972972973,1.2,0.7783783783783784,0.15135135135135136,0.03783783783783784,0.02702702702702703,0.0,0.005405405405405406,0,Literal
0.6307692307692307,16.25,4.102564102564102,0.0,0.046153846153846156,7.51,8.14,0.0,0.0,0.0,3.471794871794872,195.0,12.0,13.07244770075172,0.14871794871794872,0.6051282051282051,4.348717948717948,1.4205128205128206,0.6461538461538462,0.14871794871794872,0.08205128205128205,0.05641025641025641,0.005128205128205128,0.041025641025641026,0,Literal
0.6530612244897959,32.666666666666664,2.5510204081632653,0.0,0.04081632653061224,13.77,14.09,0.0,0.0,0.0,3.811224489795918,196.0,6.0,12.120918557051139,0.11224489795918367,0.5306122448979592,4.321428571428571,1.4081632653061225,0.6632653061224489,0.14285714285714285,0.10714285714285714,0.04081632653061224,0.00510204081632653,0.03571428571428571,1,Inferential
0.6729559748427673,11.357142857142858,3.7735849056603774,0.0,0.03773584905660377,8.8,6.05,0.0,0.0,0.0,3.3207547169811322,159.0,14.0,7.622804133463148,0.2138364779874214,0.44025157232704404,5.0,1.6918238993710693,0.5157232704402516,0.1949685534591195,0.14465408805031446,0.0440251572327044,0.006289308176100629,0.031446540880503145,0,Literal
0.5783783783783784,18.5,4.864864864864865,0.0,0.05945945945945946,7.89,9.35,0.0,0.0,0.0,3.264864864864865,185.0,10.0,8.834591105421914,0.12972972972972974,0.5837837837837838,4.308108108108108,1.3783783783783783,0.6972972972972973,0.13513513513513514,0.06486486486486487,0.02702702702702703,0.005405405405405406,0.05405405405405406,0,Literal
0.6582278481012658,22.571428571428573,0.0,0.0,0.0,8.67,9.03,0.0,0.0,0.0,3.588607594936709,158.0,7.0,5.314592925068078,0.13924050632911392,0.6012658227848101,4.082278481012659,1.3101265822784811,0.7088607594936709,0.1962025316455696,0.06329113924050633,0.03164556962025317,0.0,0.0,0,Literal
0.64,37.5,6.666666666666667,0.0,0.02666666666666667,17.21,17.67,0.0,0.0,0.0,4.44,150.0,4.0,9.12071817347735,0.13333333333333333,0.6,4.446666666666666,1.54,0.6866666666666666,0.15333333333333332,0.09333333333333334,0.04,0.013333333333333334,0.013333333333333334,2,Evaluative
0.5927835051546392,24.25,0.0,0.0,0.030927835051546393,9.44,9.7,0.0,0.0,0.0,4.365979381443299,194.0,8.0,12.295832627357937,0.23195876288659795,0.6288659793814433,3.9278350515463916,1.3195876288659794,0.7010309278350515,0.16494845360824742,0.06701030927835051,0.030927835051546393,0.0,0.030927835051546393,0,Literal
0.7087912087912088,18.2,4.945054945054945,0.0,0.04395604395604396,9.79,9.26,0.0,0.0,0.0,3.60989010989011,182.0,10.0,8.52994724485445,0.14835164835164835,0.5769230769230769,4.543956043956044,1.5494505494505495,0.7252747252747253,0.14835164835164835,0.06043956043956044,0.016483516483516484,0.01098901098901099,0.03296703296703297,0,Literal
0.6625766871165644,23.285714285714285,11.65644171779141,0.0,0.147239263803681,15.64,13.98,0.0,0.0,0.0,4.601226993865031,163.0,7.0,11.900951771233446,0.2085889570552147,0.48466257668711654,5.380368098159509,1.8773006134969326,0.5337423312883436,0.12269938650306748,0.09815950920245399,0.08588957055214724,0.03067484662576687,0.1165644171779141,2,Evaluative
0.6517412935323383,28.714285714285715,1.4925373134328357,0.0,0.07960199004975124,11.64,12.08,0.0,0.0,0.0,4.248756218905473,201.0,7.0,16.378183597676014,0.12437810945273632,0.5870646766169154,4.074626865671642,1.3582089552238805,0.6368159203980099,0.1691542288557214,0.0845771144278607,0.029850746268656716,0.0,0.07960199004975124,0,Literal
0.6582278481012658,13.166666666666666,5.063291139240507,0.0,0.06962025316455696,6.95,7.29,0.0,0.0,0.0,2.962025316455696,158.0,12.0,4.474464586219599,0.13924050632911392,0.4873417721518987,4.715189873417722,1.4746835443037976,0.6392405063291139,0.1518987341772152,0.12025316455696203,0.006329113924050633,0.006329113924050633,0.06329113924050633,0,Literal
0.6524390243902439,18.22222222222222,1.8292682926829267,0.0,0.036585365853658534,8.5,8.02,0.0,0.0,0.0,3.475609756097561,164.0,9.0,11.095544651395493,0.16463414634146342,0.5914634146341463,4.195121951219512,1.4390243902439024,0.7073170731707317,0.1402439024390244,0.054878048780487805,0.036585365853658534,0.012195121951219513,0.024390243902439025,0,Literal
0.6137566137566137,11.8125,0.0,0.0,0.021164021164021163,4.06,4.73,0.0,0.0,0.0,2.8412698412698414,189.0,16.0,4.16082924427331,0.13227513227513227,0.5978835978835979,3.9682539682539684,1.2751322751322751,0.7354497354497355,0.13227513227513227,0.05291005291005291,0.0582010582010582,0.005291005291005291,0.015873015873015872,0,Literal
0.6666666666666666,17.7,1.694915254237288,0.0,0.022598870056497175,7.51,7.76,0.0,0.0,0.0,3.1129943502824857,177.0,10.0,9.497894503520241,0.11299435028248588,0.5819209039548022,4.214689265536723,1.3728813559322033,0.6949152542372882,0.1638418079096045,0.07909604519774012,0.03954802259887006,0.0,0.022598870056497175,0,Literal
0.41025641025641024,22.285714285714285,3.205128205128205,0.0,0.038461538461538464,10.42,10.2,0.0,0.0,0.0,3.3525641025641026,156.0,7.0,7.575470619178773,0.11538461538461539,0.5833333333333334,4.455128205128205,1.4679487179487178,0.6089743589743589,0.14743589743589744,0.12179487179487179,0.08333333333333333,0.01282051282051282,0.02564102564102564,0,Literal
0.559748427672956,26.5,8.176100628930817,0.0,0.06918238993710692,13.67,13.87,0.0,0.0,0.0,3.6666666666666665,159.0,6.0,9.480975102218594,0.1320754716981132,0.5345911949685535,4.849056603773585,1.6037735849056605,0.5534591194968553,0.18867924528301888,0.11949685534591195,0.06918238993710692,0.012578616352201259,0.05660377358490566,1,Inferential
0.7298850574712644,21.75,5.172413793103448,0.0,0.13218390804597702,10.46,10.77,0.0,0.0,0.0,3.9367816091954024,174.0,8.0,11.27427935612738,0.1724137931034483,0.5344827586206896,4.4655172413793105,1.4885057471264367,0.6149425287356322,0.1206896551724138,0.08045977011494253,0.034482758620689655,0.005747126436781609,0.12643678160919541,0,Literal
0.5174129353233831,20.1,1.9900497512437811,0.0,0.05970149253731343,9.86,8.84,0.0,0.0,0.0,3.2587064676616917,201.0,10.0,6.587867636800241,0.12935323383084577,0.5373134328358209,4.467661691542289,1.492537313432836,0.6567164179104478,0.12935323383084577,0.10945273631840796,0.024875621890547265,0.009950248756218905,0.04975124378109453,0,Literal
0.6198830409356725,28.5,0.5847953216374269,0.0,0.05847953216374269,9.74,11.63,0.0,0.0,0.0,4.549707602339181,171.0,6.0,14.907119849998598,0.21052631578947367,0.6023391812865497,3.9883040935672516,1.2046783625730995,0.6783625730994152,0.15789473684210525,0.06432748538011696,0.04093567251461988,0.011695906432748537,0.04678362573099415,0,Literal
0.6171428571428571,11.666666666666666,2.2857142857142856,0.0,0.02857142857142857,4.47,5.58,0.0,0.0,0.0,3.4,175.0,15.0,6.936537721050435,0.2857142857142857,0.6514285714285715,4.04,1.3142857142857143,0.7085714285714285,0.14857142857142858,0.07428571428571429,0.04,0.0,0.02857142857142857,0,Literal
0.6524390243902439,20.5,2.4390243902439024,0.0,0.024390243902439025,8.02,9.18,0.0,0.0,0.0,3.1646341463414633,164.0,8.0,10.476163419878482,0.0975609756097561,0.5853658536585366,4.2926829268292686,1.3231707317073171,0.6707317073170732,0.21341463414634146,0.042682926829268296,0.04878048780487805,0.0,0.024390243902439025,0,Literal
0.6385542168674698,27.666666666666668,9.036144578313253,0.0,0.04216867469879518,14.53,14.68,0.0,0.0,0.0,3.6325301204819276,166.0,6.0,10.257788368952745,0.13855421686746988,0.5843373493975904,4.759036144578313,1.6385542168674698,0.6746987951807228,0.16265060240963855,0.06626506024096386,0.04819277108433735,0.030120481927710843,0.012048192771084338,1,Inferential
0.5824742268041238,21.555555555555557,2.5773195876288657,0.0,0.05154639175257732,9.3,9.65,0.0,0.0,0.0,4.515463917525773,194.0,9.0,7.180219742846005,0.18041237113402062,0.5927835051546392,4.154639175257732,1.3969072164948453,0.6855670103092784,0.17010309278350516,0.041237113402061855,0.04639175257731959,0.0,0.05154639175257732,0,Literal
0.6766467065868264,23.857142857142858,5.389221556886228,0.0,0.059880239520958084,12.16,11.7,0.0,0.0,0.0,3.904191616766467,167.0,7.0,7.610411772495545,0.1377245508982036,0.6047904191616766,4.790419161676646,1.562874251497006,0.6227544910179641,0.18562874251497005,0.08383233532934131,0.04790419161676647,0.017964071856287425,0.041916167664670656,1,Inferential
0.6166666666666667,18.0,7.777777777777778,0.0,0.08888888888888889,10.64,10.31,0.0,0.0,0.0,3.2666666666666666,180.0,10.0,6.572670690061994,0.1388888888888889,0.5777777777777777,4.772222222222222,1.6277777777777778,0.6222222222222222,0.1388888888888889,0.1,0.05,0.022222222222222223,0.06666666666666667,0,Literal
0.6480446927374302,35.8,6.70391061452514,0.0,0.0111731843575419,15.45,17.0,0.0,0.0,0.0,4.033519553072626,179.0,5.0,15.806327846783391,0.11173184357541899,0.5363128491620112,4.636871508379889,1.446927374301676,0.6927374301675978,0.16201117318435754,0.09497206703910614,0.03910614525139665,0.00558659217877095,0.00558659217877095,2,Evaluative
0.6645962732919255,10.733333333333333,2.484472049689441,0.0,0.037267080745341616,5.45,5.29,0.0,0.0,0.0,3.484472049689441,161.0,15.0,5.57932692077538,0.2919254658385093,0.5217391304347826,4.459627329192546,1.4285714285714286,0.7701863354037267,0.11801242236024845,0.018633540372670808,0.012422360248447204,0.0,0.037267080745341616,0,Literal
0.621301775147929,15.363636363636363,0.591715976331361,0.0,0.023668639053254437,4.72,6.38,0.0,0.0,0.0,3.2958579881656807,169.0,11.0,6.595766235351657,0.13609467455621302,0.6035502958579881,3.757396449704142,1.21301775147929,0.7692307692307693,0.13609467455621302,0.03550295857988166,0.03550295857988166,0.0,0.023668639053254437,0,Literal
0.5736040609137056,9.85,2.030456852791878,0.0,0.01015228426395939,4.18,4.75,0.0,0.0,0.0,2.9289340101522843,197.0,20.0,4.311612227462019,0.19289340101522842,0.5329949238578681,4.030456852791878,1.350253807106599,0.7411167512690355,0.16243654822335024,0.04060913705583756,0.01015228426395939,0.0,0.01015228426395939,0,Literal
0.6086956521739131,8.944444444444445,0.0,0.0,0.031055900621118012,2.48,3.58,0.0,0.0,0.0,3.3229813664596275,161.0,18.0,6.8276851092165405,0.22981366459627328,0.6086956521739131,3.981366459627329,1.236024844720497,0.6956521739130435,0.15527950310559005,0.06832298136645963,0.049689440993788817,0.0,0.031055900621118012,0,Literal
0.6153846153846154,17.727272727272727,3.5897435897435894,0.0,0.06153846153846154,8.81,8.53,0.0,0.0,0.0,3.9692307692307693,195.0,11.0,8.461873656887342,0.1794871794871795,0.5435897435897435,4.466666666666667,1.4820512820512821,0.6717948717948717,0.1282051282051282,0.08717948717948718,0.05128205128205128,0.005128205128205128,0.05641025641025641,0,Literal
0.6285714285714286,10.76923076923077,10.0,0.0,0.0,8.16,8.31,0.0,0.0,0.0,2.7928571428571427,140.0,13.0,3.911748349258806,0.17857142857142858,0.45,5.107142857142857,1.6571428571428573,0.5214285714285715,0.17142857142857143,0.22142857142857142,0.08571428571428572,0.0,0.0,0,Literal
0.5757575757575758,41.25,0.0,0.0,0.006060606060606061,14.94,16.5,0.0,0.0,0.0,4.6,165.0,4.0,3.031088913245535,0.15757575757575756,0.6545454545454545,3.727272727272727,1.2242424242424241,0.7696969696969697,0.1696969696969697,0.024242424242424242,0.030303030303030304,0.0,0.006060606060606061,1,Inferential
0.6781609195402298,21.75,4.597701149425287,0.0,0.034482758620689655,10.39,10.54,0.0,0.0,0.0,4.580459770114943,174.0,8.0,18.965429075030176,0.15517241379310345,0.6149425287356322,4.2988505747126435,1.4827586206896552,0.6609195402298851,0.1839080459770115,0.08045977011494253,0.040229885057471264,0.011494252873563218,0.022988505747126436,0,Literal
0.625,28.0,3.571428571428571,0.0,0.03571428571428571,10.92,12.63,0.0,0.0,0.0,3.9166666666666665,168.0,6.0,9.585869229698936,0.13095238095238096,0.6071428571428571,4.208333333333333,1.3214285714285714,0.6666666666666666,0.19642857142857142,0.05357142857142857,0.047619047619047616,0.005952380952380952,0.02976190476190476,0,Literal
0.6204819277108434,33.2,6.626506024096386,0.0,0.03614457831325301,16.2,15.93,0.0,0.0,0.0,5.337349397590361,166.0,5.0,25.726251184344754,0.13253012048192772,0.6144578313253012,4.753012048192771,1.5963855421686748,0.6204819277108434,0.18674698795180722,0.05421686746987952,0.0963855421686747,0.006024096385542169,0.030120481927710843,2,Evaluative
0.5947368421052631,21.11111111111111,3.684210526315789,0.0,0.021052631578947368,10.41,9.92,0.0,0.0,0.0,3.289473684210526,190.0,9.0,7.80945928480248,0.11052631578947368,0.5421052631578948,4.484210526315789,1.5052631578947369,0.6157894736842106,0.2,0.1,0.02631578947368421,0.005263157894736842,0.015789473684210527,0,Literal
0.6149732620320856,26.714285714285715,5.347593582887701,0.0,0.0106951871657754,10.73,12.82,0.0,0.0,0.0,3.823529411764706,187.0,7.0,11.703828084722309,0.12299465240641712,0.6203208556149733,4.25668449197861,1.3475935828877006,0.6524064171122995,0.17647058823529413,0.12299465240641712,0.0213903743315508,0.0053475935828877,0.0053475935828877,0,Literal
0.5812807881773399,33.833333333333336,8.374384236453201,0.0,0.024630541871921183,15.33,16.88,0.0,0.0,0.0,4.1330049261083746,203.0,6.0,18.79716290649558,0.1330049261083744,0.6600985221674877,4.413793103448276,1.5024630541871922,0.6305418719211823,0.24630541871921183,0.04926108374384237,0.04926108374384237,0.0049261083743842365,0.019704433497536946,2,Evaluative
0.6296296296296297,40.5,0.6172839506172839,0.0,0.09259259259259259,15.36,16.45,0.0,0.0,0.0,4.098765432098766,162.0,4.0,10.917302780449024,0.1111111111111111,0.5925925925925926,4.067901234567901,1.2839506172839505,0.654320987654321,0.17901234567901234,0.037037037037037035,0.037037037037037035,0.024691358024691357,0.06790123456790123,2,Evaluative
0.6577540106951871,31.166666666666668,6.951871657754011,0.0,0.0374331550802139,15.24,15.25,0.0,0.0,0.0,4.005347593582887,187.0,6.0,9.556847457887633,0.11229946524064172,0.5668449197860963,4.882352941176471,1.5828877005347595,0.6096256684491979,0.1711229946524064,0.10695187165775401,0.058823529411764705,0.0106951871657754,0.026737967914438502,2,Evaluative
0.7328767123287672,29.2,2.73972602739726,0.0,0.0684931506849315,12.85,12.78,0.0,0.0,0.0,3.8972602739726026,146.0,5.0,8.44748483277715,0.1780821917808219,0.5068493150684932,4.671232876712328,1.4452054794520548,0.5753424657534246,0.22602739726027396,0.07534246575342465,0.0547945205479452,0.00684931506849315,0.06164383561643835,1,Inferential
0.6645569620253164,22.571428571428573,1.89873417721519,0.0,0.0759493670886076,8.9,9.79,0.0,0.0,0.0,4.531645569620253,158.0,7.0,11.672398980465998,0.2721518987341772,0.5063291139240507,4.424050632911392,1.3291139240506329,0.689873417721519,0.12658227848101267,0.0379746835443038,0.06962025316455696,0.0189873417721519,0.056962025316455694,0,Literal
0.5644171779141104,27.166666666666668,5.521472392638037,0.0,0.06134969325153374,12.89,13.08,0.0,0.0,0.0,4.601226993865031,163.0,6.0,8.99536917900909,0.12269938650306748,0.4601226993865031,4.570552147239264,1.5153374233128833,0.6134969325153374,0.20245398773006135,0.05521472392638037,0.06134969325153374,0.018404907975460124,0.04294478527607362,1,Inferential
0.4745762711864407,7.375,0.0,0.0,0.022598870056497175,2.02,2.95,0.0,0.0,0.0,2.23728813559322,177.0,24.0,2.6896793489187516,0.1638418079096045,0.6101694915254238,4.056497175141243,1.2485875706214689,0.8022598870056498,0.07909604519774012,0.03954802259887006,0.04519774011299435,0.0,0.022598870056497175,0,Literal
0.5181347150259067,6.433333333333334,0.0,0.0,0.11398963730569948,2.2,2.57,0.0,0.0,0.0,2.761658031088083,193.0,30.0,3.721409529854097,0.34196891191709844,0.5284974093264249,3.9689119170984455,1.2953367875647668,0.7046632124352331,0.12953367875647667,0.031088082901554404,0.010362694300518135,0.05699481865284974,0.05699481865284974,0,Literal
0.4444444444444444,15.3,0.0,0.0,0.09803921568627451,7.04,6.12,0.0,0.0,0.0,3.5686274509803924,153.0,10.0,7.175653280364095,0.17647058823529413,0.5294117647058824,4.313725490196078,1.411764705882353,0.7450980392156863,0.0784313725490196,0.032679738562091505,0.0457516339869281,0.0,0.09803921568627451,0,Literal
0.5515463917525774,16.166666666666668,10.309278350515463,0.0,0.07731958762886598,11.03,10.59,0.0,0.0,0.0,3.11340206185567,194.0,12.0,3.559026084010437,0.15979381443298968,0.4948453608247423,5.087628865979381,1.7216494845360826,0.5309278350515464,0.21649484536082475,0.1134020618556701,0.05670103092783505,0.0,0.07731958762886598,0,Literal
0.5347593582887701,18.7,1.06951871657754,0.0,0.053475935828877004,7.29,7.91,0.0,0.0,0.0,4.176470588235294,187.0,10.0,6.000833275471,0.20320855614973263,0.5828877005347594,4.197860962566845,1.320855614973262,0.6470588235294118,0.1711229946524064,0.11229946524064172,0.016042780748663103,0.0053475935828877,0.0481283422459893,0,Literal
0.657608695652174,23.0,3.804347826086957,0.0,0.05434782608695652,9.09,10.72,0.0,0.0,0.0,4.603260869565218,184.0,8.0,10.594072635205027,0.16847826086956522,0.6086956521739131,4.1521739130434785,1.3315217391304348,0.7065217391304348,0.14130434782608695,0.08152173913043478,0.016304347826086956,0.005434782608695652,0.04891304347826087,0,Literal
0.6438356164383562,29.2,4.10958904109589,0.0,0.0273972602739726,12.29,13.32,0.0,0.0,0.0,3.232876712328767,146.0,5.0,5.635601121442148,0.1232876712328767,0.6027397260273972,4.438356164383562,1.3972602739726028,0.7123287671232876,0.17123287671232876,0.0410958904109589,0.04794520547945205,0.00684931506849315,0.02054794520547945,1,Inferential
0.5824175824175825,36.4,2.197802197802198,0.0,0.038461538461538464,13.26,15.44,0.0,0.0,0.0,5.0,182.0,5.0,17.652195330892983,0.16483516483516483,0.6428571428571429,3.8736263736263736,1.2417582417582418,0.7967032967032966,0.10989010989010989,0.03296703296703297,0.02197802197802198,0.01098901098901099,0.027472527472527472,1,Inferential
0.5643564356435643,20.2,0.0,0.0,0.07920792079207921,6.54,8.08,0.0,0.0,0.0,3.707920792079208,202.0,10.0,9.08845421400141,0.1485148514851485,0.6039603960396039,3.8366336633663365,1.2079207920792079,0.7178217821782178,0.12871287128712872,0.04950495049504951,0.024752475247524754,0.0297029702970297,0.04950495049504951,0,Literal
0.532967032967033,9.578947368421053,2.197802197802198,0.0,0.038461538461538464,5.39,4.71,0.0,0.0,0.0,2.82967032967033,182.0,19.0,4.759594479804805,0.15384615384615385,0.5164835164835165,4.2032967032967035,1.4615384615384615,0.7087912087912088,0.14285714285714285,0.04395604395604396,0.06593406593406594,0.005494505494505495,0.03296703296703297,0,Literal
0.6648936170212766,31.333333333333332,3.723404255319149,0.0,0.05319148936170213,15.21,14.02,0.0,0.0,0.0,3.6808510638297873,188.0,6.0,15.236104780713767,0.11702127659574468,0.5425531914893617,4.670212765957447,1.574468085106383,0.5797872340425532,0.19148936170212766,0.1276595744680851,0.047872340425531915,0.010638297872340425,0.0425531914893617,2,Evaluative
0.6395348837209303,24.571428571428573,3.488372093023256,0.0,0.06395348837209303,10.25,11.22,0.0,0.0,0.0,3.5290697674418605,172.0,7.0,10.153917510809634,0.11627906976744186,0.5988372093023255,4.296511627906977,1.377906976744186,0.6744186046511628,0.13372093023255813,0.08139534883720931,0.046511627906976744,0.011627906976744186,0.05232558139534884,0,Literal
0.5723270440251572,7.95,5.031446540880504,0.0,0.018867924528301886,4.28,5.19,0.0,0.0,0.0,3.3144654088050314,159.0,20.0,6.6968276071584825,0.32075471698113206,0.559748427672956,4.371069182389937,1.421383647798742,0.6855345911949685,0.18238993710691823,0.025157232704402517,0.0440251572327044,0.0,0.018867924528301886,0,Literal
0.592391304347826,10.222222222222221,0.0,0.0,0.059782608695652176,3.27,4.09,0.0,0.0,0.0,3.027173913043478,184.0,18.0,4.927874858119263,0.17391304347826086,0.6032608695652174,3.8532608695652173,1.2608695652173914,0.7010869565217391,0.125,0.05434782608695652,0.059782608695652176,0.03260869565217391,0.02717391304347826,0,Literal
0.6648351648351648,20.22222222222222,4.945054945054945,0.0,0.038461538461538464,10.32,10.07,0.0,0.0,0.0,3.3516483516483517,182.0,9.0,10.159226178366632,0.11538461538461539,0.532967032967033,4.653846153846154,1.5274725274725274,0.6868131868131868,0.12087912087912088,0.08791208791208792,0.06593406593406594,0.01098901098901099,0.027472527472527472,0,Literal
0.654320987654321,27.0,1.2345679012345678,0.0,0.06172839506172839,10.38,11.29,0.0,0.0,0.0,3.6666666666666665,162.0,6.0,7.8616509433805035,0.16666666666666666,0.49382716049382713,4.265432098765432,1.308641975308642,0.6790123456790124,0.10493827160493827,0.09259259259259259,0.06172839506172839,0.024691358024691357,0.037037037037037035,0,Literal
0.6275510204081632,24.5,4.081632653061225,0.0,0.09183673469387756,11.42,11.43,0.0,0.0,0.0,3.3622448979591835,196.0,8.0,13.0,0.10204081632653061,0.6224489795918368,4.224489795918367,1.4795918367346939,0.6326530612244898,0.11224489795918367,0.08163265306122448,0.07142857142857142,0.04591836734693878,0.04591836734693878,0,Literal
0.6193181818181818,25.142857142857142,9.090909090909092,0.0,0.011363636363636364,15.87,13.69,0.0,0.0,0.0,4.318181818181818,176.0,7.0,18.45457744223445,0.14772727272727273,0.5170454545454546,5.6022727272727275,1.8352272727272727,0.5625,0.24431818181818182,0.14772727272727273,0.03409090909090909,0.005681818181818182,0.005681818181818182,2,Evaluative
0.6582914572864321,24.875,5.527638190954774,0.0,0.010050251256281407,12.32,12.16,0.0,0.0,0.0,3.437185929648241,199.0,8.0,12.519984025548915,0.1658291457286432,0.5326633165829145,4.628140703517588,1.5427135678391959,0.6231155778894473,0.18090452261306533,0.12562814070351758,0.06030150753768844,0.0,0.010050251256281407,1,Inferential
0.5380710659898477,32.833333333333336,8.629441624365482,0.0,0.03553299492385787,15.84,16.59,0.0,0.0,0.0,4.299492385786802,197.0,6.0,15.889374506953452,0.1319796954314721,0.5989847715736041,4.746192893401015,1.5786802030456852,0.583756345177665,0.15736040609137056,0.13705583756345177,0.08629441624365482,0.005076142131979695,0.030456852791878174,2,Evaluative
0.6354166666666666,21.333333333333332,2.083333333333333,0.0,0.052083333333333336,8.34,9.37,0.0,0.0,0.0,3.2864583333333335,192.0,9.0,7.866164453523492,0.11979166666666667,0.5520833333333334,4.182291666666667,1.3229166666666667,0.7552083333333334,0.09895833333333333,0.046875,0.036458333333333336,0.010416666666666666,0.041666666666666664,0,Literal
0.6503067484662577,18.11111111111111,5.521472392638037,0.0,0.05521472392638037,10.87,9.45,0.0,0.0,0.0,3.245398773006135,163.0,9.0,6.599663291074443,0.12883435582822086,0.6012269938650306,4.54601226993865,1.6441717791411044,0.5644171779141104,0.25766871165644173,0.09815950920245399,0.024539877300613498,0.0,0.05521472392638037,0,Literal
0.56,25.0,2.666666666666667,0.0,0.06666666666666667,10.52,11.07,0.0,0.0,0.0,4.22,150.0,6.0,8.65383665716478,0.22666666666666666,0.5733333333333334,4.3133333333333335,1.3866666666666667,0.7466666666666667,0.1,0.04,0.04666666666666667,0.0,0.06666666666666667,0,Literal
0.6705882352941176,21.25,2.941176470588235,0.0,0.01764705882352941,8.8,9.68,0.0,0.0,0.0,3.9235294117647057,170.0,8.0,9.64931992422264,0.14705882352941177,0.5705882352941176,4.323529411764706,1.3647058823529412,0.6705882352941176,0.1588235294117647,0.08235294117647059,0.07058823529411765,0.011764705882352941,0.0058823529411764705,0,Literal
0.5527950310559007,20.125,10.559006211180124,0.0,0.031055900621118012,13.0,12.27,0.0,0.0,0.0,3.7080745341614905,161.0,8.0,8.926785535678562,0.10559006211180125,0.5217391304347826,5.3354037267080745,1.7577639751552796,0.5590062111801242,0.16770186335403728,0.19254658385093168,0.049689440993788817,0.0,0.031055900621118012,1,Inferential
0.5987654320987654,16.2,0.6172839506172839,0.0,0.06172839506172839,6.46,6.73,0.0,0.0,0.0,3.111111111111111,162.0,10.0,5.621387729022079,0.11728395061728394,0.6234567901234568,3.9382716049382718,1.3333333333333333,0.808641975308642,0.09259259259259259,0.018518518518518517,0.018518518518518517,0.0,0.06172839506172839,0,Literal
0.5316455696202531,12.153846153846153,9.49367088607595,0.0,0.0,7.82,8.66,0.0,0.0,0.0,3.1772151898734178,158.0,13.0,3.830738337842687,0.23417721518987342,0.5316455696202531,4.80379746835443,1.5822784810126582,0.759493670886076,0.15822784810126583,0.0189873417721519,0.06329113924050633,0.0,0.0,0,Literal
0.6129032258064516,11.923076923076923,1.935483870967742,0.0,0.0064516129032258064,4.29,5.54,0.0,0.0,0.0,2.9419354838709677,155.0,13.0,3.2581259360842107,0.17419354838709677,0.6258064516129033,3.8838709677419354,1.2903225806451613,0.8193548387096774,0.14838709677419354,0.025806451612903226,0.0,0.0,0.0064516129032258064,0,Literal
0.7333333333333333,25.0,2.666666666666667,0.0,0.03333333333333333,11.23,11.07,0.0,0.0,0.0,3.466666666666667,150.0,6.0,7.06320670013903,0.09333333333333334,0.5866666666666667,4.273333333333333,1.4466666666666668,0.6733333333333333,0.12,0.08666666666666667,0.08,0.006666666666666667,0.02666666666666667,0,Literal
0.5833333333333334,15.0,1.6666666666666667,0.0,0.03888888888888889,6.19,6.67,0.0,0.0,0.0,2.9166666666666665,180.0,12.0,5.49241901776136,0.1111111111111111,0.5611111111111111,4.35,1.35,0.6944444444444444,0.16666666666666666,0.05555555555555555,0.044444444444444446,0.005555555555555556,0.03333333333333333,0,Literal
0.6167664670658682,18.555555555555557,4.191616766467066,0.0,0.011976047904191617,10.23,9.1,0.0,0.0,0.0,3.802395209580838,167.0,9.0,7.856742013183861,0.19161676646706588,0.49700598802395207,4.730538922155689,1.5748502994011977,0.688622754491018,0.16766467065868262,0.11377245508982035,0.017964071856287425,0.0,0.011976047904191617,0,Literal
0.6206896551724138,58.0,1.7241379310344827,0.0,0.10919540229885058,23.92,23.89,0.0,0.0,0.0,4.959770114942529,174.0,3.0,20.54263858417414,0.13793103448275862,0.5747126436781609,4.339080459770115,1.4310344827586208,0.6436781609195402,0.12643678160919541,0.07471264367816093,0.034482758620689655,0.005747126436781609,0.10344827586206896,2,Evaluative
0.6815286624203821,22.428571428571427,2.547770700636943,0.0,0.06369426751592357,10.29,9.99,0.0,0.0,0.0,4.1847133757961785,157.0,7.0,15.285046714394579,0.15286624203821655,0.5414012738853503,4.292993630573249,1.4522292993630572,0.6050955414012739,0.16560509554140126,0.07643312101910828,0.08917197452229299,0.0,0.06369426751592357,0,Literal
0.5753424657534246,5.84,0.0,0.0,0.11643835616438356,2.04,2.34,0.0,0.0,0.0,2.691780821917808,146.0,25.0,2.8238980151556468,0.3561643835616438,0.5273972602739726,3.7054794520547945,1.3013698630136987,0.6301369863013698,0.15753424657534246,0.04794520547945205,0.0136986301369863,0.0,0.11643835616438356,0,Literal
0.6438356164383562,29.2,0.684931506849315,0.0,0.02054794520547945,11.23,11.95,0.0,0.0,0.0,3.6232876712328768,146.0,5.0,9.88736567544662,0.11643835616438356,0.6643835616438356,4.0479452054794525,1.3082191780821917,0.7945205479452054,0.0821917808219178,0.0684931506849315,0.0273972602739726,0.0,0.02054794520547945,0,Literal
0.5714285714285714,32.2,1.8633540372670807,0.0,0.08074534161490683,11.48,13.63,0.0,0.0,0.0,4.739130434782608,161.0,5.0,24.091492274244864,0.15527950310559005,0.6086956521739131,4.031055900621118,1.2298136645962734,0.6583850931677019,0.19254658385093168,0.043478260869565216,0.024844720496894408,0.0,0.08074534161490683,0,Literal
0.6402439024390244,20.5,1.2195121951219512,0.0,0.03048780487804878,8.81,8.69,0.0,0.0,0.0,4.152439024390244,164.0,8.0,8.5,0.16463414634146342,0.5670731707317073,4.225609756097561,1.3902439024390243,0.7195121951219512,0.13414634146341464,0.036585365853658534,0.07926829268292683,0.006097560975609756,0.024390243902439025,0,Literal
0.5755813953488372,57.333333333333336,0.0,0.0,0.046511627906976744,20.83,22.93,0.0,0.0,0.0,4.819767441860465,172.0,3.0,29.169999809545576,0.16279069767441862,0.627906976744186,3.895348837209302,1.191860465116279,0.6976744186046512,0.18023255813953487,0.040697674418604654,0.03488372093023256,0.011627906976744186,0.03488372093023256,2,Evaluative
0.6257668711656442,11.642857142857142,1.2269938650306749,0.0,0.018404907975460124,4.95,5.15,0.0,0.0,0.0,2.9693251533742333,163.0,14.0,7.0930405673304815,0.17177914110429449,0.5705521472392638,4.276073619631902,1.3558282208588956,0.7484662576687117,0.12883435582822086,0.0736196319018405,0.0,0.0,0.018404907975460124,0,Literal
0.6785714285714286,24.0,3.571428571428571,0.0,0.08928571428571429,10.21,11.03,0.0,0.0,0.0,4.178571428571429,168.0,7.0,5.229430062206608,0.10714285714285714,0.5535714285714286,4.339285714285714,1.3928571428571428,0.6488095238095238,0.1130952380952381,0.1130952380952381,0.03571428571428571,0.017857142857142856,0.07142857142857142,0,Literal
0.589041095890411,14.6,0.0,0.0,0.02054794520547945,3.68,5.84,0.0,0.0,0.0,3.3698630136986303,146.0,10.0,8.052328855678958,0.19863013698630136,0.6438356164383562,3.4794520547945207,1.1506849315068493,0.7328767123287672,0.1643835616438356,0.03424657534246575,0.04794520547945205,0.0,0.02054794520547945,0,Literal
0.6184971098265896,14.416666666666666,9.248554913294797,0.0,0.05202312138728324,10.97,9.47,0.0,0.0,0.0,2.791907514450867,173.0,12.0,7.039570693980959,0.1329479768786127,0.4508670520231214,5.271676300578035,1.7745664739884393,0.5433526011560693,0.18497109826589594,0.15028901734104047,0.06358381502890173,0.023121387283236993,0.028901734104046242,0,Literal
0.6206896551724138,18.125,0.0,0.0,0.041379310344827586,5.64,7.25,0.0,0.0,0.0,3.4689655172413794,145.0,8.0,9.45714015968887,0.09655172413793103,0.6206896551724138,3.820689655172414,1.2,0.7655172413793103,0.13793103448275862,0.041379310344827586,0.013793103448275862,0.0,0.041379310344827586,0,Literal
0.5375722543352601,15.727272727272727,18.497109826589593,0.0,0.011560693641618497,12.03,13.69,0.0,0.0,0.0,3.0809248554913293,173.0,11.0,7.035917298505218,0.11560693641618497,0.5144508670520231,5.38728323699422,1.8208092485549132,0.5606936416184971,0.2832369942196532,0.11560693641618497,0.028901734104046242,0.011560693641618497,0.0,1,Inferential
0.6838709677419355,15.5,2.5806451612903225,0.0,0.0967741935483871,7.43,7.23,0.0,0.0,0.0,3.9935483870967743,155.0,10.0,16.107141273360707,0.2129032258064516,0.45161290322580644,4.619354838709677,1.4387096774193548,0.6129032258064516,0.10967741935483871,0.12903225806451613,0.03870967741935484,0.012903225806451613,0.08387096774193549,0,Literal
0.577922077922078,19.25,1.948051948051948,0.0,0.03896103896103896,9.85,8.48,0.0,0.0,0.0,3.3506493506493507,154.0,8.0,6.923691212063114,0.1038961038961039,0.564935064935065,4.376623376623376,1.5194805194805194,0.6948051948051948,0.18831168831168832,0.03896103896103896,0.03896103896103896,0.0,0.03896103896103896,0,Literal
0.5872093023255814,15.636363636363637,4.069767441860465,0.0,0.03488372093023256,9.37,7.88,0.0,0.0,0.0,3.0406976744186047,172.0,11.0,8.875632907242855,0.10465116279069768,0.46511627906976744,5.0,1.5988372093023255,0.6337209302325582,0.1744186046511628,0.10465116279069768,0.05232558139534884,0.0,0.03488372093023256,0,Literal
0.5196078431372549,12.0,3.431372549019608,0.0,0.014705882352941176,6.62,6.17,0.0,0.0,0.0,3.014705882352941,204.0,17.0,6.482876033127555,0.1715686274509804,0.5441176470588235,4.715686274509804,1.4852941176470589,0.6568627450980392,0.23039215686274508,0.06862745098039216,0.029411764705882353,0.0,0.014705882352941176,0,Literal
0.6666666666666666,21.428571428571427,4.666666666666667,0.0,0.06,10.0,10.44,0.0,0.0,0.0,4.82,150.0,7.0,14.430692913342162,0.19333333333333333,0.5666666666666667,4.4,1.46,0.7066666666666667,0.14,0.04666666666666667,0.03333333333333333,0.006666666666666667,0.05333333333333334,0,Literal
0.6134020618556701,13.857142857142858,0.0,0.0,0.05670103092783505,4.47,5.54,0.0,0.0,0.0,4.211340206185567,194.0,14.0,6.197431989566818,0.28350515463917525,0.6134020618556701,3.88659793814433,1.2422680412371134,0.6958762886597938,0.12886597938144329,0.0979381443298969,0.020618556701030927,0.015463917525773196,0.041237113402061855,0,Literal
0.525,9.523809523809524,1.5,0.0,0.015,3.76,4.41,0.0,0.0,0.0,2.415,200.0,21.0,2.5376976370427102,0.15,0.6,4.35,1.325,0.595,0.17,0.19,0.03,0.0,0.015,0,Literal
0.5786163522012578,31.8,4.40251572327044,0.0,0.06289308176100629,15.14,14.48,0.0,0.0,0.0,3.8742138364779874,159.0,5.0,5.2687759489277965,0.1320754716981132,0.5408805031446541,4.528301886792453,1.5534591194968554,0.610062893081761,0.11949685534591195,0.11320754716981132,0.09433962264150944,0.012578616352201259,0.050314465408805034,2,Evaluative
0.6547619047619048,18.666666666666668,2.380952380952381,0.0,0.02976190476190476,9.04,8.42,0.0,0.0,0.0,3.7083333333333335,168.0,9.0,12.22727168421092,0.1488095238095238,0.5,4.529761904761905,1.4702380952380953,0.5833333333333334,0.17857142857142858,0.125,0.08333333333333333,0.0,0.02976190476190476,0,Literal
0.6583850931677019,20.125,9.316770186335404,0.0,0.08074534161490683,14.25,11.78,0.0,0.0,0.0,3.987577639751553,161.0,8.0,11.92424001771182,0.2608695652173913,0.40993788819875776,5.627329192546584,1.8633540372670807,0.4409937888198758,0.21739130434782608,0.10559006211180125,0.13664596273291926,0.006211180124223602,0.07453416149068323,1,Inferential
0.5989847715736041,21.88888888888889,3.0456852791878175,0.0,0.02030456852791878,10.26,9.97,0.0,0.0,0.0,5.16751269035533,197.0,9.0,15.070206073943087,0.2131979695431472,0.6294416243654822,4.2639593908629445,1.467005076142132,0.7055837563451777,0.15736040609137056,0.04568527918781726,0.050761421319796954,0.005076142131979695,0.015228426395939087,0,Literal
0.5371428571428571,21.875,2.2857142857142856,0.0,0.04,9.73,9.66,0.0,0.0,0.0,4.44,175.0,8.0,10.252286330375288,0.16,0.64,4.2628571428571425,1.4228571428571428,0.6685714285714286,0.14285714285714285,0.12,0.02857142857142857,0.0,0.04,0,Literal
0.48322147651006714,10.642857142857142,1.342281879194631,0.0,0.06040268456375839,5.11,4.79,0.0,0.0,0.0,2.4630872483221475,149.0,14.0,3.5340905362437094,0.174496644295302,0.6040268456375839,4.395973154362416,1.4026845637583893,0.5637583892617449,0.22818791946308725,0.09395973154362416,0.053691275167785234,0.020134228187919462,0.040268456375838924,0,Literal
0.672316384180791,17.7,2.2598870056497176,0.0,0.10734463276836158,8.18,7.98,0.0,0.0,0.0,3.559322033898305,177.0,10.0,7.887331614684398,0.1694915254237288,0.4576271186440678,4.632768361581921,1.4293785310734464,0.5932203389830508,0.14124293785310735,0.10734463276836158,0.03954802259887006,0.022598870056497175,0.0847457627118644,0,Literal
0.6540880503144654,26.5,3.7735849056603774,0.0,0.050314465408805034,12.41,12.11,0.0,0.0,0.0,3.59748427672956,159.0,6.0,9.529194905948536,0.1320754716981132,0.5471698113207547,4.60377358490566,1.4968553459119496,0.6729559748427673,0.14465408805031446,0.08176100628930817,0.03773584905660377,0.0,0.050314465408805034,1,Inferential
0.6,18.75,8.666666666666668,0.0,0.02,10.92,10.97,0.0,0.0,0.0,3.1933333333333334,150.0,8.0,9.575359001102779,0.07333333333333333,0.5733333333333334,4.88,1.6266666666666667,0.6333333333333333,0.18666666666666668,0.10666666666666667,0.05333333333333334,0.013333333333333334,0.006666666666666667,0,Literal
0.5209580838323353,15.181818181818182,7.18562874251497,0.0,0.09580838323353294,9.76,8.95,0.0,0.0,0.0,3.143712574850299,167.0,11.0,4.4610342350491985,0.17365269461077845,0.47305389221556887,4.922155688622754,1.6467065868263473,0.49101796407185627,0.1437125748502994,0.059880239520958084,0.1317365269461078,0.0,0.09580838323353294,0,Literal
0.5833333333333334,33.6,0.5952380952380952,0.0,0.017857142857142856,12.69,13.68,0.0,0.0,0.0,4.428571428571429,168.0,5.0,16.69730517179344,0.125,0.625,3.9702380952380953,1.2857142857142858,0.7202380952380952,0.1488095238095238,0.047619047619047616,0.05952380952380952,0.005952380952380952,0.011904761904761904,1,Inferential
0.6646706586826348,12.846153846153847,4.790419161676647,0.0,0.041916167664670656,6.87,7.05,0.0,0.0,0.0,3.532934131736527,167.0,13.0,8.592001234118893,0.1377245508982036,0.5688622754491018,4.550898203592815,1.4790419161676647,0.6107784431137725,0.23353293413173654,0.0718562874251497,0.03592814371257485,0.0,0.041916167664670656,0,Literal
0.6111111111111112,19.8,3.535353535353535,0.0,0.030303030303030304,8.7,9.33,0.0,0.0,0.0,3.186868686868687,198.0,10.0,8.42852300228219,0.12121212121212122,0.5555555555555556,4.353535353535354,1.404040404040404,0.6616161616161617,0.15656565656565657,0.10101010101010101,0.050505050505050504,0.005050505050505051,0.025252525252525252,0,Literal
0.5070422535211268,17.75,0.7042253521126761,0.0,0.007042253521126761,6.37,7.38,0.0,0.0,0.0,3.3380281690140845,142.0,8.0,13.635890143294644,0.09154929577464789,0.6056338028169014,3.971830985915493,1.2746478873239437,0.8450704225352113,0.1056338028169014,0.035211267605633804,0.007042253521126761,0.007042253521126761,0.0,0,Literal
0.6274509803921569,21.857142857142858,13.071895424836603,0.0,0.08496732026143791,14.91,13.97,0.0,0.0,0.0,3.7777777777777777,153.0,7.0,4.681705602335411,0.1568627450980392,0.48366013071895425,5.222222222222222,1.8627450980392157,0.5098039215686274,0.2222222222222222,0.0915032679738562,0.08496732026143791,0.0196078431372549,0.06535947712418301,1,Inferential
0.5944055944055944,7.944444444444445,0.0,0.0,0.006993006993006993,3.27,3.18,0.0,0.0,0.0,2.6223776223776225,143.0,18.0,2.6764865489879788,0.1958041958041958,0.6083916083916084,4.153846153846154,1.3356643356643356,0.7062937062937062,0.22377622377622378,0.055944055944055944,0.006993006993006993,0.0,0.006993006993006993,0,Literal
0.5609756097560976,41.0,4.878048780487805,0.0,0.036585365853658534,19.9,18.35,0.0,0.0,0.0,4.189024390243903,164.0,4.0,23.284920012746447,0.06707317073170732,0.5365853658536586,4.762195121951219,1.6524390243902438,0.5426829268292683,0.18902439024390244,0.11585365853658537,0.11585365853658537,0.0,0.036585365853658534,2,Evaluative
0.6534090909090909,44.0,1.7045454545454544,0.0,0.028409090909090908,17.12,18.28,0.0,0.0,0.0,5.3125,176.0,4.0,17.977416388346796,0.1590909090909091,0.6420454545454546,4.1875,1.3181818181818181,0.6818181818181818,0.17045454545454544,0.045454545454545456,0.0625,0.005681818181818182,0.022727272727272728,2,Evaluative
0.5540540540540541,18.5,0.0,0.0,0.0472972972972973,5.9,7.4,0.0,0.0,0.0,3.5,148.0,8.0,8.845903006477066,0.13513513513513514,0.668918918918919,3.614864864864865,1.2094594594594594,0.7567567567567568,0.13513513513513514,0.033783783783783786,0.02702702702702703,0.013513513513513514,0.033783783783783786,0,Literal
0.6490066225165563,18.875,7.9470198675496695,0.0,0.033112582781456956,13.96,10.73,0.0,0.0,0.0,4.231788079470198,151.0,8.0,13.358050007392546,0.2119205298013245,0.423841059602649,5.344370860927152,1.880794701986755,0.4768211920529801,0.17880794701986755,0.18543046357615894,0.10596026490066225,0.013245033112582781,0.019867549668874173,1,Inferential
0.5962732919254659,20.125,4.3478260869565215,0.0,0.12422360248447205,11.31,9.79,0.0,0.0,0.0,3.900621118012422,161.0,8.0,7.327175444876422,0.18012422360248448,0.4409937888198758,4.813664596273292,1.6149068322981366,0.5403726708074534,0.11801242236024845,0.11180124223602485,0.09937888198757763,0.0,0.12422360248447205,0,Literal
0.5974842767295597,26.5,0.628930817610063,0.0,0.012578616352201259,9.07,10.85,0.0,0.0,0.0,4.19496855345912,159.0,6.0,18.013112507898853,0.1509433962264151,0.6226415094339622,3.8238993710691824,1.2138364779874213,0.7735849056603774,0.1509433962264151,0.050314465408805034,0.012578616352201259,0.006289308176100629,0.006289308176100629,0,Literal
0.6464646464646465,22.0,2.0202020202020203,0.0,0.04040404040404041,9.02,9.61,0.0,0.0,0.0,3.9696969696969697,198.0,9.0,12.22424225731117,0.16161616161616163,0.5555555555555556,4.409090909090909,1.3585858585858586,0.6717171717171717,0.1717171717171717,0.0707070707070707,0.045454545454545456,0.015151515151515152,0.025252525252525252,0,Literal
0.5432098765432098,7.363636363636363,0.0,0.0,0.08024691358024691,5.05,2.95,0.0,0.0,0.0,2.549382716049383,162.0,22.0,2.669463065459277,0.17901234567901234,0.47530864197530864,4.802469135802469,1.5061728395061729,0.7222222222222222,0.11728395061728394,0.05555555555555555,0.024691358024691357,0.0,0.08024691358024691,0,Literal
0.5956284153005464,14.076923076923077,0.546448087431694,0.0,0.0273224043715847,4.99,5.85,0.0,0.0,0.0,4.060109289617486,183.0,13.0,9.346707802513253,0.20765027322404372,0.5628415300546448,4.016393442622951,1.278688524590164,0.7213114754098361,0.17486338797814208,0.03278688524590164,0.04371584699453552,0.0,0.0273224043715847,0,Literal
0.6505376344086021,26.571428571428573,0.0,0.0,0.0967741935483871,8.92,10.63,0.0,0.0,0.0,3.870967741935484,186.0,7.0,11.056441469079626,0.1774193548387097,0.5967741935483871,3.849462365591398,1.1989247311827957,0.7688172043010753,0.0967741935483871,0.021505376344086023,0.016129032258064516,0.016129032258064516,0.08064516129032258,0,Literal
0.5079365079365079,14.538461538461538,1.5873015873015872,0.0,0.0,5.31,6.45,0.0,0.0,0.0,2.994708994708995,189.0,13.0,7.198783592184211,0.17989417989417988,0.4973544973544973,4.386243386243386,1.291005291005291,0.7513227513227513,0.12169312169312169,0.05291005291005291,0.015873015873015872,0.0,0.0,0,Literal
0.672316384180791,22.125,6.779661016949152,0.0,0.12994350282485875,14.04,11.56,0.0,0.0,0.0,3.610169491525424,177.0,8.0,5.861687043846677,0.15254237288135594,0.423728813559322,5.214689265536723,1.7796610169491525,0.5310734463276836,0.1807909604519774,0.0903954802259887,0.05649717514124294,0.01694915254237288,0.11299435028248588,1,Inferential
0.6243654822335025,19.7,3.0456852791878175,0.0,0.04568527918781726,8.15,9.1,0.0,0.0,0.0,4.314720812182741,197.0,10.0,13.915459029439168,0.15228426395939088,0.6345177664974619,4.16243654822335,1.3604060913705585,0.6700507614213198,0.18274111675126903,0.050761421319796954,0.04568527918781726,0.015228426395939087,0.030456852791878174,0,Literal
0.6045197740112994,22.125,10.16949152542373,0.0,0.05084745762711865,12.84,12.92,0.0,0.0,0.0,3.694915254237288,177.0,8.0,8.115378919064716,0.14124293785310735,0.559322033898305,4.88135593220339,1.6779661016949152,0.5310734463276836,0.22598870056497175,0.0903954802259887,0.1016949152542373,0.011299435028248588,0.03954802259887006,1,Inferential
0.5748502994011976,12.846153846153847,2.9940119760479043,0.0,0.04790419161676647,7.72,6.34,0.0,0.0,0.0,3.2754491017964074,167.0,13.0,5.076923076923077,0.2155688622754491,0.49101796407185627,4.640718562874252,1.5508982035928143,0.5748502994011976,0.10778443113772455,0.12574850299401197,0.1317365269461078,0.011976047904191617,0.03592814371257485,0,Literal
0.6117021276595744,20.88888888888889,4.25531914893617,0.0,0.10106382978723404,9.13,10.06,0.0,0.0,0.0,3.50531914893617,188.0,9.0,5.6393677957553425,0.18617021276595744,0.5478723404255319,4.452127659574468,1.4042553191489362,0.6329787234042553,0.11702127659574468,0.0851063829787234,0.06382978723404255,0.0,0.10106382978723404,0,Literal
0.630057803468208,21.625,1.1560693641618496,0.0,0.023121387283236993,7.85,9.11,0.0,0.0,0.0,3.7630057803468207,173.0,8.0,11.478240283248997,0.16184971098265896,0.5375722543352601,4.184971098265896,1.2716763005780347,0.6705202312138728,0.18497109826589594,0.05202312138728324,0.06358381502890173,0.005780346820809248,0.017341040462427744,0,Literal
0.6568047337278107,84.5,7.6923076923076925,0.0,0.011834319526627219,35.59,36.88,0.0,0.0,0.0,5.023668639053255,169.0,2.0,3.0,0.1242603550295858,0.6094674556213018,4.662721893491124,1.544378698224852,0.6272189349112426,0.20118343195266272,0.08875739644970414,0.07100591715976332,0.005917159763313609,0.005917159763313609,2,Evaluative
0.6046511627906976,24.571428571428573,2.9069767441860463,0.0,0.005813953488372093,10.53,10.99,0.0,0.0,0.0,3.447674418604651,172.0,7.0,7.0883635600315875,0.16279069767441862,0.5465116279069767,4.296511627906977,1.4011627906976745,0.7093023255813954,0.1744186046511628,0.0755813953488372,0.03488372093023256,0.0,0.005813953488372093,0,Literal
0.6802325581395349,43.0,5.813953488372093,0.0,0.05813953488372093,19.57,19.53,0.0,0.0,0.0,3.7674418604651163,172.0,4.0,22.63155982251334,0.08139534883720931,0.5988372093023255,4.709302325581396,1.558139534883721,0.6046511627906976,0.19186046511627908,0.0872093023255814,0.05813953488372093,0.011627906976744186,0.046511627906976744,2,Evaluative
0.6153846153846154,21.666666666666668,4.102564102564102,0.0,0.07179487179487179,10.53,10.31,0.0,0.0,0.0,3.825641025641026,195.0,9.0,11.075498483890767,0.15384615384615385,0.5692307692307692,4.676923076923077,1.4974358974358974,0.5435897435897435,0.1641025641025641,0.11282051282051282,0.09743589743589744,0.03076923076923077,0.041025641025641026,0,Literal
0.6643835616438356,14.6,0.684931506849315,0.0,0.02054794520547945,5.38,6.11,0.0,0.0,0.0,3.808219178082192,146.0,10.0,7.323933369440222,0.2328767123287671,0.678082191780822,4.089041095890411,1.2945205479452055,0.7465753424657534,0.1917808219178082,0.02054794520547945,0.02054794520547945,0.0,0.02054794520547945,0,Literal
0.5592105263157895,19.0,0.0,0.0,0.07236842105263158,5.79,7.6,0.0,0.0,0.0,3.375,152.0,8.0,8.645808232895291,0.13157894736842105,0.5526315789473685,4.019736842105263,1.1842105263157894,0.6842105263157895,0.15789473684210525,0.05263157894736842,0.03289473684210526,0.03289473684210526,0.039473684210526314,0,Literal
0.5706806282722513,10.052631578947368,1.0471204188481675,0.0,0.010471204188481676,4.08,4.44,0.0,0.0,0.0,2.74869109947644,191.0,19.0,3.677437383065984,0.18324607329842932,0.5968586387434555,3.9895287958115184,1.3350785340314135,0.7696335078534031,0.14136125654450263,0.03664921465968586,0.015706806282722512,0.0,0.010471204188481676,0,Literal
0.5730337078651685,25.428571428571427,2.8089887640449436,0.0,0.07865168539325842,11.63,11.3,0.0,0.0,0.0,4.179775280898877,178.0,7.0,21.062588944885775,0.1348314606741573,0.5393258426966292,4.449438202247191,1.4662921348314606,0.5674157303370787,0.1797752808988764,0.09550561797752809,0.07865168539325842,0.03932584269662921,0.03932584269662921,0,Literal
0.6192893401015228,24.625,2.5380710659898478,0.0,0.015228426395939087,11.74,10.87,0.0,0.0,0.0,4.111675126903553,197.0,8.0,12.569183545481385,0.1116751269035533,0.5583756345177665,4.436548223350254,1.50253807106599,0.7258883248730964,0.1319796954314721,0.10152284263959391,0.025380710659898477,0.005076142131979695,0.01015228426395939,0,Literal
0.5987261146496815,19.625,1.2738853503184715,0.0,0.006369426751592357,7.4,8.36,0.0,0.0,0.0,3.5923566878980893,157.0,8.0,7.566372975210778,0.12738853503184713,0.6050955414012739,4.044585987261146,1.2993630573248407,0.7452229299363057,0.15286624203821655,0.06369426751592357,0.025477707006369428,0.0,0.006369426751592357,0,Literal
0.4731182795698925,8.454545454545455,1.0752688172043012,0.0,0.0,2.55,3.81,0.0,0.0,0.0,3.28494623655914,186.0,22.0,4.961004963506274,0.27419354838709675,0.5860215053763441,3.725806451612903,1.2580645161290323,0.6612903225806451,0.12903225806451613,0.12365591397849462,0.016129032258064516,0.0,0.0,0,Literal
0.6219512195121951,23.428571428571427,0.0,0.0,0.042682926829268296,8.01,9.37,0.0,0.0,0.0,3.8292682926829267,164.0,7.0,12.847615517666924,0.17682926829268292,0.6219512195121951,3.932926829268293,1.225609756097561,0.676829268292683,0.1951219512195122,0.04878048780487805,0.018292682926829267,0.006097560975609756,0.036585365853658534,0,Literal
0.64,25.0,7.428571428571429,0.0,0.045714285714285714,13.17,12.97,0.0,0.0,0.0,3.5828571428571427,175.0,7.0,18.59668612129262,0.08,0.5542857142857143,4.822857142857143,1.6114285714285714,0.5885714285714285,0.17714285714285713,0.10857142857142857,0.08,0.011428571428571429,0.03428571428571429,1,Inferential
0.5802469135802469,20.25,0.0,0.0,0.030864197530864196,7.02,8.1,0.0,0.0,0.0,3.8395061728395063,162.0,8.0,10.677078252031311,0.16049382716049382,0.5679012345679012,4.037037037037037,1.2469135802469136,0.7469135802469136,0.11728395061728394,0.05555555555555555,0.04938271604938271,0.018518518518518517,0.012345679012345678,0,Literal
0.6211180124223602,23.0,1.2422360248447204,0.0,0.055900621118012424,9.14,9.7,0.0,0.0,0.0,3.8260869565217392,161.0,7.0,11.032419757890183,0.13664596273291926,0.5900621118012422,4.099378881987578,1.3354037267080745,0.7267080745341615,0.15527950310559005,0.018633540372670808,0.043478260869565216,0.012422360248447204,0.043478260869565216,0,Literal
0.5,19.77777777777778,0.0,0.0,0.09550561797752809,6.44,7.91,0.0,0.0,0.0,4.179775280898877,178.0,9.0,12.786953227391823,0.16292134831460675,0.5561797752808989,3.853932584269663,1.2134831460674158,0.6067415730337079,0.24719101123595505,0.02247191011235955,0.028089887640449437,0.06179775280898876,0.033707865168539325,0,Literal
0.4797979797979798,12.375,4.040404040404041,0.0,0.045454545454545456,9.5,6.57,0.0,0.0,0.0,3.4494949494949494,198.0,16.0,4.955662796236241,0.21212121212121213,0.4292929292929293,4.843434343434343,1.7171717171717171,0.5,0.15151515151515152,0.16161616161616163,0.05555555555555555,0.010101010101010102,0.03535353535353535,0,Literal
0.6666666666666666,25.0,1.3333333333333335,0.0,0.05333333333333334,10.29,10.53,0.0,0.0,0.0,4.8,150.0,6.0,11.571036638473188,0.16666666666666666,0.5666666666666667,4.28,1.3666666666666667,0.6933333333333334,0.14,0.07333333333333333,0.02666666666666667,0.0,0.05333333333333334,0,Literal
0.527363184079602,8.73913043478261,0.4975124378109453,0.0,0.12935323383084577,5.43,3.69,0.0,0.0,0.0,2.5771144278606966,201.0,23.0,3.5257625969936157,0.18407960199004975,0.5323383084577115,4.248756218905473,1.492537313432836,0.7213930348258707,0.1044776119402985,0.01990049751243781,0.01990049751243781,0.0,0.12935323383084577,0,Literal
0.6423841059602649,21.571428571428573,6.622516556291391,0.0,0.08609271523178808,11.19,11.28,0.0,0.0,0.0,3.589403973509934,151.0,7.0,7.596991885890475,0.1390728476821192,0.4966887417218543,4.894039735099338,1.5562913907284768,0.5894039735099338,0.11920529801324503,0.1456953642384106,0.039735099337748346,0.0,0.08609271523178808,0,Literal
0.6645161290322581,19.375,12.903225806451612,0.0,0.04516129032258064,13.51,12.91,0.0,0.0,0.0,3.735483870967742,155.0,8.0,8.587782018658833,0.1870967741935484,0.3741935483870968,5.612903225806452,1.8258064516129033,0.5806451612903226,0.1870967741935484,0.10967741935483871,0.07741935483870968,0.0,0.04516129032258064,1,Inferential
0.5792349726775956,16.636363636363637,1.092896174863388,0.0,0.03825136612021858,5.79,7.09,0.0,0.0,0.0,3.710382513661202,183.0,11.0,6.759138289251311,0.20765027322404372,0.5956284153005464,3.9562841530054644,1.2622950819672132,0.639344262295082,0.18032786885245902,0.0546448087431694,0.08743169398907104,0.01092896174863388,0.0273224043715847,0,Literal
0.6111111111111112,9.473684210526315,0.5555555555555556,0.0,0.016666666666666666,1.81,4.01,0.0,0.0,0.0,3.261111111111111,180.0,19.0,4.069343532647938,0.16666666666666666,0.6333333333333333,3.55,1.1611111111111112,0.7888888888888889,0.12222222222222222,0.03333333333333333,0.03333333333333333,0.0,0.016666666666666666,0,Literal
0.5964912280701754,17.1,8.771929824561402,0.0,0.06432748538011696,11.57,10.35,0.0,0.0,0.0,3.304093567251462,171.0,10.0,6.708949247087803,0.16374269005847952,0.47368421052631576,5.181286549707602,1.736842105263158,0.49707602339181284,0.18128654970760233,0.1871345029239766,0.07017543859649122,0.0,0.06432748538011696,0,Literal
0.5680473372781065,18.77777777777778,4.142011834319527,0.0,0.09467455621301775,9.61,9.17,0.0,0.0,0.0,3.408284023668639,169.0,9.0,8.079848427865707,0.09467455621301775,0.5976331360946746,4.6390532544378695,1.514792899408284,0.6449704142011834,0.11834319526627218,0.0650887573964497,0.07692307692307693,0.005917159763313609,0.08875739644970414,0,Literal
0.6040268456375839,14.9,12.080536912751679,0.0,0.04697986577181208,11.45,10.79,0.0,0.0,0.0,2.9932885906040267,149.0,10.0,6.803675477269621,0.11409395973154363,0.5033557046979866,5.416107382550336,1.7986577181208054,0.5436241610738255,0.2080536912751678,0.12080536912751678,0.08053691275167785,0.013422818791946308,0.03355704697986577,0,Literal
0.5357142857142857,18.666666666666668,0.0,0.0,0.017857142857142856,4.75,7.47,0.0,0.0,0.0,4.464285714285714,168.0,9.0,9.820613241770824,0.16071428571428573,0.6845238095238095,3.4226190476190474,1.1071428571428572,0.7261904761904762,0.16666666666666666,0.023809523809523808,0.06547619047619048,0.0,0.017857142857142856,0,Literal
0.6223404255319149,20.88888888888889,9.042553191489363,0.0,0.09574468085106383,13.71,11.97,0.0,0.0,0.0,3.1702127659574466,188.0,9.0,6.951329919829801,0.10106382978723404,0.48404255319148937,5.1436170212765955,1.7925531914893618,0.5585106382978723,0.11170212765957446,0.10106382978723404,0.09574468085106383,0.010638297872340425,0.0851063829787234,1,Inferential
0.4840764331210191,19.625,0.6369426751592357,0.0,0.006369426751592357,8.97,8.1,0.0,0.0,0.0,3.6751592356687897,157.0,8.0,18.23758139118233,0.1464968152866242,0.5414012738853503,4.13375796178344,1.4331210191082802,0.6050955414012739,0.17834394904458598,0.14012738853503184,0.07006369426751592,0.0,0.006369426751592357,0,Literal
0.6264367816091954,21.75,2.2988505747126435,0.0,0.034482758620689655,9.51,9.62,0.0,0.0,0.0,3.4310344827586206,174.0,8.0,8.957364288673315,0.10919540229885058,0.6436781609195402,4.091954022988506,1.4080459770114941,0.7126436781609196,0.14942528735632185,0.07471264367816093,0.028735632183908046,0.0,0.034482758620689655,0,Literal
0.6195652173913043,26.285714285714285,1.0869565217391304,0.0,0.059782608695652176,12.04,10.95,0.0,0.0,0.0,4.195652173913044,184.0,7.0,13.284946214357337,0.16304347826086957,0.5271739130434783,4.407608695652174,1.4728260869565217,0.5815217391304348,0.20108695652173914,0.125,0.03260869565217391,0.02717391304347826,0.03260869565217391,1,Inferential
0.5161290322580645,19.375,1.935483870967742,0.0,0.012903225806451613,9.7,8.52,0.0,0.0,0.0,3.458064516129032,155.0,8.0,11.627015954233485,0.16129032258064516,0.6903225806451613,4.367741935483871,1.5032258064516129,0.6903225806451613,0.1870967741935484,0.06451612903225806,0.04516129032258064,0.0,0.012903225806451613,0,Literal
0.5898876404494382,25.428571428571427,2.8089887640449436,0.0,0.033707865168539325,10.04,11.3,0.0,0.0,0.0,3.252808988764045,178.0,7.0,8.086269541762803,0.0898876404494382,0.6292134831460674,4.191011235955056,1.3314606741573034,0.7078651685393258,0.1404494382022472,0.07303370786516854,0.0449438202247191,0.0056179775280898875,0.028089887640449437,0,Literal
0.593939393939394,23.571428571428573,1.8181818181818181,0.0,0.048484848484848485,9.98,10.16,0.0,0.0,0.0,3.5515151515151517,165.0,7.0,15.46292471741121,0.10909090909090909,0.5515151515151515,4.048484848484849,1.387878787878788,0.593939393939394,0.16363636363636364,0.09696969696969697,0.04242424242424243,0.0,0.048484848484848485,0,Literal
0.6453488372093024,21.5,0.5813953488372093,0.0,0.03488372093023256,7.54,8.83,0.0,0.0,0.0,4.267441860465116,172.0,8.0,16.232683080747925,0.18023255813953487,0.6453488372093024,3.883720930232558,1.25,0.7441860465116279,0.11627906976744186,0.05813953488372093,0.046511627906976744,0.01744186046511628,0.01744186046511628,0,Literal
0.5478723404255319,14.461538461538462,1.0638297872340425,0.0,0.005319148936170213,5.36,6.21,0.0,0.0,0.0,3.3882978723404253,188.0,13.0,4.008865914090887,0.21808510638297873,0.574468085106383,4.196808510638298,1.297872340425532,0.7021276595744681,0.18617021276595744,0.0797872340425532,0.026595744680851064,0.005319148936170213,0.0,0,Literal
0.6274509803921569,11.76923076923077,1.9607843137254901,0.0,0.026143790849673203,4.73,5.49,0.0,0.0,0.0,2.7712418300653594,153.0,13.0,4.060197913968199,0.13725490196078433,0.5816993464052288,4.078431372549019,1.3333333333333333,0.803921568627451,0.12418300653594772,0.026143790849673203,0.0196078431372549,0.0,0.026143790849673203,0,Literal
0.5235602094240838,17.363636363636363,4.712041884816754,0.0,0.010471204188481676,8.73,8.83,0.0,0.0,0.0,3.329842931937173,191.0,11.0,8.147402364512029,0.08900523560209424,0.5497382198952879,4.62303664921466,1.486910994764398,0.7120418848167539,0.14136125654450263,0.09424083769633508,0.041884816753926704,0.0,0.010471204188481676,0,Literal
0.5418994413407822,10.529411764705882,1.675977653631285,0.0,0.12290502793296089,3.61,4.88,0.0,0.0,0.0,2.5027932960893855,179.0,17.0,4.714697625767972,0.11731843575418995,0.4972067039106145,4.262569832402234,1.2793296089385475,0.6871508379888268,0.12290502793296089,0.0446927374301676,0.0223463687150838,0.0,0.12290502793296089,0,Literal
0.6507936507936508,21.0,4.761904761904762,0.0,0.1111111111111111,9.52,10.3,0.0,0.0,0.0,4.788359788359788,189.0,9.0,10.603982480391243,0.24338624338624337,0.5132275132275133,4.634920634920635,1.433862433862434,0.6613756613756614,0.10052910052910052,0.07407407407407407,0.042328042328042326,0.021164021164021163,0.08994708994708994,0,Literal
0.59375,26.666666666666668,3.75,0.0,0.0125,11.92,12.17,0.0,0.0,0.0,3.3875,160.0,6.0,18.524008445498204,0.09375,0.55625,4.46875,1.45,0.6625,0.15625,0.13125,0.03125,0.00625,0.00625,0,Literal
0.6766467065868264,20.875,10.778443113772456,0.0,0.029940119760479042,14.31,12.66,0.0,0.0,0.0,2.910179640718563,167.0,8.0,5.429951657243368,0.11976047904191617,0.48502994011976047,5.281437125748503,1.844311377245509,0.5449101796407185,0.2215568862275449,0.12574850299401197,0.07784431137724551,0.023952095808383235,0.005988023952095809,1,Inferential
0.5706521739130435,9.2,1.6304347826086956,0.0,0.04891304347826087,4.09,4.33,0.0,0.0,0.0,2.6956521739130435,184.0,20.0,3.171750305430741,0.15760869565217392,0.5271739130434783,4.201086956521739,1.3641304347826086,0.6467391304347826,0.20652173913043478,0.059782608695652176,0.03804347826086957,0.005434782608695652,0.043478260869565216,0,Literal
0.5882352941176471,15.3,5.88235294117647,0.0,0.013071895424836602,10.12,8.47,0.0,0.0,0.0,3.189542483660131,153.0,10.0,6.588626564011653,0.1437908496732026,0.5359477124183006,4.980392156862745,1.673202614379085,0.5424836601307189,0.1895424836601307,0.21568627450980393,0.0392156862745098,0.006535947712418301,0.006535947712418301,0,Literal
0.6313131313131313,28.285714285714285,1.5151515151515151,0.0,0.09595959595959595,11.77,11.92,0.0,0.0,0.0,3.5656565656565657,198.0,7.0,14.69554979146644,0.08585858585858586,0.5606060606060606,4.297979797979798,1.3838383838383839,0.5808080808080808,0.14646464646464646,0.09090909090909091,0.08080808080808081,0.010101010101010102,0.08585858585858586,0,Literal
0.6084656084656085,10.5,3.1746031746031744,0.0,0.037037037037037035,4.86,5.47,0.0,0.0,0.0,2.9894179894179893,189.0,18.0,6.084791808930252,0.1746031746031746,0.5396825396825397,4.2592592592592595,1.3862433862433863,0.7142857142857143,0.14814814814814814,0.07407407407407407,0.026455026455026454,0.005291005291005291,0.031746031746031744,0,Literal
0.6690140845070423,28.4,3.5211267605633805,0.0,0.035211267605633804,10.86,12.77,0.0,0.0,0.0,4.007042253521127,142.0,5.0,13.850631754544628,0.11267605633802817,0.5774647887323944,4.288732394366197,1.3028169014084507,0.6197183098591549,0.2112676056338028,0.09859154929577464,0.02112676056338028,0.014084507042253521,0.02112676056338028,0,Literal
0.6601307189542484,11.76923076923077,1.9607843137254901,0.0,0.06535947712418301,5.12,5.49,0.0,0.0,0.0,3.196078431372549,153.0,13.0,8.812981280659482,0.20915032679738563,0.6078431372549019,4.26797385620915,1.3660130718954249,0.7320261437908496,0.12418300653594772,0.0196078431372549,0.058823529411764705,0.013071895424836602,0.05228758169934641,0,Literal
0.6032608695652174,20.444444444444443,6.521739130434782,0.0,0.08695652173913043,12.58,10.79,0.0,0.0,0.0,3.5380434782608696,184.0,9.0,6.5149400952306875,0.1956521739130435,0.46195652173913043,4.9728260869565215,1.7119565217391304,0.5108695652173914,0.13043478260869565,0.1793478260869565,0.09239130434782608,0.016304347826086956,0.07065217391304347,1,Inferential
0.6951219512195121,18.22222222222222,1.8292682926829267,0.0,0.08536585365853659,7.2,8.02,0.0,0.0,0.0,5.7073170731707314,164.0,9.0,18.417651222216417,0.18902439024390244,0.5548780487804879,4.170731707317073,1.329268292682927,0.676829268292683,0.14634146341463414,0.042682926829268296,0.04878048780487805,0.024390243902439025,0.06097560975609756,0,Literal
0.601010101010101,19.8,6.0606060606060606,0.0,0.03535353535353535,10.01,10.34,0.0,0.0,0.0,3.272727272727273,198.0,10.0,10.186265262597475,0.11616161616161616,0.5858585858585859,4.691919191919192,1.5151515151515151,0.5757575757575758,0.20707070707070707,0.12121212121212122,0.06060606060606061,0.005050505050505051,0.030303030303030304,0,Literal
0.6491228070175439,28.5,6.432748538011696,0.0,0.05847953216374269,13.19,13.97,0.0,0.0,0.0,4.1345029239766085,171.0,6.0,13.55749075439683,0.1111111111111111,0.6081871345029239,4.526315789473684,1.4970760233918128,0.6608187134502924,0.1695906432748538,0.08771929824561403,0.023391812865497075,0.0,0.05847953216374269,1,Inferential
0.6075268817204301,23.25,0.0,0.0,0.03225806451612903,8.07,9.3,0.0,0.0,0.0,3.8655913978494625,186.0,8.0,10.948030644823753,0.15591397849462366,0.6021505376344086,4.0,1.2365591397849462,0.7903225806451613,0.13978494623655913,0.03763440860215054,0.0,0.005376344086021506,0.026881720430107527,0,Literal
0.7169811320754716,10.6,0.628930817610063,0.0,0.05660377358490566,4.2,4.49,0.0,0.0,0.0,3.289308176100629,159.0,15.0,6.518350166176169,0.22012578616352202,0.5660377358490566,4.1257861635220126,1.3270440251572326,0.6415094339622641,0.18238993710691823,0.06918238993710692,0.050314465408805034,0.018867924528301886,0.03773584905660377,0,Literal
0.6571428571428571,25.0,1.7142857142857144,0.0,0.07428571428571429,10.68,10.69,0.0,0.0,0.0,3.5314285714285716,175.0,7.0,8.398250546685183,0.14285714285714285,0.5371428571428571,4.582857142857143,1.4,0.64,0.15428571428571428,0.06857142857142857,0.04,0.011428571428571429,0.06285714285714286,0,Literal
0.7094594594594594,24.666666666666668,1.3513513513513513,0.0,0.013513513513513514,10.53,10.41,0.0,0.0,0.0,4.0608108108108105,148.0,6.0,11.469767022723502,0.1554054054054054,0.6554054054054054,4.148648648648648,1.3986486486486487,0.6756756756756757,0.18243243243243243,0.10810810810810811,0.02027027027027027,0.0,0.013513513513513514,0,Literal
0.6848484848484848,55.0,6.666666666666667,0.0,0.04242424242424243,22.95,24.67,0.0,0.0,0.0,4.412121212121212,165.0,3.0,40.83571421630281,0.10909090909090909,0.5575757575757576,4.557575757575758,1.4484848484848485,0.6727272727272727,0.15757575757575756,0.07878787878787878,0.048484848484848485,0.012121212121212121,0.030303030303030304,2,Evaluative
0.6577181208053692,21.285714285714285,2.013422818791946,0.0,0.06040268456375839,7.76,9.32,0.0,0.0,0.0,3.7651006711409396,149.0,7.0,13.7261853136735,0.18791946308724833,0.5973154362416108,3.9731543624161074,1.2751677852348993,0.7181208053691275,0.12751677852348994,0.0738255033557047,0.020134228187919462,0.006711409395973154,0.053691275167785234,0,Literal
0.6445783132530121,23.714285714285715,1.8072289156626504,0.0,0.08433734939759036,11.0,10.21,0.0,0.0,0.0,3.3795180722891565,166.0,7.0,11.17212274058123,0.13253012048192772,0.5421686746987951,4.644578313253012,1.4698795180722892,0.608433734939759,0.20481927710843373,0.05421686746987952,0.04216867469879518,0.012048192771084338,0.07228915662650602,0,Literal
0.6589595375722543,21.625,4.624277456647398,0.0,0.046242774566473986,10.17,10.5,0.0,0.0,0.0,3.2023121387283235,173.0,8.0,8.092241654819757,0.12138728323699421,0.5375722543352601,4.682080924855492,1.4682080924855492,0.6011560693641619,0.2023121387283237,0.10982658959537572,0.028901734104046242,0.005780346820809248,0.04046242774566474,0,Literal
0.6971830985915493,35.5,1.4084507042253522,0.0,0.04225352112676056,14.96,14.76,0.0,0.0,0.0,4.725352112676056,142.0,4.0,19.6596032513375,0.15492957746478872,0.5140845070422535,4.584507042253521,1.4154929577464788,0.6690140845070423,0.16901408450704225,0.09154929577464789,0.028169014084507043,0.007042253521126761,0.035211267605633804,1,Inferential
0.6460674157303371,22.25,2.8089887640449436,0.0,0.028089887640449437,10.65,10.02,0.0,0.0,0.0,3.797752808988764,178.0,8.0,12.790988038458952,0.0898876404494382,0.6067415730337079,4.617977528089888,1.4887640449438202,0.6685393258426966,0.1404494382022472,0.10112359550561797,0.06179775280898876,0.0,0.028089887640449437,0,Literal
0.6099290780141844,15.666666666666666,0.0,0.0,0.014184397163120567,4.91,6.27,0.0,0.0,0.0,3.765957446808511,141.0,9.0,7.380320846851385,0.1773049645390071,0.5957446808510638,3.8865248226950353,1.2198581560283688,0.7163120567375887,0.15602836879432624,0.028368794326241134,0.0851063829787234,0.0,0.014184397163120567,0,Literal
0.6342857142857142,21.875,12.0,0.0,0.08571428571428572,14.59,13.55,0.0,0.0,0.0,3.4285714285714284,175.0,8.0,6.372548548265443,0.13714285714285715,0.4514285714285714,5.411428571428571,1.8342857142857143,0.5028571428571429,0.14857142857142858,0.2057142857142857,0.05714285714285714,0.02857142857142857,0.05714285714285714,1,Inferential
0.554945054945055,22.75,1.6483516483516485,0.0,0.054945054945054944,9.88,9.76,0.0,0.0,0.0,3.5604395604395602,182.0,8.0,9.797958971132712,0.1813186813186813,0.5384615384615384,4.4010989010989015,1.4065934065934067,0.6153846153846154,0.2032967032967033,0.08791208791208792,0.038461538461538464,0.027472527472527472,0.027472527472527472,0,Literal
0.6538461538461539,26.0,3.205128205128205,0.0,0.057692307692307696,11.27,11.68,0.0,0.0,0.0,3.4615384615384617,156.0,6.0,8.193832368854569,0.1346153846153846,0.5192307692307693,4.42948717948718,1.4166666666666667,0.6794871794871795,0.1282051282051282,0.0641025641025641,0.057692307692307696,0.0,0.057692307692307696,0,Literal
0.6354166666666666,21.333333333333332,7.291666666666667,0.0,0.010416666666666666,11.11,11.45,0.0,0.0,0.0,4.463541666666667,192.0,9.0,11.86029791643813,0.171875,0.4635416666666667,4.947916666666667,1.5572916666666667,0.5052083333333334,0.2552083333333333,0.19791666666666666,0.03125,0.010416666666666666,0.0,0,Literal
0.5909090909090909,14.666666666666666,0.0,0.0,0.07954545454545454,5.08,5.87,0.0,0.0,0.0,4.284090909090909,176.0,12.0,6.5,0.3181818181818182,0.6136363636363636,3.846590909090909,1.2670454545454546,0.6761363636363636,0.18181818181818182,0.028409090909090908,0.03409090909090909,0.0,0.07954545454545454,0,Literal
0.653179190751445,19.22222222222222,10.404624277456648,0.0,0.1329479768786127,13.94,11.85,0.0,0.0,0.0,3.3641618497109826,173.0,9.0,6.548960901462833,0.14450867052023122,0.4682080924855491,5.508670520231214,1.8670520231213872,0.4682080924855491,0.1676300578034682,0.11560693641618497,0.10404624277456648,0.011560693641618497,0.12138728323699421,1,Inferential
0.5,17.454545454545453,0.0,0.0,0.015625,4.86,6.98,0.0,0.0,0.0,3.9010416666666665,192.0,11.0,13.473573768033654,0.11979166666666667,0.65625,3.75,1.15625,0.7239583333333334,0.15104166666666666,0.057291666666666664,0.052083333333333336,0.0,0.015625,0,Literal
0.6266666666666667,25.0,13.333333333333334,0.0,0.03333333333333333,16.11,15.33,0.0,0.0,0.0,3.5,150.0,6.0,10.450943604393922,0.09333333333333334,0.49333333333333335,5.32,1.86,0.5933333333333334,0.16,0.1,0.11333333333333333,0.006666666666666667,0.02666666666666667,2,Evaluative
0.6459627329192547,32.2,5.590062111801243,0.0,0.043478260869565216,14.63,15.12,0.0,0.0,0.0,3.7888198757763973,161.0,5.0,12.874781551544865,0.09316770186335403,0.6149068322981367,4.577639751552795,1.4968944099378882,0.6335403726708074,0.16770186335403728,0.09316770186335403,0.055900621118012424,0.0,0.043478260869565216,1,Inferential
0.6333333333333333,22.5,2.7777777777777777,0.0,0.03888888888888889,9.77,10.11,0.0,0.0,0.0,3.6944444444444446,180.0,8.0,14.295431962693538,0.17222222222222222,0.6555555555555556,4.322222222222222,1.4055555555555554,0.6888888888888889,0.18888888888888888,0.03333333333333333,0.05,0.005555555555555556,0.03333333333333333,0,Literal
0.6153846153846154,8.863636363636363,0.5128205128205128,0.0,0.020512820512820513,3.78,3.75,0.0,0.0,0.0,3.1384615384615384,195.0,22.0,6.129625930641019,0.2717948717948718,0.5282051282051282,4.2,1.3487179487179488,0.7384615384615385,0.17435897435897435,0.035897435897435895,0.010256410256410256,0.005128205128205128,0.015384615384615385,0,Literal
0.6258064516129033,19.375,12.903225806451612,0.0,0.07096774193548387,14.5,12.91,0.0,0.0,0.0,3.458064516129032,155.0,8.0,11.905224693385673,0.16774193548387098,0.432258064516129,5.4,1.9096774193548387,0.4645161290322581,0.2129032258064516,0.16774193548387098,0.08387096774193549,0.025806451612903226,0.04516129032258064,1,Inferential
0.5053763440860215,31.0,6.451612903225806,0.0,0.08064516129032258,15.72,14.98,0.0,0.0,0.0,4.064516129032258,186.0,6.0,16.899211026948368,0.16666666666666666,0.4946236559139785,5.032258064516129,1.6290322580645162,0.553763440860215,0.20967741935483872,0.10752688172043011,0.03225806451612903,0.05913978494623656,0.021505376344086023,2,Evaluative
0.6385542168674698,11.857142857142858,1.8072289156626504,0.0,0.0783132530120482,4.96,5.47,0.0,0.0,0.0,3.246987951807229,166.0,14.0,4.2287886044616245,0.21686746987951808,0.572289156626506,4.162650602409639,1.3493975903614457,0.7289156626506024,0.10240963855421686,0.07228915662650602,0.018072289156626505,0.0,0.0783132530120482,0,Literal
0.4860335195530726,13.76923076923077,0.0,0.0,0.0335195530726257,2.83,5.51,0.0,0.0,0.0,3.7430167597765363,179.0,13.0,6.053020176278769,0.22346368715083798,0.5921787709497207,3.553072625698324,1.106145251396648,0.7430167597765364,0.17318435754189945,0.0335195530726257,0.0111731843575419,0.0,0.0335195530726257,0,Literal
0.5833333333333334,60.0,12.222222222222221,0.0,0.016666666666666666,27.8,28.89,0.0,0.0,0.0,5.588888888888889,180.0,3.0,9.568466729604882,0.14444444444444443,0.5777777777777777,5.044444444444444,1.6944444444444444,0.5944444444444444,0.15555555555555556,0.15,0.08333333333333333,0.005555555555555556,0.011111111111111112,2,Evaluative
0.4972067039106145,19.88888888888889,0.0,0.0,0.0223463687150838,7.92,7.96,0.0,0.0,0.0,3.011173184357542,179.0,9.0,7.187094057242769,0.12290502793296089,0.6145251396648045,4.089385474860335,1.335195530726257,0.770949720670391,0.1564245810055866,0.027932960893854747,0.0223463687150838,0.0,0.0223463687150838,0,Literal
0.6126760563380281,17.75,0.7042253521126761,0.0,0.028169014084507043,4.96,7.38,0.0,0.0,0.0,3.4577464788732395,142.0,8.0,10.641898326896381,0.15492957746478872,0.5633802816901409,3.971830985915493,1.1549295774647887,0.795774647887324,0.11971830985915492,0.04225352112676056,0.014084507042253521,0.0,0.028169014084507043,0,Literal
0.5454545454545454,19.25,7.142857142857142,0.0,0.08441558441558442,12.76,10.56,0.0,0.0,0.0,3.409090909090909,154.0,8.0,13.009611831257688,0.12337662337662338,0.3961038961038961,5.1558441558441555,1.7662337662337662,0.474025974025974,0.24675324675324675,0.11038961038961038,0.08441558441558442,0.07792207792207792,0.006493506493506494,1,Inferential
0.6818181818181818,29.333333333333332,10.795454545454545,0.0,0.028409090909090908,16.77,16.05,0.0,0.0,0.0,4.198863636363637,176.0,6.0,8.41955396021006,0.10795454545454546,0.5227272727272727,5.073863636363637,1.7727272727272727,0.5056818181818182,0.20454545454545456,0.14204545454545456,0.11931818181818182,0.011363636363636364,0.017045454545454544,2,Evaluative
0.6020942408376964,21.22222222222222,0.0,0.0,0.08900523560209424,7.64,8.49,0.0,0.0,0.0,5.50261780104712,191.0,9.0,28.629605672933298,0.2356020942408377,0.6020942408376964,3.931937172774869,1.2670157068062826,0.6701570680628273,0.14136125654450263,0.06282722513089005,0.031413612565445025,0.02617801047120419,0.06282722513089005,0,Literal
0.644808743169399,22.875,3.278688524590164,0.0,0.0546448087431694,11.39,10.46,0.0,0.0,0.0,3.1311475409836067,183.0,8.0,7.4456363059177155,0.09289617486338798,0.4972677595628415,4.688524590163935,1.530054644808743,0.5573770491803278,0.2185792349726776,0.09836065573770492,0.07103825136612021,0.00546448087431694,0.04918032786885246,0,Literal
0.5477386934673367,33.166666666666664,9.045226130653267,0.0,0.010050251256281407,17.57,16.88,0.0,0.0,0.0,4.964824120603015,199.0,6.0,12.953978367882028,0.1457286432160804,0.5477386934673367,4.894472361809045,1.7135678391959799,0.5527638190954773,0.18592964824120603,0.19095477386934673,0.06030150753768844,0.0,0.010050251256281407,2,Evaluative
0.75177304964539,23.5,1.4184397163120568,0.0,0.05673758865248227,11.9,9.97,0.0,0.0,0.0,3.75177304964539,141.0,6.0,11.629703349613008,0.12056737588652482,0.5815602836879432,4.673758865248227,1.553191489361702,0.6382978723404256,0.14893617021276595,0.09219858156028368,0.06382978723404255,0.0070921985815602835,0.04964539007092199,0,Literal
0.6210526315789474,21.11111111111111,5.263157894736842,0.0,0.031578947368421054,11.15,10.55,0.0,0.0,0.0,3.4473684210526314,190.0,9.0,14.818240344709633,0.13157894736842105,0.5263157894736842,4.7105263157894735,1.568421052631579,0.6,0.14736842105263157,0.14210526315789473,0.07368421052631578,0.0,0.031578947368421054,0,Literal
0.6586826347305389,33.4,3.592814371257485,0.0,0.0718562874251497,14.75,14.8,0.0,0.0,0.0,3.586826347305389,167.0,5.0,16.01749044014074,0.1497005988023952,0.5269461077844312,4.491017964071856,1.467065868263473,0.6287425149700598,0.16167664670658682,0.059880239520958084,0.059880239520958084,0.005988023952095809,0.0658682634730539,1,Inferential
0.6190476190476191,24.5,0.6802721088435374,0.0,0.034013605442176874,8.74,10.07,0.0,0.0,0.0,4.006802721088436,147.0,6.0,13.334374959313074,0.14285714285714285,0.673469387755102,3.82312925170068,1.251700680272109,0.7551020408163265,0.12244897959183673,0.05442176870748299,0.034013605442176874,0.0,0.034013605442176874,0,Literal
0.631578947368421,17.1,11.695906432748536,0.0,0.06432748538011696,11.16,11.52,0.0,0.0,0.0,3.9590643274853803,171.0,10.0,8.742997197757758,0.1695906432748538,0.4152046783625731,5.157894736842105,1.7017543859649122,0.4619883040935672,0.2222222222222222,0.14619883040935672,0.07017543859649122,0.011695906432748537,0.05263157894736842,0,Literal
0.59375,22.857142857142858,6.875000000000001,0.0,0.05625,14.2,11.89,0.0,0.0,0.0,3.4,160.0,7.0,7.808943067837971,0.13125,0.45625,5.2,1.76875,0.525,0.1875,0.1625,0.0625,0.0,0.05625,1,Inferential
0.5891089108910891,12.625,0.0,0.0,0.034653465346534656,4.99,5.05,0.0,0.0,0.0,3.6930693069306932,202.0,16.0,7.508328708840604,0.16336633663366337,0.5693069306930693,4.262376237623762,1.3267326732673268,0.7326732673267327,0.14356435643564355,0.0594059405940594,0.0297029702970297,0.0,0.034653465346534656,0,Literal
0.6176470588235294,21.25,0.5882352941176471,0.0,0.052941176470588235,8.32,8.74,0.0,0.0,0.0,3.1,170.0,8.0,8.642193008721803,0.12352941176470589,0.5588235294117647,4.229411764705882,1.3235294117647058,0.6411764705882353,0.11176470588235295,0.12941176470588237,0.06470588235294118,0.01764705882352941,0.03529411764705882,0,Literal
0.7114093959731543,74.5,4.697986577181208,0.0,0.03355704697986577,30.65,31.68,0.0,0.0,0.0,4.966442953020135,149.0,2.0,17.0,0.14093959731543623,0.5637583892617449,4.476510067114094,1.4563758389261745,0.6442953020134228,0.174496644295302,0.09395973154362416,0.04697986577181208,0.013422818791946308,0.020134228187919462,2,Evaluative
0.5733333333333334,18.75,5.333333333333334,0.0,0.013333333333333334,9.97,9.63,0.0,0.0,0.0,3.433333333333333,150.0,8.0,7.838207703295441,0.16666666666666666,0.5066666666666667,4.553333333333334,1.5466666666666666,0.5733333333333334,0.2,0.06,0.12,0.0,0.013333333333333334,0,Literal
0.5975609756097561,27.333333333333332,0.6097560975609756,0.0,0.054878048780487805,8.81,11.18,0.0,0.0,0.0,4.176829268292683,164.0,6.0,9.910712498212337,0.11585365853658537,0.5975609756097561,3.8597560975609757,1.1646341463414633,0.8170731707317073,0.0975609756097561,0.012195121951219513,0.018292682926829267,0.006097560975609756,0.04878048780487805,0,Literal
0.5333333333333333,24.375,1.5384615384615385,0.0,0.046153846153846156,10.74,10.37,0.0,0.0,0.0,3.7897435897435896,195.0,8.0,13.264143394882309,0.2,0.4512820512820513,4.276923076923077,1.4256410256410257,0.6,0.21025641025641026,0.06666666666666667,0.07179487179487179,0.010256410256410256,0.035897435897435895,0,Literal
0.475,8.333333333333334,0.0,0.0,0.01,1.94,3.33,0.0,0.0,0.0,2.705,200.0,24.0,3.104656001699526,0.25,0.63,3.645,1.21,0.755,0.215,0.01,0.01,0.0,0.01,0,Literal
0.6540880503144654,26.5,2.515723270440252,0.0,0.07547169811320754,13.45,11.61,0.0,0.0,0.0,3.8176100628930816,159.0,6.0,15.203252575974949,0.18238993710691823,0.46540880503144655,4.754716981132075,1.5849056603773586,0.5094339622641509,0.25157232704402516,0.08176100628930817,0.07547169811320754,0.018867924528301886,0.05660377358490566,1,Inferential
0.6108108108108108,10.882352941176471,6.486486486486487,0.0,0.03783783783783784,7.85,6.95,0.0,0.0,0.0,3.0864864864864865,185.0,17.0,7.892443058992973,0.1783783783783784,0.5081081081081081,4.713513513513513,1.627027027027027,0.5945945945945946,0.14594594594594595,0.16216216216216217,0.05945945945945946,0.010810810810810811,0.02702702702702703,0,Literal
0.5714285714285714,16.8,1.1904761904761905,0.0,0.0,5.92,7.2,0.0,0.0,0.0,3.8273809523809526,168.0,10.0,9.849365461794989,0.20833333333333334,0.6309523809523809,3.9226190476190474,1.2678571428571428,0.7678571428571429,0.20238095238095238,0.017857142857142856,0.011904761904761904,0.0,0.0,0,Literal
0.5138121546961326,30.166666666666668,1.1049723756906076,0.0,0.03867403314917127,11.1,12.51,0.0,0.0,0.0,6.602209944751381,181.0,6.0,12.720281268728124,0.20994475138121546,0.6077348066298343,3.911602209944751,1.2651933701657458,0.7900552486187845,0.13259668508287292,0.03314917127071823,0.0055248618784530384,0.0,0.03867403314917127,0,Literal
0.6428571428571429,28.0,16.666666666666664,0.0,0.07142857142857142,20.33,17.87,0.0,0.0,0.0,3.5,168.0,6.0,10.687479694587598,0.13690476190476192,0.44642857142857145,5.857142857142857,2.119047619047619,0.48214285714285715,0.19642857142857142,0.16071428571428573,0.08928571428571429,0.017857142857142856,0.05357142857142857,2,Evaluative
0.5513513513513514,20.555555555555557,12.432432432432433,0.0,0.08648648648648649,12.2,13.2,0.0,0.0,0.0,3.1297297297297297,185.0,9.0,6.093915200356483,0.0918918918918919,0.5675675675675675,4.989189189189189,1.6756756756756757,0.572972972972973,0.16216216216216217,0.10270270270270271,0.07567567567567568,0.016216216216216217,0.07027027027027027,1,Inferential
0.6223776223776224,28.6,4.195804195804196,0.0,0.04195804195804196,13.72,13.12,0.0,0.0,0.0,3.797202797202797,143.0,5.0,7.472616676907761,0.14685314685314685,0.5594405594405595,4.559440559440559,1.5384615384615385,0.6153846153846154,0.1888111888111888,0.0979020979020979,0.055944055944055944,0.006993006993006993,0.03496503496503497,1,Inferential
0.5851063829787234,18.8,2.6595744680851063,0.0,0.015957446808510637,9.32,8.58,0.0,0.0,0.0,3.484042553191489,188.0,10.0,8.8068155425216,0.13829787234042554,0.4787234042553192,4.7712765957446805,1.4893617021276595,0.5159574468085106,0.15425531914893617,0.20212765957446807,0.11170212765957446,0.0,0.015957446808510637,0,Literal
0.5572916666666666,24.0,1.0416666666666665,0.0,0.046875,10.12,10.02,0.0,0.0,0.0,3.4791666666666665,192.0,8.0,17.289809137176732,0.11458333333333333,0.5885416666666666,4.151041666666667,1.3854166666666667,0.6510416666666666,0.125,0.11979166666666667,0.052083333333333336,0.015625,0.03125,0,Literal
0.4968152866242038,22.428571428571427,12.738853503184714,0.0,0.08280254777070063,15.7,14.07,0.0,0.0,0.0,3.140127388535032,157.0,7.0,9.284615319583954,0.1464968152866242,0.4267515923566879,5.388535031847134,1.910828025477707,0.4394904458598726,0.19745222929936307,0.1592356687898089,0.12101910828025478,0.006369426751592357,0.07643312101910828,2,Evaluative
0.6082474226804123,21.555555555555557,2.0618556701030926,0.0,0.04639175257731959,8.02,9.45,0.0,0.0,0.0,4.345360824742268,194.0,9.0,12.346839451634757,0.1958762886597938,0.6082474226804123,4.231958762886598,1.288659793814433,0.6752577319587629,0.1958762886597938,0.061855670103092786,0.020618556701030927,0.005154639175257732,0.041237113402061855,0,Literal
0.6222222222222222,22.5,1.6666666666666667,0.0,0.03333333333333333,8.0,9.67,0.0,0.0,0.0,3.4555555555555557,180.0,8.0,6.981001002721601,0.18333333333333332,0.6555555555555556,3.888888888888889,1.2555555555555555,0.7666666666666667,0.16111111111111112,0.027777777777777776,0.011111111111111112,0.0,0.03333333333333333,0,Literal
0.66875,32.0,0.625,0.0,0.06875,11.42,13.05,0.0,0.0,0.0,4.4125,160.0,5.0,15.7403938959608,0.18125,0.4875,4.175,1.23125,0.6375,0.175,0.09375,0.025,0.0,0.06875,0,Literal
0.5595854922279793,21.444444444444443,1.5544041450777202,0.0,0.025906735751295335,8.49,9.2,0.0,0.0,0.0,3.699481865284974,193.0,9.0,11.136637345178512,0.13471502590673576,0.6321243523316062,4.036269430051814,1.3316062176165804,0.7357512953367875,0.15025906735751296,0.06217616580310881,0.025906735751295335,0.0,0.025906735751295335,0,Literal
0.6363636363636364,13.538461538461538,5.681818181818182,0.0,0.028409090909090908,7.73,7.69,0.0,0.0,0.0,3.1193181818181817,176.0,13.0,5.980243607869788,0.13068181818181818,0.4659090909090909,4.761363636363637,1.5284090909090908,0.5511363636363636,0.26136363636363635,0.11931818181818182,0.03977272727272727,0.011363636363636364,0.017045454545454544,0,Literal
0.588957055214724,23.285714285714285,4.9079754601226995,0.0,0.04294478527607362,12.97,11.28,0.0,0.0,0.0,3.7423312883435584,163.0,7.0,13.8843620740775,0.10429447852760736,0.5214723926380368,4.889570552147239,1.6503067484662577,0.5460122699386503,0.1165644171779141,0.2085889570552147,0.07975460122699386,0.0,0.04294478527607362,1,Inferential
0.7151515151515152,27.5,9.090909090909092,0.0,0.11515151515151516,15.66,14.64,0.0,0.0,0.0,3.7515151515151515,165.0,6.0,12.401836781523759,0.15757575757575756,0.5272727272727272,5.012121212121212,1.7393939393939395,0.5575757575757576,0.16363636363636364,0.10303030303030303,0.06060606060606061,0.0,0.11515151515151516,2,Evaluative
0.6559139784946236,26.571428571428573,1.6129032258064515,0.0,0.043010752688172046,10.7,11.27,0.0,0.0,0.0,3.806451612903226,186.0,7.0,12.069526477362528,0.10752688172043011,0.5161290322580645,4.32258064516129,1.3494623655913978,0.6505376344086021,0.15053763440860216,0.11290322580645161,0.043010752688172046,0.0,0.043010752688172046,0,Literal
0.6326530612244898,28.0,1.530612244897959,0.0,0.05612244897959184,10.74,11.81,0.0,0.0,0.0,3.913265306122449,196.0,7.0,12.417893606914703,0.1326530612244898,0.5612244897959183,4.127551020408164,1.3061224489795917,0.6836734693877551,0.1377551020408163,0.08163265306122448,0.04081632653061224,0.00510204081632653,0.05102040816326531,0,Literal
0.5966850828729282,22.625,5.524861878453039,0.0,0.03867403314917127,12.07,11.26,0.0,0.0,0.0,3.6408839779005526,181.0,8.0,7.967708265241644,0.09944751381215469,0.5027624309392266,4.906077348066298,1.5966850828729282,0.569060773480663,0.16574585635359115,0.13812154696132597,0.08839779005524862,0.0055248618784530384,0.03314917127071823,1,Inferential
0.6595744680851063,8.8125,0.0,0.0,0.014184397163120567,1.49,3.53,0.0,0.0,0.0,2.5673758865248226,141.0,16.0,3.972070461358912,0.1276595744680851,0.6028368794326241,3.673758865248227,1.1560283687943262,0.8156028368794326,0.10638297872340426,0.0425531914893617,0.02127659574468085,0.0070921985815602835,0.0070921985815602835,0,Literal
0.5849056603773585,19.875,0.0,0.0,0.018867924528301886,6.48,7.95,0.0,0.0,0.0,3.559748427672956,159.0,8.0,10.61764451279096,0.16352201257861634,0.6540880503144654,3.880503144654088,1.2138364779874213,0.779874213836478,0.14465408805031446,0.031446540880503145,0.025157232704402517,0.006289308176100629,0.012578616352201259,0,Literal
0.6527777777777778,36.0,6.944444444444445,0.0,0.04861111111111111,17.54,17.18,0.0,0.0,0.0,4.5,144.0,4.0,16.269219403523945,0.1527777777777778,0.4861111111111111,4.972222222222222,1.6180555555555556,0.6111111111111112,0.18055555555555555,0.10416666666666667,0.05555555555555555,0.013888888888888888,0.034722222222222224,2,Evaluative
0.6832298136645962,26.833333333333332,0.6211180124223602,0.0,0.031055900621118012,11.15,10.98,0.0,0.0,0.0,3.8074534161490683,161.0,6.0,15.431749378760948,0.13664596273291926,0.5217391304347826,4.316770186335404,1.3788819875776397,0.6583850931677019,0.14285714285714285,0.10559006211180125,0.043478260869565216,0.0,0.031055900621118012,0,Literal
0.6373056994818653,21.444444444444443,3.1088082901554404,0.0,0.06735751295336788,8.18,9.82,0.0,0.0,0.0,4.248704663212435,193.0,9.0,15.685174253352262,0.20207253886010362,0.6321243523316062,3.9326424870466323,1.305699481865285,0.7150259067357513,0.11917098445595854,0.06735751295336788,0.02072538860103627,0.0051813471502590676,0.06217616580310881,0,Literal
0.6623376623376623,30.8,3.896103896103896,0.0,0.05194805194805195,13.28,13.88,0.0,0.0,0.0,3.5454545454545454,154.0,5.0,4.955804677345547,0.1038961038961039,0.5324675324675324,4.597402597402597,1.4285714285714286,0.6103896103896104,0.21428571428571427,0.07142857142857142,0.03896103896103896,0.0,0.05194805194805195,1,Inferential
0.6176470588235294,51.0,0.9803921568627451,0.0,0.05392156862745098,19.51,20.79,0.0,0.0,0.0,4.78921568627451,204.0,4.0,32.7595405950694,0.15196078431372548,0.6127450980392157,4.3088235294117645,1.2892156862745099,0.7549019607843137,0.1323529411764706,0.03431372549019608,0.0196078431372549,0.00980392156862745,0.04411764705882353,2,Evaluative
0.6066666666666667,12.5,4.0,0.0,0.04,7.85,6.6,0.0,0.0,0.0,2.6933333333333334,150.0,12.0,4.006938426723769,0.12666666666666668,0.5466666666666666,4.64,1.5733333333333333,0.6066666666666667,0.14,0.12,0.08666666666666667,0.006666666666666667,0.03333333333333333,0,Literal
0.5359116022099447,22.625,2.7624309392265194,0.0,0.016574585635359115,9.27,10.15,0.0,0.0,0.0,3.1933701657458564,181.0,8.0,8.659351881058997,0.11049723756906077,0.6243093922651933,4.12707182320442,1.3591160220994476,0.7569060773480663,0.10497237569060773,0.0718232044198895,0.03867403314917127,0.0055248618784530384,0.011049723756906077,0,Literal
0.6701030927835051,21.555555555555557,12.371134020618557,0.0,0.06701030927835051,14.59,13.57,0.0,0.0,0.0,3.685567010309278,194.0,9.0,7.243558228002943,0.14948453608247422,0.4536082474226804,5.639175257731959,1.8453608247422681,0.5051546391752577,0.20103092783505155,0.13402061855670103,0.09278350515463918,0.02577319587628866,0.041237113402061855,1,Inferential
0.6143790849673203,12.75,1.9607843137254901,0.0,0.06535947712418301,6.35,5.88,0.0,0.0,0.0,3.320261437908497,153.0,12.0,4.444097208657794,0.20261437908496732,0.5490196078431373,4.294117647058823,1.4379084967320261,0.5882352941176471,0.16993464052287582,0.13071895424836602,0.026143790849673203,0.013071895424836602,0.05228758169934641,0,Literal
0.6497175141242938,35.4,4.519774011299435,0.0,0.07344632768361582,16.82,15.97,0.0,0.0,0.0,4.146892655367232,177.0,5.0,26.407574670915917,0.11864406779661017,0.6045197740112994,4.593220338983051,1.576271186440678,0.6666666666666666,0.13559322033898305,0.07909604519774012,0.03954802259887006,0.005649717514124294,0.06779661016949153,2,Evaluative
0.6597938144329897,17.636363636363637,4.123711340206185,0.0,0.07731958762886598,8.93,8.7,0.0,0.0,0.0,3.7061855670103094,194.0,11.0,11.171096115858642,0.18041237113402062,0.5876288659793815,4.427835051546392,1.4948453608247423,0.6391752577319587,0.10824742268041238,0.0979381443298969,0.061855670103092786,0.005154639175257732,0.07216494845360824,0,Literal
0.6547619047619048,21.0,4.761904761904762,0.0,0.041666666666666664,10.65,10.3,0.0,0.0,0.0,3.4166666666666665,168.0,8.0,15.556349186104045,0.10119047619047619,0.5952380952380952,4.470238095238095,1.5297619047619047,0.625,0.17261904761904762,0.125,0.03571428571428571,0.0,0.041666666666666664,0,Literal
0.5634517766497462,13.133333333333333,4.060913705583756,0.0,0.01015228426395939,6.78,6.88,0.0,0.0,0.0,2.6192893401015227,197.0,15.0,4.073764297987251,0.1218274111675127,0.5786802030456852,4.766497461928934,1.4619289340101522,0.5888324873096447,0.22842639593908629,0.07106598984771574,0.09137055837563451,0.005076142131979695,0.005076142131979695,0,Literal
0.6477987421383647,19.875,2.515723270440252,0.0,0.03773584905660377,8.56,8.96,0.0,0.0,0.0,2.8679245283018866,159.0,8.0,9.492595798831845,0.08176100628930817,0.5974842767295597,4.119496855345912,1.389937106918239,0.6163522012578616,0.1949685534591195,0.10062893081761007,0.050314465408805034,0.0,0.03773584905660377,0,Literal
0.546875,9.6,0.0,0.0,0.010416666666666666,3.7,3.84,0.0,0.0,0.0,2.8697916666666665,192.0,20.0,3.5128336140500593,0.171875,0.515625,3.8541666666666665,1.3177083333333333,0.8125,0.11979166666666667,0.015625,0.0,0.0,0.010416666666666666,0,Literal
0.6785714285714286,49.0,2.5510204081632653,0.0,0.05612244897959184,19.78,20.62,0.0,0.0,0.0,5.173469387755102,196.0,4.0,25.341418665891617,0.15306122448979592,0.5102040816326531,4.448979591836735,1.3775510204081634,0.5867346938775511,0.17857142857142858,0.09183673469387756,0.0663265306122449,0.01020408163265306,0.04591836734693878,2,Evaluative
0.5664739884393064,19.22222222222222,5.780346820809249,0.0,0.023121387283236993,9.44,10.0,0.0,0.0,0.0,3.38728323699422,173.0,9.0,6.4367770479823285,0.1329479768786127,0.4797687861271676,4.630057803468208,1.4855491329479769,0.6647398843930635,0.20809248554913296,0.05202312138728324,0.04046242774566474,0.0,0.023121387283236993,0,Literal
0.6380368098159509,27.166666666666668,3.067484662576687,0.0,0.0736196319018405,13.83,12.09,0.0,0.0,0.0,4.257668711656442,163.0,6.0,17.291616465790582,0.15950920245398773,0.5521472392638037,4.588957055214724,1.5950920245398772,0.5705521472392638,0.19631901840490798,0.10429447852760736,0.049079754601226995,0.024539877300613498,0.049079754601226995,1,Inferential
0.5767195767195767,18.9,2.6455026455026456,0.0,0.031746031746031744,8.08,8.62,0.0,0.0,0.0,3.7777777777777777,189.0,10.0,5.868560300448484,0.13227513227513227,0.671957671957672,4.243386243386244,1.380952380952381,0.7936507936507936,0.13227513227513227,0.031746031746031744,0.005291005291005291,0.010582010582010581,0.021164021164021163,0,Literal
0.6292134831460674,25.428571428571427,20.786516853932586,0.0,0.07303370786516854,18.86,18.49,0.0,0.0,0.0,3.5,178.0,7.0,10.924602453888664,0.19662921348314608,0.4157303370786517,6.044943820224719,2.0786516853932584,0.449438202247191,0.16853932584269662,0.20786516853932585,0.09550561797752809,0.016853932584269662,0.056179775280898875,2,Evaluative
0.6582914572864321,19.9,4.0201005025125625,0.0,0.05025125628140704,8.71,9.57,0.0,0.0,0.0,4.160804020100502,199.0,10.0,10.573551910309043,0.19095477386934673,0.5577889447236181,4.42713567839196,1.4020100502512562,0.6984924623115578,0.11557788944723618,0.07537688442211055,0.06030150753768844,0.005025125628140704,0.04522613065326633,0,Literal
0.5804195804195804,28.6,1.3986013986013985,0.0,0.0,11.57,12.0,0.0,0.0,0.0,4.594405594405594,143.0,5.0,8.639444426582072,0.1258741258741259,0.6363636363636364,4.104895104895105,1.3566433566433567,0.7062937062937062,0.16083916083916083,0.09090909090909091,0.04195804195804196,0.0,0.0,0,Literal
0.5286624203821656,39.25,3.821656050955414,0.0,0.03184713375796178,16.93,17.23,0.0,0.0,0.0,5.203821656050955,157.0,4.0,11.098986440211556,0.1464968152866242,0.5605095541401274,4.3312101910828025,1.4585987261146496,0.5987261146496815,0.17197452229299362,0.14012738853503184,0.03821656050955414,0.006369426751592357,0.025477707006369428,2,Evaluative
0.6643356643356644,23.833333333333332,4.895104895104895,0.0,0.1048951048951049,12.68,11.49,0.0,0.0,0.0,3.979020979020979,143.0,6.0,9.429563439877091,0.13986013986013987,0.6363636363636364,4.699300699300699,1.6083916083916083,0.5944055944055944,0.17482517482517482,0.09090909090909091,0.03496503496503497,0.04895104895104895,0.055944055944055944,1,Inferential
0.6210526315789474,27.142857142857142,7.368421052631578,0.0,0.02631578947368421,14.87,13.8,0.0,0.0,0.0,3.568421052631579,190.0,7.0,10.09546271088843,0.1368421052631579,0.5052631578947369,4.91578947368421,1.6842105263157894,0.6,0.1736842105263158,0.15789473684210525,0.042105263157894736,0.005263157894736842,0.021052631578947368,1,Inferential
0.592391304347826,46.0,3.260869565217391,0.0,0.03804347826086957,19.67,19.7,0.0,0.0,0.0,5.086956521739131,184.0,4.0,20.457272545478784,0.10326086956521739,0.6032608695652174,4.467391304347826,1.4673913043478262,0.5815217391304348,0.25,0.07065217391304347,0.05434782608695652,0.010869565217391304,0.02717391304347826,2,Evaluative
0.5679012345679012,13.5,3.0864197530864197,0.0,0.04938271604938271,7.67,6.63,0.0,0.0,0.0,3.123456790123457,162.0,12.0,6.170606849321133,0.16666666666666666,0.4691358024691358,4.574074074074074,1.5246913580246915,0.5185185185185185,0.24074074074074073,0.10493827160493827,0.08024691358024691,0.024691358024691357,0.024691358024691357,0,Literal
0.582089552238806,20.1,2.4875621890547266,0.0,0.03482587064676617,8.86,9.04,0.0,0.0,0.0,3.3383084577114426,201.0,10.0,9.720596689504198,0.11442786069651742,0.5970149253731343,4.208955223880597,1.407960199004975,0.681592039800995,0.16417910447761194,0.08955223880597014,0.029850746268656716,0.009950248756218905,0.024875621890547265,0,Literal
0.6526946107784432,27.833333333333332,1.1976047904191618,0.0,0.04790419161676647,9.82,11.61,0.0,0.0,0.0,4.047904191616767,167.0,6.0,12.023125864580955,0.17964071856287425,0.592814371257485,4.0,1.2335329341317365,0.7305389221556886,0.1497005988023952,0.03592814371257485,0.03592814371257485,0.029940119760479042,0.017964071856287425,0,Literal
0.6140350877192983,28.5,2.3391812865497075,0.0,0.04678362573099415,11.67,12.34,0.0,0.0,0.0,4.444444444444445,171.0,6.0,5.283622494715786,0.1695906432748538,0.5964912280701754,4.087719298245614,1.368421052631579,0.6549707602339181,0.15204678362573099,0.10526315789473684,0.03508771929824561,0.0,0.04678362573099415,0,Literal
0.60625,26.666666666666668,0.0,0.0,0.05,10.0,10.67,0.0,0.0,0.0,4.08125,160.0,6.0,11.538582620447318,0.11875,0.6125,4.025,1.2875,0.6625,0.13125,0.0875,0.06875,0.0125,0.0375,0,Literal
0.7051282051282052,26.0,5.769230769230769,0.0,0.02564102564102564,12.93,12.71,0.0,0.0,0.0,4.42948717948718,156.0,6.0,9.878427675158296,0.1987179487179487,0.5384615384615384,4.75,1.5576923076923077,0.5769230769230769,0.21153846153846154,0.12179487179487179,0.057692307692307696,0.00641025641025641,0.019230769230769232,1,Inferential
0.5878378378378378,14.8,7.4324324324324325,0.0,0.060810810810810814,9.56,8.89,0.0,0.0,0.0,3.1486486486486487,148.0,10.0,6.6211781428987395,0.16891891891891891,0.49324324324324326,4.824324324324325,1.6418918918918919,0.581081081081081,0.1891891891891892,0.12162162162162163,0.0472972972972973,0.006756756756756757,0.05405405405405406,0,Literal
0.675,20.0,2.5,0.0,0.065,9.79,9.0,0.0,0.0,0.0,3.585,200.0,10.0,8.148619514985345,0.135,0.51,4.705,1.49,0.65,0.155,0.065,0.065,0.015,0.05,0,Literal
0.5796178343949044,14.272727272727273,14.012738853503185,0.0,0.15286624203821655,12.52,11.31,0.0,0.0,0.0,3.267515923566879,157.0,11.0,5.781132034758052,0.17834394904458598,0.445859872611465,5.630573248407643,1.910828025477707,0.4840764331210191,0.15286624203821655,0.08917197452229299,0.11464968152866242,0.06369426751592357,0.08917197452229299,1,Inferential
0.48704663212435234,12.0625,1.0362694300518136,0.0,0.0,4.71,5.24,0.0,0.0,0.0,2.5906735751295336,193.0,16.0,4.422509892583622,0.08808290155440414,0.5699481865284974,4.119170984455959,1.3212435233160622,0.7772020725388601,0.15544041450777202,0.031088082901554404,0.03626943005181347,0.0,0.0,0,Literal
0.532258064516129,9.789473684210526,0.0,0.0,0.043010752688172046,1.74,3.92,0.0,0.0,0.0,3.032258064516129,186.0,19.0,5.118539438490193,0.23118279569892472,0.6075268817204301,3.424731182795699,1.1451612903225807,0.7795698924731183,0.0967741935483871,0.021505376344086023,0.05913978494623656,0.010752688172043012,0.03225806451612903,0,Literal
0.5661375661375662,21.0,6.349206349206349,0.0,0.031746031746031744,10.52,10.94,0.0,0.0,0.0,3.4497354497354498,189.0,9.0,7.329965556653619,0.13756613756613756,0.5555555555555556,4.645502645502646,1.5185185185185186,0.5185185185185185,0.2222222222222222,0.1693121693121693,0.0582010582010582,0.005291005291005291,0.026455026455026454,0,Literal
0.6804733727810651,42.25,5.9171597633136095,0.0,0.011834319526627219,18.55,19.27,0.0,0.0,0.0,3.8106508875739644,169.0,4.0,11.497282287566918,0.08875739644970414,0.5857988165680473,4.544378698224852,1.4970414201183433,0.6331360946745562,0.1834319526627219,0.09467455621301775,0.07692307692307693,0.005917159763313609,0.005917159763313609,2,Evaluative
0.46408839779005523,16.454545454545453,1.6574585635359116,0.0,0.016574585635359115,5.5,7.24,0.0,0.0,0.0,3.447513812154696,181.0,11.0,9.038028015735685,0.13259668508287292,0.7679558011049724,3.6740331491712706,1.2430939226519337,0.8121546961325967,0.1270718232044199,0.03314917127071823,0.011049723756906077,0.0,0.016574585635359115,0,Literal
0.5953757225433526,15.727272727272727,6.358381502890173,0.0,0.046242774566473986,9.37,8.83,0.0,0.0,0.0,3.46242774566474,173.0,11.0,5.118432094639726,0.2023121387283237,0.43352601156069365,5.213872832369942,1.5953757225433527,0.5491329479768786,0.15606936416184972,0.13872832369942195,0.05202312138728324,0.0,0.046242774566473986,0,Literal
0.6826347305389222,15.181818181818182,5.389221556886228,0.0,0.03592814371257485,8.7,8.23,0.0,0.0,0.0,3.305389221556886,167.0,11.0,7.9064781473305095,0.18562874251497005,0.5808383233532934,4.754491017964072,1.5568862275449102,0.6107784431137725,0.16167664670658682,0.10778443113772455,0.07784431137724551,0.0,0.03592814371257485,0,Literal
0.6954022988505747,29.0,8.045977011494253,0.0,0.05747126436781609,13.96,14.82,0.0,0.0,0.0,3.689655172413793,174.0,6.0,11.2644968324772,0.13793103448275862,0.5287356321839081,4.833333333333333,1.5459770114942528,0.6206896551724138,0.1206896551724138,0.09770114942528736,0.10344827586206896,0.005747126436781609,0.05172413793103448,1,Inferential
0.6810810810810811,15.416666666666666,9.18918918918919,0.0,0.10270270270270271,12.05,9.84,0.0,0.0,0.0,3.454054054054054,185.0,12.0,7.168604389202189,0.16216216216216217,0.4972972972972973,5.308108108108108,1.8324324324324324,0.5351351351351351,0.13513513513513514,0.10270270270270271,0.11891891891891893,0.05405405405405406,0.04864864864864865,1,Inferential
0.6097560975609756,20.5,0.0,0.0,0.036585365853658534,7.51,8.2,0.0,0.0,0.0,3.908536585365854,164.0,8.0,9.526279441628825,0.22560975609756098,0.5670731707317073,4.097560975609756,1.2804878048780488,0.7378048780487805,0.14634146341463414,0.018292682926829267,0.06097560975609756,0.018292682926829267,0.018292682926829267,0,Literal
0.48947368421052634,19.0,6.842105263157896,0.0,0.04736842105263158,10.64,10.34,0.0,0.0,0.0,3.1,190.0,10.0,5.89576118919347,0.12105263157894737,0.5157894736842106,4.589473684210526,1.5947368421052632,0.5947368421052631,0.15263157894736842,0.1368421052631579,0.06842105263157895,0.015789473684210527,0.031578947368421054,0,Literal
0.6463414634146342,20.5,4.878048780487805,0.0,0.012195121951219513,10.39,10.15,0.0,0.0,0.0,3.6890243902439024,164.0,8.0,11.399013115177997,0.12804878048780488,0.5670731707317073,4.408536585365853,1.524390243902439,0.5792682926829268,0.20121951219512196,0.10975609756097561,0.0975609756097561,0.0,0.012195121951219513,0,Literal
0.6157894736842106,19.0,7.894736842105263,0.0,0.06842105263157895,13.31,10.76,0.0,0.0,0.0,3.889473684210526,190.0,10.0,4.62709412050371,0.28421052631578947,0.42105263157894735,5.521052631578947,1.8210526315789475,0.5210526315789473,0.24736842105263157,0.09473684210526316,0.06842105263157895,0.015789473684210527,0.05263157894736842,1,Inferential
0.5833333333333334,13.714285714285714,1.5625,0.0,0.03125,4.82,6.11,0.0,0.0,0.0,3.28125,192.0,14.0,6.096586532391611,0.18229166666666666,0.5052083333333334,4.197916666666667,1.2760416666666667,0.671875,0.16145833333333334,0.046875,0.041666666666666664,0.015625,0.015625,0,Literal
0.6291390728476821,12.583333333333334,0.6622516556291391,0.0,0.12582781456953643,4.24,5.3,0.0,0.0,0.0,4.052980132450331,151.0,12.0,8.5,0.25165562913907286,0.5364238410596026,4.264900662251655,1.2649006622516556,0.7218543046357616,0.11920529801324503,0.019867549668874173,0.013245033112582781,0.006622516556291391,0.11920529801324503,0,Literal
0.45714285714285713,25.0,6.857142857142858,0.0,0.02857142857142857,12.16,12.74,0.0,0.0,0.0,4.268571428571429,175.0,7.0,7.502380574571933,0.1657142857142857,0.5714285714285714,4.611428571428571,1.5257142857142858,0.6057142857142858,0.11428571428571428,0.16,0.08571428571428572,0.011428571428571429,0.017142857142857144,1,Inferential
0.6526315789473685,63.333333333333336,7.368421052631578,0.0,0.05789473684210526,29.11,28.28,0.0,0.0,0.0,5.221052631578948,190.0,3.0,27.145697428669774,0.14210526315789473,0.531578947368421,4.989473684210527,1.694736842105263,0.5578947368421052,0.17894736842105263,0.15263157894736842,0.05263157894736842,0.031578947368421054,0.02631578947368421,2,Evaluative
0.6241610738255033,24.833333333333332,12.080536912751679,0.0,0.013422818791946308,13.02,14.77,0.0,0.0,0.0,3.5838926174496644,149.0,6.0,4.524623986832743,0.1476510067114094,0.4563758389261745,5.134228187919463,1.604026845637584,0.6308724832214765,0.21476510067114093,0.08053691275167785,0.06040268456375839,0.0,0.013422818791946308,1,Inferential
0.6627218934911243,33.8,4.733727810650888,0.0,0.04142011834319527,15.47,15.41,0.0,0.0,0.0,4.366863905325443,169.0,5.0,17.915356541246954,0.16568047337278108,0.5739644970414202,4.520710059171598,1.514792899408284,0.6272189349112426,0.1952662721893491,0.07100591715976332,0.0650887573964497,0.0,0.04142011834319527,2,Evaluative
0.6174863387978142,20.333333333333332,6.0109289617486334,0.0,0.03278688524590164,12.14,10.54,0.0,0.0,0.0,3.3060109289617485,183.0,9.0,10.231879496196745,0.15300546448087432,0.4808743169398907,4.956284153005464,1.6775956284153006,0.6174863387978142,0.20218579234972678,0.07650273224043716,0.07103825136612021,0.0,0.03278688524590164,1,Inferential
0.630057803468208,21.625,4.624277456647398,0.0,0.03468208092485549,11.12,10.5,0.0,0.0,0.0,3.653179190751445,173.0,8.0,7.372881051529314,0.1329479768786127,0.5606936416184971,4.77456647398844,1.5491329479768785,0.5722543352601156,0.24277456647398843,0.08670520231213873,0.06358381502890173,0.005780346820809248,0.028901734104046242,0,Literal
0.532051282051282,17.333333333333332,0.0,0.0,0.10256410256410256,6.45,6.93,0.0,0.0,0.0,3.5128205128205128,156.0,9.0,8.679477710861024,0.16666666666666666,0.5705128205128205,4.07051282051282,1.294871794871795,0.7051282051282052,0.11538461538461539,0.01282051282051282,0.0641025641025641,0.01282051282051282,0.08974358974358974,0,Literal
0.7310344827586207,36.25,2.0689655172413794,0.0,0.04827586206896552,15.31,15.33,0.0,0.0,0.0,4.393103448275862,145.0,4.0,16.446884203398525,0.1793103448275862,0.593103448275862,4.310344827586207,1.4206896551724137,0.6068965517241379,0.1724137931034483,0.10344827586206896,0.06896551724137931,0.006896551724137931,0.041379310344827586,2,Evaluative
0.5751295336787565,21.444444444444443,3.1088082901554404,0.0,0.09326424870466321,10.38,9.82,0.0,0.0,0.0,3.5854922279792745,193.0,9.0,4.898979485566356,0.12953367875647667,0.5647668393782384,4.476683937823834,1.4922279792746114,0.6217616580310881,0.12435233160621761,0.12435233160621761,0.03626943005181347,0.0,0.09326424870466321,0,Literal
0.5942028985507246,17.25,4.3478260869565215,0.0,0.057971014492753624,9.35,8.64,0.0,0.0,0.0,3.471014492753623,138.0,8.0,8.18535277187245,0.15942028985507245,0.5,4.586956521739131,1.5434782608695652,0.5797101449275363,0.21014492753623187,0.07246376811594203,0.06521739130434782,0.014492753623188406,0.043478260869565216,0,Literal
0.6646341463414634,20.5,1.8292682926829267,0.0,0.036585365853658534,9.03,8.93,0.0,0.0,0.0,3.2804878048780486,164.0,8.0,9.0,0.12195121951219512,0.6219512195121951,4.359756097560975,1.4085365853658536,0.6890243902439024,0.16463414634146342,0.06707317073170732,0.036585365853658534,0.006097560975609756,0.03048780487804878,0,Literal
0.6136363636363636,25.142857142857142,4.545454545454546,0.0,0.07954545454545454,11.58,11.88,0.0,0.0,0.0,3.6818181818181817,176.0,7.0,8.609439527611064,0.17045454545454544,0.48863636363636365,4.5227272727272725,1.4715909090909092,0.6534090909090909,0.10795454545454546,0.10227272727272728,0.05113636363636364,0.011363636363636364,0.06818181818181818,0,Literal
0.6086956521739131,40.25,3.1055900621118013,0.0,0.06832298136645963,17.04,17.34,0.0,0.0,0.0,4.0,161.0,4.0,9.055385138137417,0.16770186335403728,0.5714285714285714,4.298136645962733,1.434782608695652,0.7267080745341615,0.12422360248447205,0.062111801242236024,0.018633540372670808,0.006211180124223602,0.062111801242236024,2,Evaluative
0.7152777777777778,24.0,1.3888888888888888,0.0,0.0,8.52,10.16,0.0,0.0,0.0,4.909722222222222,144.0,6.0,18.119970566569176,0.1527777777777778,0.6180555555555556,4.104166666666667,1.25,0.7986111111111112,0.1527777777777778,0.041666666666666664,0.006944444444444444,0.0,0.0,0,Literal
0.6229508196721312,16.636363636363637,0.546448087431694,0.0,0.00546448087431694,5.02,6.87,0.0,0.0,0.0,3.907103825136612,183.0,11.0,6.415374096137218,0.20218579234972678,0.6174863387978142,3.9234972677595628,1.1967213114754098,0.7650273224043715,0.16393442622950818,0.03825136612021858,0.0273224043715847,0.0,0.00546448087431694,0,Literal
0.5,24.75,9.595959595959595,0.0,0.09090909090909091,11.46,13.74,0.0,0.0,0.0,3.7525252525252526,198.0,8.0,4.493050188902857,0.07575757575757576,0.601010101010101,4.878787878787879,1.4747474747474747,0.7171717171717171,0.12626262626262627,0.050505050505050504,0.015151515151515152,0.0,0.09090909090909091,0,Literal
0.46938775510204084,11.307692307692308,4.761904761904762,0.0,0.013605442176870748,10.01,6.43,0.0,0.0,0.0,2.7891156462585034,147.0,13.0,4.0674781742776265,0.17687074829931973,0.4897959183673469,4.891156462585034,1.7959183673469388,0.5510204081632653,0.1564625850340136,0.22448979591836735,0.05442176870748299,0.006802721088435374,0.006802721088435374,0,Literal
0.6643835616438356,24.333333333333332,1.36986301369863,0.0,0.08904109589041095,10.23,10.28,0.0,0.0,0.0,3.780821917808219,146.0,6.0,13.844373104863458,0.1780821917808219,0.5958904109589042,4.417808219178082,1.3835616438356164,0.6643835616438356,0.13013698630136986,0.07534246575342465,0.03424657534246575,0.0136986301369863,0.07534246575342465,0,Literal
0.582010582010582,31.5,8.994708994708994,0.0,0.05291005291005291,17.55,16.2,0.0,0.0,0.0,3.7195767195767195,189.0,6.0,10.888321980707383,0.08994708994708994,0.5343915343915344,5.164021164021164,1.7671957671957672,0.5396825396825397,0.164021164021164,0.14814814814814814,0.09523809523809523,0.015873015873015872,0.037037037037037035,2,Evaluative
0.6790123456790124,27.0,2.4691358024691357,0.0,0.043209876543209874,11.62,11.79,0.0,0.0,0.0,4.209876543209877,162.0,6.0,13.646326326972478,0.16666666666666666,0.5308641975308642,4.41358024691358,1.4135802469135803,0.7160493827160493,0.11728395061728394,0.07407407407407407,0.04938271604938271,0.012345679012345678,0.030864197530864196,0,Literal
0.64,29.166666666666668,2.2857142857142856,0.0,0.03428571428571429,12.71,12.58,0.0,0.0,0.0,3.697142857142857,175.0,6.0,8.493461537493937,0.13142857142857142,0.6342857142857142,4.434285714285714,1.4342857142857144,0.6857142857142857,0.2,0.06285714285714286,0.017142857142857144,0.005714285714285714,0.02857142857142857,1,Inferential
0.6104651162790697,28.666666666666668,4.069767441860465,0.0,0.06976744186046512,11.3,13.09,0.0,0.0,0.0,4.569767441860465,172.0,6.0,11.41149517908246,0.18023255813953487,0.5523255813953488,4.366279069767442,1.3313953488372092,0.6918604651162791,0.18023255813953487,0.01744186046511628,0.029069767441860465,0.01744186046511628,0.05232558139534884,0,Literal
0.6666666666666666,9.4,0.0,0.0,0.04964539007092199,3.47,3.76,0.0,0.0,0.0,2.8652482269503547,141.0,15.0,4.407065034943575,0.20567375886524822,0.574468085106383,3.9148936170212765,1.3049645390070923,0.6312056737588653,0.18439716312056736,0.09929078014184398,0.03546099290780142,0.0070921985815602835,0.0425531914893617,0,Literal
0.639751552795031,32.2,4.968944099378882,0.0,0.024844720496894408,14.48,14.87,0.0,0.0,0.0,4.037267080745342,161.0,5.0,14.675149062275313,0.14906832298136646,0.6273291925465838,4.447204968944099,1.484472049689441,0.7391304347826086,0.15527950310559005,0.043478260869565216,0.031055900621118012,0.006211180124223602,0.018633540372670808,1,Inferential
0.6503067484662577,32.6,2.4539877300613497,0.0,0.024539877300613498,13.12,14.02,0.0,0.0,0.0,3.98159509202454,163.0,5.0,19.001052602421794,0.1411042944785276,0.656441717791411,3.957055214723926,1.3558282208588956,0.7055214723926381,0.1656441717791411,0.0736196319018405,0.03067484662576687,0.0,0.024539877300613498,1,Inferential
0.6666666666666666,18.75,1.3333333333333335,0.0,0.02666666666666667,6.28,8.03,0.0,0.0,0.0,3.473333333333333,150.0,8.0,10.282722159039405,0.14666666666666667,0.6533333333333333,3.6666666666666665,1.2333333333333334,0.8266666666666667,0.08666666666666667,0.006666666666666667,0.05333333333333334,0.0,0.02666666666666667,0,Literal
0.631578947368421,24.428571428571427,9.941520467836257,0.0,0.017543859649122806,13.53,13.75,0.0,0.0,0.0,3.111111111111111,171.0,7.0,9.147320339189783,0.09941520467836257,0.6140350877192983,4.713450292397661,1.6608187134502923,0.5730994152046783,0.1871345029239766,0.13450292397660818,0.08771929824561403,0.005847953216374269,0.011695906432748537,1,Inferential
0.6449704142011834,42.25,11.242603550295858,0.0,0.023668639053254437,20.3,21.4,0.0,0.0,0.0,3.964497041420118,169.0,4.0,16.223054582907622,0.08875739644970414,0.5857988165680473,4.911242603550296,1.6449704142011834,0.6331360946745562,0.09467455621301775,0.14792899408284024,0.10059171597633136,0.005917159763313609,0.01775147928994083,2,Evaluative
0.5931372549019608,22.666666666666668,6.372549019607843,0.0,0.024509803921568627,10.49,11.62,0.0,0.0,0.0,4.171568627450981,204.0,9.0,16.037764075556478,0.1715686274509804,0.6323529411764706,4.348039215686274,1.4607843137254901,0.6225490196078431,0.19117647058823528,0.10784313725490197,0.05392156862745098,0.014705882352941176,0.00980392156862745,0,Literal
0.5885714285714285,21.875,12.0,0.0,0.03428571428571429,15.73,13.55,0.0,0.0,0.0,3.2285714285714286,175.0,8.0,7.744958037329835,0.13142857142857142,0.3942857142857143,5.365714285714286,1.9314285714285715,0.49142857142857144,0.13142857142857142,0.22857142857142856,0.11428571428571428,0.0,0.03428571428571429,2,Evaluative
0.45989304812834225,18.7,5.347593582887701,0.0,0.0,9.81,9.62,0.0,0.0,0.0,2.871657754010695,187.0,10.0,5.1778373863998475,0.10160427807486631,0.46524064171123,4.721925133689839,1.53475935828877,0.5882352941176471,0.15508021390374332,0.1711229946524064,0.0855614973262032,0.0,0.0,0,Literal
0.6666666666666666,32.4,17.28395061728395,0.0,0.05555555555555555,21.74,19.87,0.0,0.0,0.0,4.462962962962963,162.0,5.0,14.274452704044382,0.16666666666666666,0.3950617283950617,6.0,2.0925925925925926,0.4382716049382716,0.24074074074074073,0.1419753086419753,0.09259259259259259,0.012345679012345678,0.043209876543209874,2,Evaluative
0.6204819277108434,33.2,4.216867469879518,0.0,0.05421686746987952,13.57,14.97,0.0,0.0,0.0,3.536144578313253,166.0,5.0,11.189280584559492,0.07228915662650602,0.6385542168674698,4.27710843373494,1.3734939759036144,0.6927710843373494,0.16265060240963855,0.060240963855421686,0.030120481927710843,0.05421686746987952,0.0,1,Inferential
0.6973684210526315,16.88888888888889,1.9736842105263157,0.0,0.03289473684210526,7.53,7.55,0.0,0.0,0.0,3.414473684210526,152.0,9.0,9.562013321755629,0.17105263157894737,0.625,4.282894736842105,1.4013157894736843,0.7171052631578947,0.14473684210526316,0.06578947368421052,0.039473684210526314,0.0,0.03289473684210526,0,Literal
0.6285714285714286,29.166666666666668,0.5714285714285714,0.0,0.02857142857142857,10.42,11.9,0.0,0.0,0.0,3.9485714285714284,175.0,6.0,8.717797887081348,0.13714285714285715,0.6685714285714286,3.9314285714285715,1.24,0.7371428571428571,0.14285714285714285,0.045714285714285714,0.017142857142857144,0.011428571428571429,0.017142857142857144,0,Literal
0.4457831325301205,20.75,9.63855421686747,0.0,0.030120481927710843,12.19,12.16,0.0,0.0,0.0,2.9939759036144578,166.0,8.0,7.677076266392044,0.08433734939759036,0.5240963855421686,4.921686746987952,1.6686746987951808,0.5421686746987951,0.18674698795180722,0.10240963855421686,0.13855421686746988,0.006024096385542169,0.024096385542168676,1,Inferential
0.5645161290322581,18.6,4.301075268817205,0.0,0.043010752688172046,9.87,9.16,0.0,0.0,0.0,3.2688172043010755,186.0,10.0,5.44426303552648,0.15591397849462366,0.5161290322580645,4.629032258064516,1.543010752688172,0.7311827956989247,0.13978494623655913,0.04838709677419355,0.03763440860215054,0.010752688172043012,0.03225806451612903,0,Literal
0.5886524822695035,12.818181818181818,8.51063829787234,0.0,0.02127659574468085,9.08,8.53,0.0,0.0,0.0,2.652482269503546,141.0,11.0,5.468164815208206,0.09219858156028368,0.46808510638297873,5.092198581560283,1.6666666666666667,0.524822695035461,0.3049645390070922,0.04964539007092199,0.09219858156028368,0.0,0.02127659574468085,0,Literal
0.6298701298701299,38.5,1.2987012987012987,0.0,0.01948051948051948,15.13,15.92,0.0,0.0,0.0,4.285714285714286,154.0,4.0,5.722761571129799,0.11688311688311688,0.6493506493506493,3.9935064935064934,1.3311688311688312,0.7662337662337663,0.15584415584415584,0.01948051948051948,0.025974025974025976,0.0,0.01948051948051948,2,Evaluative
0.6549295774647887,20.285714285714285,0.0,0.0,0.04225352112676056,7.69,8.11,0.0,0.0,0.0,4.211267605633803,142.0,7.0,18.76710104498436,0.20422535211267606,0.5633802816901409,4.225352112676056,1.3028169014084507,0.7394366197183099,0.14084507042253522,0.035211267605633804,0.035211267605633804,0.007042253521126761,0.035211267605633804,0,Literal
0.627906976744186,10.117647058823529,3.488372093023256,0.0,0.029069767441860465,4.89,5.44,0.0,0.0,0.0,2.895348837209302,172.0,17.0,4.185160801481355,0.20348837209302326,0.5813953488372093,4.25,1.4011627906976745,0.7558139534883721,0.1511627906976744,0.023255813953488372,0.0,0.0,0.029069767441860465,0,Literal
0.6084656084656085,31.5,2.1164021164021163,0.0,0.06878306878306878,12.93,13.45,0.0,0.0,0.0,4.243386243386244,189.0,6.0,7.425556469981821,0.12698412698412698,0.5555555555555556,4.243386243386244,1.3756613756613756,0.6455026455026455,0.1164021164021164,0.10052910052910052,0.06349206349206349,0.010582010582010581,0.0582010582010582,1,Inferential
0.6011560693641619,28.833333333333332,0.0,0.0,0.011560693641618497,10.8,11.53,0.0,0.0,0.0,4.1502890173410405,173.0,6.0,11.308796969124915,0.1676300578034682,0.6358381502890174,3.8728323699421967,1.283236994219653,0.7167630057803468,0.13872832369942195,0.06936416184971098,0.057803468208092484,0.0,0.011560693641618497,0,Literal
0.6054421768707483,11.307692307692308,1.3605442176870748,0.0,0.013605442176870748,8.41,5.07,0.0,0.0,0.0,2.693877551020408,147.0,13.0,4.4482560907079876,0.12244897959183673,0.5170068027210885,4.7687074829931975,1.6598639455782314,0.5374149659863946,0.17006802721088435,0.23809523809523808,0.04081632653061224,0.0,0.013605442176870748,0,Literal
0.5482233502538071,21.88888888888889,5.0761421319796955,0.0,0.03553299492385787,12.41,10.79,0.0,0.0,0.0,3.3197969543147208,197.0,9.0,14.460674642322575,0.13705583756345177,0.5380710659898477,4.83248730964467,1.649746192893401,0.5888324873096447,0.15736040609137056,0.116751269035533,0.09137055837563451,0.005076142131979695,0.030456852791878174,1,Inferential
0.6219512195121951,14.909090909090908,3.048780487804878,0.0,0.018292682926829267,9.44,7.18,0.0,0.0,0.0,2.951219512195122,164.0,11.0,5.131333015152757,0.15853658536585366,0.5182926829268293,4.841463414634147,1.6280487804878048,0.5487804878048781,0.22560975609756098,0.17073170731707318,0.036585365853658534,0.012195121951219513,0.006097560975609756,0,Literal
0.6091954022988506,21.75,3.4482758620689653,0.0,0.07471264367816093,10.32,10.08,0.0,0.0,0.0,3.3333333333333335,174.0,8.0,10.987919502799427,0.1206896551724138,0.5402298850574713,4.741379310344827,1.4770114942528736,0.5689655172413793,0.14942528735632185,0.13218390804597702,0.06321839080459771,0.028735632183908046,0.04597701149425287,0,Literal
0.6512820512820513,17.727272727272727,0.0,0.0,0.041025641025641026,7.0,7.09,0.0,0.0,0.0,3.6923076923076925,195.0,11.0,8.3101053687465,0.19487179487179487,0.47692307692307695,4.1692307692307695,1.3282051282051281,0.6512820512820513,0.18974358974358974,0.06153846153846154,0.05641025641025641,0.0,0.041025641025641026,0,Literal
0.6243654822335025,14.071428571428571,4.060913705583756,0.0,0.02030456852791878,6.19,7.25,0.0,0.0,0.0,3.0609137055837565,197.0,14.0,7.8454458387119885,0.15228426395939088,0.6091370558375635,4.274111675126903,1.380710659898477,0.6395939086294417,0.19796954314720813,0.06598984771573604,0.07106598984771574,0.005076142131979695,0.015228426395939087,0,Literal
0.592964824120603,22.11111111111111,1.0050251256281406,0.0,0.020100502512562814,9.1,9.25,0.0,0.0,0.0,3.6683417085427137,199.0,9.0,16.10919528839061,0.16080402010050251,0.592964824120603,4.251256281407035,1.3618090452261307,0.678391959798995,0.18090452261306533,0.08040201005025126,0.04020100502512563,0.0,0.020100502512562814,0,Literal
0.5961538461538461,19.5,3.205128205128205,0.0,0.10256410256410256,9.72,9.08,0.0,0.0,0.0,3.4294871794871793,156.0,8.0,8.5,0.14102564102564102,0.4935897435897436,4.608974358974359,1.5,0.6217948717948718,0.10256410256410256,0.08333333333333333,0.07692307692307693,0.0,0.10256410256410256,0,Literal
0.6901408450704225,23.666666666666668,9.859154929577464,0.0,0.056338028169014086,14.33,13.41,0.0,0.0,0.0,3.352112676056338,142.0,6.0,5.9651767227244274,0.11267605633802817,0.5352112676056338,5.274647887323944,1.7535211267605635,0.5492957746478874,0.20422535211267606,0.13380281690140844,0.04929577464788732,0.007042253521126761,0.04929577464788732,1,Inferential
0.6549707602339181,28.5,4.678362573099415,0.0,0.08187134502923976,12.36,13.27,0.0,0.0,0.0,3.8596491228070176,171.0,6.0,7.365459931328117,0.14619883040935672,0.6374269005847953,4.421052631578948,1.4269005847953216,0.672514619883041,0.16374269005847952,0.04093567251461988,0.04093567251461988,0.017543859649122806,0.06432748538011696,1,Inferential
0.6205128205128205,27.857142857142858,1.5384615384615385,0.0,0.035897435897435895,10.58,11.76,0.0,0.0,0.0,4.328205128205128,195.0,7.0,17.334641499562874,0.14358974358974358,0.5128205128205128,4.256410256410256,1.2974358974358975,0.6974358974358974,0.15897435897435896,0.06666666666666667,0.02564102564102564,0.005128205128205128,0.03076923076923077,0,Literal
0.6368421052631579,19.0,1.5789473684210527,0.0,0.021052631578947368,7.91,8.23,0.0,0.0,0.0,4.094736842105263,190.0,10.0,10.549407566304376,0.1631578947368421,0.5210526315789473,4.510526315789473,1.3631578947368421,0.5947368421052631,0.22631578947368422,0.1,0.05789473684210526,0.005263157894736842,0.015789473684210527,0,Literal
0.5602409638554217,15.090909090909092,2.4096385542168677,0.0,0.03614457831325301,6.43,7.0,0.0,0.0,0.0,3.0783132530120483,166.0,11.0,6.249628088108078,0.13253012048192772,0.5240963855421686,4.385542168674699,1.3674698795180722,0.6506024096385542,0.1746987951807229,0.07228915662650602,0.060240963855421686,0.006024096385542169,0.030120481927710843,0,Literal
0.6585365853658537,9.647058823529411,0.0,0.0,0.04878048780487805,3.71,3.86,0.0,0.0,0.0,3.542682926829268,164.0,17.0,5.088830295031099,0.27439024390243905,0.6280487804878049,3.9146341463414633,1.3170731707317074,0.676829268292683,0.17073170731707318,0.06097560975609756,0.042682926829268296,0.006097560975609756,0.042682926829268296,0,Literal
0.630057803468208,28.833333333333332,2.312138728323699,0.0,0.04046242774566474,11.68,12.46,0.0,0.0,0.0,3.913294797687861,173.0,6.0,8.434387285919996,0.11560693641618497,0.6242774566473989,4.161849710982659,1.3583815028901733,0.7109826589595376,0.13872832369942195,0.057803468208092484,0.05202312138728324,0.0,0.04046242774566474,0,Literal
0.6181818181818182,27.5,2.4242424242424243,0.0,0.024242424242424242,11.65,11.97,0.0,0.0,0.0,3.709090909090909,165.0,6.0,9.616247824501103,0.15757575757575756,0.6,4.484848484848484,1.4,0.7696969696969697,0.12121212121212122,0.03636363636363636,0.024242424242424242,0.0,0.024242424242424242,0,Literal
0.6071428571428571,23.333333333333332,2.142857142857143,0.0,0.02142857142857143,9.19,10.19,0.0,0.0,0.0,3.3142857142857145,140.0,6.0,9.104333522498441,0.12857142857142856,0.6785714285714286,4.042857142857143,1.3285714285714285,0.7357142857142858,0.15714285714285714,0.04285714285714286,0.04285714285714286,0.007142857142857143,0.014285714285714285,0,Literal
0.6593406593406593,26.0,1.6483516483516485,0.0,0.07692307692307693,10.18,11.06,0.0,0.0,0.0,3.8351648351648353,182.0,7.0,9.680613912055666,0.17032967032967034,0.5439560439560439,4.241758241758242,1.3241758241758241,0.6098901098901099,0.18681318681318682,0.07692307692307693,0.04945054945054945,0.005494505494505495,0.07142857142857142,0,Literal
0.625,25.0,4.0,0.0,0.05,12.16,11.6,0.0,0.0,0.0,3.055,200.0,8.0,10.136567466356647,0.11,0.515,4.585,1.525,0.55,0.25,0.11,0.035,0.01,0.04,1,Inferential
0.5900621118012422,23.0,9.937888198757763,0.0,0.16149068322981366,16.39,13.18,0.0,0.0,0.0,3.1739130434782608,161.0,7.0,8.48528137423857,0.11801242236024845,0.453416149068323,5.527950310559007,1.950310559006211,0.45962732919254656,0.14285714285714285,0.14285714285714285,0.09316770186335403,0.055900621118012424,0.10559006211180125,2,Evaluative
0.6582278481012658,17.555555555555557,1.89873417721519,0.0,0.03164556962025317,6.72,7.78,0.0,0.0,0.0,3.7341772151898733,158.0,9.0,12.979566086833147,0.13291139240506328,0.6012658227848101,4.113924050632911,1.3101265822784811,0.689873417721519,0.16455696202531644,0.06962025316455696,0.04430379746835443,0.0,0.03164556962025317,0,Literal
0.6338797814207651,20.333333333333332,12.021857923497267,0.0,0.06557377049180328,14.2,12.94,0.0,0.0,0.0,3.087431693989071,183.0,9.0,6.863753427324667,0.14754098360655737,0.4262295081967213,5.415300546448087,1.8524590163934427,0.43169398907103823,0.22404371584699453,0.14207650273224043,0.1366120218579235,0.01639344262295082,0.04918032786885246,1,Inferential
0.5904255319148937,18.8,1.0638297872340425,0.0,0.010638297872340425,7.5,7.95,0.0,0.0,0.0,3.601063829787234,188.0,10.0,10.225458424931373,0.11702127659574468,0.6117021276595744,4.0,1.3351063829787233,0.6861702127659575,0.17553191489361702,0.09042553191489362,0.031914893617021274,0.005319148936170213,0.005319148936170213,0,Literal
0.5967741935483871,18.6,6.989247311827956,0.0,0.043010752688172046,9.81,10.24,0.0,0.0,0.0,3.7419354838709675,186.0,10.0,13.951702405083044,0.13440860215053763,0.5591397849462365,4.596774193548387,1.5376344086021505,0.6075268817204301,0.17204301075268819,0.11290322580645161,0.05913978494623656,0.010752688172043012,0.03225806451612903,0,Literal
0.6305418719211823,29.0,4.433497536945813,0.0,0.034482758620689655,12.64,13.37,0.0,0.0,0.0,3.5369458128078817,203.0,7.0,16.307003628715446,0.11822660098522167,0.5911330049261084,4.512315270935961,1.4334975369458127,0.7093596059113301,0.1625615763546798,0.03940886699507389,0.029556650246305417,0.009852216748768473,0.024630541871921183,1,Inferential
0.5548780487804879,27.333333333333332,13.414634146341465,0.0,0.04878048780487805,17.45,16.3,0.0,0.0,0.0,3.6280487804878048,164.0,6.0,13.707256796634727,0.15853658536585366,0.43902439024390244,5.573170731707317,1.896341463414634,0.49390243902439024,0.14634146341463414,0.1402439024390244,0.17073170731707318,0.012195121951219513,0.036585365853658534,2,Evaluative
0.576271186440678,88.5,0.5649717514124294,0.0,0.04519774011299435,33.72,35.63,0.0,0.0,0.0,5.9209039548022595,177.0,2.0,54.5,0.0847457627118644,0.6384180790960452,4.084745762711864,1.2542372881355932,0.7457627118644068,0.14124293785310735,0.022598870056497175,0.04519774011299435,0.005649717514124294,0.03954802259887006,2,Evaluative
0.7032258064516129,19.375,3.225806451612903,0.0,0.1032258064516129,9.02,9.04,0.0,0.0,0.0,3.109677419354839,155.0,8.0,9.9365172470036,0.12903225806451613,0.47096774193548385,4.670967741935484,1.4451612903225806,0.6193548387096774,0.14838709677419354,0.06451612903225806,0.06451612903225806,0.025806451612903226,0.07741935483870968,0,Literal
0.56,28.571428571428573,0.5,0.0,0.03,10.42,11.63,0.0,0.0,0.0,4.205,200.0,7.0,14.221283273994077,0.215,0.61,3.735,1.26,0.715,0.16,0.035,0.055,0.005,0.025,0,Literal
0.6685714285714286,19.444444444444443,5.142857142857142,0.0,0.06857142857142857,11.48,9.83,0.0,0.0,0.0,3.4685714285714284,175.0,9.0,10.011104945120804,0.12571428571428572,0.4514285714285714,4.897142857142857,1.6514285714285715,0.6114285714285714,0.13142857142857142,0.08,0.09714285714285714,0.0,0.06857142857142857,0,Literal
0.6073619631901841,16.3,0.6134969325153374,0.0,0.04294478527607362,5.39,6.77,0.0,0.0,0.0,3.871165644171779,163.0,10.0,8.55336191213724,0.1901840490797546,0.6503067484662577,3.8895705521472395,1.2392638036809815,0.7361963190184049,0.17791411042944785,0.024539877300613498,0.018404907975460124,0.0,0.04294478527607362,0,Literal
0.6153846153846154,13.928571428571429,7.179487179487179,0.0,0.03076923076923077,8.06,8.44,0.0,0.0,0.0,3.707692307692308,195.0,14.0,5.10551922243098,0.26666666666666666,0.517948717948718,4.641025641025641,1.5435897435897437,0.6,0.15897435897435896,0.13846153846153847,0.07179487179487179,0.005128205128205128,0.02564102564102564,0,Literal
0.5728643216080402,24.875,4.0201005025125625,0.0,0.035175879396984924,10.95,11.56,0.0,0.0,0.0,3.9346733668341707,199.0,8.0,14.549484526951462,0.09045226130653267,0.6482412060301508,4.185929648241206,1.4271356783919598,0.678391959798995,0.1407035175879397,0.09547738693467336,0.05025125628140704,0.020100502512562814,0.01507537688442211,0,Literal
0.5906735751295337,38.6,2.5906735751295336,0.0,0.05699481865284974,16.28,16.48,0.0,0.0,0.0,5.8549222797927465,193.0,5.0,20.185143051264216,0.12435233160621761,0.5803108808290155,4.259067357512953,1.4248704663212435,0.7409326424870466,0.10362694300518134,0.07772020725388601,0.02072538860103627,0.010362694300518135,0.046632124352331605,2,Evaluative
0.6733668341708543,33.166666666666664,2.512562814070352,0.0,0.04020100502512563,13.95,14.27,0.0,0.0,0.0,3.909547738693467,199.0,6.0,8.334999833366659,0.15577889447236182,0.5527638190954773,4.4623115577889445,1.407035175879397,0.678391959798995,0.19095477386934673,0.04522613065326633,0.04522613065326633,0.010050251256281407,0.03015075376884422,1,Inferential
0.5585106382978723,37.6,4.25531914893617,0.0,0.026595744680851064,15.33,16.74,0.0,0.0,0.0,4.824468085106383,188.0,5.0,14.691494137765565,0.1276595744680851,0.648936170212766,4.377659574468085,1.377659574468085,0.6808510638297872,0.11170212765957446,0.09042553191489362,0.0797872340425532,0.005319148936170213,0.02127659574468085,2,Evaluative
0.5870967741935483,19.375,0.6451612903225806,0.0,0.09032258064516129,6.81,8.01,0.0,0.0,0.0,4.483870967741935,155.0,8.0,9.733961166965893,0.2,0.5935483870967742,3.903225806451613,1.2580645161290323,0.7354838709677419,0.0967741935483871,0.03870967741935484,0.03870967741935484,0.01935483870967742,0.07096774193548387,0,Literal
0.515527950310559,20.125,1.8633540372670807,0.0,0.06832298136645963,9.26,8.8,0.0,0.0,0.0,4.124223602484472,161.0,8.0,14.48059045757458,0.18633540372670807,0.5279503105590062,4.403726708074534,1.4409937888198758,0.7267080745341615,0.12422360248447205,0.062111801242236024,0.018633540372670808,0.0,0.06832298136645963,0,Literal
0.47593582887700536,13.357142857142858,4.27807486631016,0.0,0.03208556149732621,8.8,7.05,0.0,0.0,0.0,2.5026737967914436,187.0,14.0,5.702219403219153,0.12299465240641712,0.5454545454545454,4.6310160427807485,1.625668449197861,0.5775401069518716,0.24598930481283424,0.0855614973262032,0.058823529411764705,0.0053475935828877,0.026737967914438502,0,Literal
0.5948717948717949,16.25,1.5384615384615385,0.0,0.005128205128205128,5.63,7.12,0.0,0.0,0.0,3.712820512820513,195.0,12.0,8.440560144656015,0.1794871794871795,0.6461538461538462,3.9743589743589745,1.2615384615384615,0.7230769230769231,0.2153846153846154,0.035897435897435895,0.015384615384615385,0.0,0.005128205128205128,0,Literal
0.6134969325153374,40.75,1.2269938650306749,0.0,0.024539877300613498,16.45,16.79,0.0,0.0,0.0,5.024539877300613,163.0,4.0,9.148087231765993,0.12883435582822086,0.6257668711656442,4.012269938650307,1.3680981595092025,0.7361963190184049,0.15950920245398773,0.049079754601226995,0.03067484662576687,0.012269938650306749,0.012269938650306749,2,Evaluative
0.5829145728643216,22.11111111111111,8.040201005025125,0.0,0.09045226130653267,13.43,12.06,0.0,0.0,0.0,3.4020100502512562,199.0,9.0,9.47511360236793,0.11055276381909548,0.5326633165829145,4.994974874371859,1.728643216080402,0.5326633165829145,0.22110552763819097,0.11055276381909548,0.04522613065326633,0.005025125628140704,0.08542713567839195,1,Inferential
0.6228571428571429,21.875,12.571428571428573,0.0,0.03428571428571429,13.17,13.78,0.0,0.0,0.0,3.337142857142857,175.0,8.0,7.614747205259016,0.12,0.5771428571428572,5.177142857142857,1.7142857142857142,0.6171428571428571,0.2057142857142857,0.07428571428571429,0.06857142857142857,0.011428571428571429,0.022857142857142857,1,Inferential
0.6214689265536724,22.125,2.824858757062147,0.0,0.062146892655367235,9.71,9.98,0.0,0.0,0.0,3.943502824858757,177.0,8.0,12.118554988116363,0.13559322033898305,0.5988700564971752,4.5875706214689265,1.4124293785310735,0.6610169491525424,0.12429378531073447,0.0903954802259887,0.062146892655367235,0.0,0.062146892655367235,0,Literal
0.6590909090909091,11.0,1.7045454545454544,0.0,0.022727272727272728,3.11,5.08,0.0,0.0,0.0,3.4431818181818183,176.0,16.0,8.29509455943692,0.22727272727272727,0.6590909090909091,3.8693181818181817,1.2215909090909092,0.7784090909090909,0.1534090909090909,0.028409090909090908,0.017045454545454544,0.0,0.022727272727272728,0,Literal
0.5953757225433526,17.3,8.092485549132949,0.0,0.08670520231213873,12.98,10.16,0.0,0.0,0.0,3.520231213872832,173.0,10.0,7.277362159464101,0.15606936416184972,0.42196531791907516,5.329479768786127,1.8497109826589595,0.5433526011560693,0.2138728323699422,0.057803468208092484,0.06358381502890173,0.023121387283236993,0.06358381502890173,1,Inferential
0.6418918918918919,21.142857142857142,9.45945945945946,0.0,0.033783783783783786,12.59,12.24,0.0,0.0,0.0,3.324324324324324,148.0,7.0,6.253162465211226,0.12837837837837837,0.4797297297297297,4.9324324324324325,1.6891891891891893,0.5675675675675675,0.14189189189189189,0.18243243243243243,0.07432432432432433,0.013513513513513514,0.02027027027027027,1,Inferential
0.5555555555555556,8.217391304347826,0.5291005291005291,0.0,0.0,2.04,3.5,0.0,0.0,0.0,3.0793650793650795,189.0,23.0,3.0353929870794887,0.2962962962962963,0.582010582010582,3.8095238095238093,1.2222222222222223,0.8148148148148148,0.13756613756613756,0.005291005291005291,0.037037037037037035,0.0,0.0,0,Literal
0.6352201257861635,26.5,0.628930817610063,0.0,0.018867924528301886,9.59,10.85,0.0,0.0,0.0,4.163522012578617,159.0,6.0,6.523461930260309,0.1320754716981132,0.6415094339622641,3.943396226415094,1.2578616352201257,0.779874213836478,0.13836477987421383,0.031446540880503145,0.031446540880503145,0.0,0.018867924528301886,0,Literal
0.6063829787234043,20.88888888888889,6.914893617021277,0.0,0.0425531914893617,11.51,11.12,0.0,0.0,0.0,3.015957446808511,188.0,9.0,8.819171036881968,0.0797872340425532,0.5425531914893617,4.617021276595745,1.6063829787234043,0.6276595744680851,0.16489361702127658,0.09042553191489362,0.06914893617021277,0.005319148936170213,0.03723404255319149,0,Literal
0.5730994152046783,24.428571428571427,4.093567251461988,0.0,0.023391812865497075,10.5,11.41,0.0,0.0,0.0,3.3684210526315788,171.0,7.0,6.411087334947679,0.10526315789473684,0.6257309941520468,4.3391812865497075,1.4035087719298245,0.7076023391812866,0.11695906432748537,0.0935672514619883,0.05847953216374269,0.005847953216374269,0.017543859649122806,0,Literal
0.5470588235294118,15.454545454545455,4.117647058823529,0.0,0.047058823529411764,8.0,7.83,0.0,0.0,0.0,3.711764705882353,170.0,11.0,6.685373203945541,0.23529411764705882,0.43529411764705883,4.223529411764706,1.488235294117647,0.5117647058823529,0.1411764705882353,0.14705882352941177,0.08235294117647059,0.0058823529411764705,0.041176470588235294,0,Literal
0.6492146596858639,23.875,3.664921465968586,0.0,0.05235602094240838,9.85,11.02,0.0,0.0,0.0,3.4973821989528795,191.0,8.0,8.52936105461599,0.09947643979057591,0.518324607329843,4.335078534031414,1.3664921465968587,0.6387434554973822,0.13089005235602094,0.11518324607329843,0.06282722513089005,0.010471204188481676,0.041884816753926704,0,Literal
0.6363636363636364,33.0,5.454545454545454,0.0,0.08484848484848485,15.09,15.38,0.0,0.0,0.0,3.860606060606061,165.0,5.0,14.513442045221389,0.16363636363636364,0.5757575757575758,4.527272727272727,1.509090909090909,0.6242424242424243,0.1696969696969697,0.07272727272727272,0.048484848484848485,0.006060606060606061,0.07878787878787878,2,Evaluative
0.6597222222222222,16.0,0.6944444444444444,0.0,0.034722222222222224,5.56,6.68,0.0,0.0,0.0,3.8958333333333335,144.0,9.0,6.27162924074226,0.18055555555555555,0.6527777777777778,3.9097222222222223,1.2638888888888888,0.7847222222222222,0.11805555555555555,0.034722222222222224,0.027777777777777776,0.0,0.034722222222222224,0,Literal
0.58125,26.666666666666668,1.875,0.0,0.03125,10.08,11.42,0.0,0.0,0.0,4.48125,160.0,6.0,13.707256796634725,0.15625,0.56875,4.10625,1.29375,0.7375,0.15,0.05,0.03125,0.00625,0.025,0,Literal
0.5294117647058824,19.125,0.0,0.0,0.0457516339869281,6.21,7.65,0.0,0.0,0.0,4.228758169934641,153.0,8.0,6.899954709996291,0.2222222222222222,0.5882352941176471,3.843137254901961,1.2156862745098038,0.8104575163398693,0.11764705882352941,0.0,0.026143790849673203,0.026143790849673203,0.0196078431372549,0,Literal
0.6308724832214765,21.285714285714285,2.684563758389262,0.0,0.06040268456375839,7.92,9.59,0.0,0.0,0.0,4.348993288590604,149.0,7.0,11.141025490482994,0.24161073825503357,0.6040268456375839,4.221476510067114,1.2885906040268456,0.7315436241610739,0.16778523489932887,0.03355704697986577,0.006711409395973154,0.0,0.06040268456375839,0,Literal
0.648936170212766,23.5,2.127659574468085,0.0,0.05851063829787234,10.08,10.25,0.0,0.0,0.0,3.797872340425532,188.0,8.0,11.6665922616675,0.1276595744680851,0.5372340425531915,4.3936170212765955,1.398936170212766,0.7127659574468085,0.13297872340425532,0.05319148936170213,0.0425531914893617,0.005319148936170213,0.05319148936170213,0,Literal
0.5617977528089888,29.666666666666668,3.3707865168539324,0.0,0.03932584269662921,12.55,13.21,0.0,0.0,0.0,4.601123595505618,178.0,6.0,15.0858653491715,0.15168539325842698,0.5786516853932584,4.365168539325842,1.404494382022472,0.6685393258426966,0.17415730337078653,0.07303370786516854,0.03932584269662921,0.0,0.03932584269662921,1,Inferential
0.538860103626943,9.19047619047619,0.0,0.0,0.015544041450777202,1.81,3.68,0.0,0.0,0.0,3.5595854922279795,193.0,21.0,3.5405010086554483,0.3626943005181347,0.5958549222797928,3.7305699481865284,1.1709844559585492,0.8134715025906736,0.10880829015544041,0.031088082901554404,0.031088082901554404,0.0051813471502590676,0.010362694300518135,0,Literal
0.6380368098159509,23.285714285714285,2.4539877300613497,0.0,0.06134969325153374,11.08,10.3,0.0,0.0,0.0,3.766871165644172,163.0,7.0,12.76954284576374,0.147239263803681,0.558282208588957,4.484662576687117,1.49079754601227,0.5828220858895705,0.15337423312883436,0.1411042944785276,0.06134969325153374,0.0,0.06134969325153374,0,Literal
0.5126582278481012,22.571428571428573,3.1645569620253164,0.0,0.03164556962025317,12.41,10.29,0.0,0.0,0.0,4.886075949367089,158.0,7.0,6.740072064048828,0.22784810126582278,0.5126582278481012,4.443037974683544,1.6265822784810127,0.5443037974683544,0.22151898734177214,0.15822784810126583,0.04430379746835443,0.0,0.03164556962025317,1,Inferential
0.6683937823834197,21.444444444444443,5.181347150259067,0.0,0.06217616580310881,11.36,10.65,0.0,0.0,0.0,4.253886010362694,193.0,9.0,10.62956510497902,0.18134715025906736,0.538860103626943,4.678756476683938,1.5751295336787565,0.689119170984456,0.10880829015544041,0.09844559585492228,0.04145077720207254,0.025906735751295335,0.03626943005181347,0,Literal
0.5963855421686747,16.6,11.44578313253012,0.0,0.060240963855421686,11.5,11.22,0.0,0.0,0.0,3.391566265060241,166.0,10.0,5.23545604508337,0.13253012048192772,0.4939759036144578,5.228915662650603,1.7469879518072289,0.4578313253012048,0.1746987951807229,0.1746987951807229,0.08433734939759036,0.018072289156626505,0.04216867469879518,0,Literal
0.6178010471204188,27.285714285714285,7.853403141361256,0.0,0.04712041884816754,15.75,14.06,0.0,0.0,0.0,4.0837696335078535,191.0,7.0,14.829644882698265,0.17277486910994763,0.5235602094240838,4.989528795811518,1.7539267015706805,0.5445026178010471,0.16230366492146597,0.193717277486911,0.05235602094240838,0.015706806282722512,0.031413612565445025,2,Evaluative
0.6267605633802817,28.4,10.56338028169014,0.0,0.04225352112676056,14.1,15.59,0.0,0.0,0.0,4.056338028169014,142.0,5.0,9.971960689854328,0.13380281690140844,0.5985915492957746,4.767605633802817,1.5774647887323943,0.6619718309859155,0.1267605633802817,0.07042253521126761,0.09859154929577464,0.007042253521126761,0.035211267605633804,1,Inferential
0.6211180124223602,26.833333333333332,3.7267080745341614,0.0,0.055900621118012424,10.85,12.22,0.0,0.0,0.0,3.8633540372670807,161.0,6.0,10.430990152212567,0.11801242236024845,0.6086956521739131,4.273291925465839,1.3540372670807452,0.6211180124223602,0.19875776397515527,0.07453416149068323,0.049689440993788817,0.012422360248447204,0.043478260869565216,0,Literal
0.5989847715736041,17.90909090909091,3.0456852791878175,0.0,0.04568527918781726,7.45,8.38,0.0,0.0,0.0,4.223350253807107,197.0,11.0,11.524318520215063,0.17258883248730963,0.5989847715736041,4.030456852791878,1.3604060913705585,0.7309644670050761,0.1319796954314721,0.04060913705583756,0.050761421319796954,0.0,0.04568527918781726,0,Literal
0.5082872928176796,15.083333333333334,2.7624309392265194,0.0,0.0,7.7,7.14,0.0,0.0,0.0,2.9889502762430937,181.0,12.0,6.027713773341708,0.12154696132596685,0.5193370165745856,4.668508287292818,1.4751381215469612,0.5911602209944752,0.24861878453038674,0.13259668508287292,0.027624309392265192,0.0,0.0,0,Literal
0.5287958115183246,19.1,1.0471204188481675,0.0,0.031413612565445025,6.01,8.06,0.0,0.0,0.0,3.722513089005236,191.0,10.0,5.957348403442592,0.16753926701570682,0.6544502617801047,3.7277486910994764,1.198952879581152,0.7591623036649214,0.15706806282722513,0.020942408376963352,0.031413612565445025,0.0,0.031413612565445025,0,Literal
0.5833333333333334,7.0,0.0,0.0,0.05952380952380952,3.08,2.8,0.0,0.0,0.0,3.0952380952380953,168.0,24.0,2.8722813232690143,0.2916666666666667,0.5595238095238095,4.279761904761905,1.3511904761904763,0.6309523809523809,0.16666666666666666,0.03571428571428571,0.09523809523809523,0.0,0.05952380952380952,0,Literal
0.703125,32.0,2.083333333333333,0.0,0.041666666666666664,13.85,13.63,0.0,0.0,0.0,4.125,192.0,6.0,17.997685036322498,0.125,0.5520833333333334,4.375,1.4375,0.6197916666666666,0.18229166666666666,0.078125,0.078125,0.005208333333333333,0.036458333333333336,1,Inferential
0.6190476190476191,31.5,5.82010582010582,0.0,0.015873015873015872,14.11,14.93,0.0,0.0,0.0,4.873015873015873,189.0,6.0,11.911712256803758,0.1164021164021164,0.6137566137566137,4.275132275132275,1.4761904761904763,0.6455026455026455,0.21693121693121692,0.07407407407407407,0.037037037037037035,0.005291005291005291,0.010582010582010581,1,Inferential
0.6477987421383647,22.714285714285715,5.660377358490567,0.0,0.012578616352201259,10.12,11.35,0.0,0.0,0.0,3.7861635220125787,159.0,7.0,11.448197434085243,0.16352201257861634,0.6289308176100629,4.459119496855346,1.4276729559748427,0.6792452830188679,0.16981132075471697,0.09433962264150944,0.0440251572327044,0.0,0.012578616352201259,0,Literal
0.4883720930232558,19.11111111111111,6.395348837209303,0.0,0.05813953488372093,11.07,10.2,0.0,0.0,0.0,3.63953488372093,172.0,9.0,7.3602200718574196,0.1686046511627907,0.4941860465116279,4.662790697674419,1.627906976744186,0.686046511627907,0.08139534883720931,0.11627906976744186,0.05813953488372093,0.0,0.05813953488372093,0,Literal
0.5952380952380952,56.0,0.5952380952380952,0.0,0.02976190476190476,20.51,22.64,0.0,0.0,0.0,7.214285714285714,168.0,3.0,35.6931365951495,0.10119047619047619,0.7023809523809523,3.869047619047619,1.2083333333333333,0.8035714285714286,0.13095238095238096,0.023809523809523808,0.011904761904761904,0.0,0.02976190476190476,2,Evaluative
0.55,20.0,5.0,0.0,0.022222222222222223,10.24,10.0,0.0,0.0,0.0,2.838888888888889,180.0,9.0,7.333333333333333,0.10555555555555556,0.4722222222222222,4.883333333333334,1.5277777777777777,0.5611111111111111,0.17777777777777778,0.18333333333333332,0.05555555555555555,0.0,0.022222222222222223,0,Literal
0.664804469273743,25.571428571428573,4.4692737430167595,0.0,0.055865921787709494,12.58,12.02,0.0,0.0,0.0,3.7150837988826817,179.0,7.0,6.966391622992348,0.1564245810055866,0.5251396648044693,4.597765363128492,1.541899441340782,0.7039106145251397,0.1564245810055866,0.061452513966480445,0.0223463687150838,0.0223463687150838,0.0335195530726257,1,Inferential
0.6460674157303371,22.25,11.235955056179774,0.0,0.09550561797752809,14.57,13.39,0.0,0.0,0.0,4.162921348314606,178.0,8.0,10.583005244258363,0.16292134831460675,0.43820224719101125,5.269662921348314,1.8202247191011236,0.5337078651685393,0.21348314606741572,0.10674157303370786,0.03932584269662921,0.0,0.09550561797752809,1,Inferential
0.6751592356687898,31.4,4.45859872611465,0.0,0.012738853503184714,13.57,14.34,0.0,0.0,0.0,3.5286624203821657,157.0,5.0,7.652450587883597,0.12101910828025478,0.5987261146496815,4.273885350318471,1.4331210191082802,0.6751592356687898,0.17197452229299362,0.10191082802547771,0.03821656050955414,0.0,0.012738853503184714,1,Inferential
0.42196531791907516,10.8125,6.9364161849710975,0.0,0.0,6.91,7.1,0.0,0.0,0.0,3.0809248554913293,173.0,16.0,2.962658223622833,0.2138728323699422,0.6011560693641619,5.011560693641618,1.5491329479768785,0.7052023121387283,0.23699421965317918,0.03468208092485549,0.023121387283236993,0.0,0.0,0,Literal
0.6413793103448275,20.714285714285715,3.4482758620689653,0.0,0.04827586206896552,8.68,9.67,0.0,0.0,0.0,4.068965517241379,145.0,7.0,12.50958815942265,0.15862068965517243,0.6275862068965518,4.179310344827586,1.3724137931034484,0.6344827586206897,0.15172413793103448,0.10344827586206896,0.06206896551724138,0.013793103448275862,0.034482758620689655,0,Literal
0.6459627329192547,20.125,8.695652173913043,0.0,0.031055900621118012,11.39,11.53,0.0,0.0,0.0,4.062111801242236,161.0,8.0,11.27427935612738,0.16149068322981366,0.6273291925465838,4.726708074534161,1.6211180124223603,0.6894409937888198,0.15527950310559005,0.07453416149068323,0.049689440993788817,0.0,0.031055900621118012,0,Literal
0.6666666666666666,56.0,4.166666666666666,0.0,0.03571428571428571,22.12,24.07,0.0,0.0,0.0,5.154761904761905,168.0,3.0,4.027681991198191,0.1488095238095238,0.6071428571428571,4.4226190476190474,1.3452380952380953,0.625,0.18452380952380953,0.08928571428571429,0.05952380952380952,0.005952380952380952,0.02976190476190476,2,Evaluative
0.5906432748538012,28.5,3.508771929824561,0.0,0.03508771929824561,12.43,12.8,0.0,0.0,0.0,4.637426900584796,171.0,6.0,15.152007567755943,0.13450292397660818,0.6081871345029239,4.590643274853801,1.432748538011696,0.6549707602339181,0.17543859649122806,0.04678362573099415,0.08771929824561403,0.005847953216374269,0.029239766081871343,1,Inferential
0.6098901098901099,22.75,4.945054945054945,0.0,0.01098901098901099,11.7,11.08,0.0,0.0,0.0,4.230769230769231,182.0,8.0,15.925117738968211,0.15934065934065933,0.46703296703296704,4.791208791208791,1.5604395604395604,0.5769230769230769,0.17582417582417584,0.15934065934065933,0.07692307692307693,0.0,0.01098901098901099,0,Literal
0.6449704142011834,28.166666666666668,13.017751479289942,0.0,0.05917159763313609,17.25,16.47,0.0,0.0,0.0,3.9289940828402368,169.0,6.0,4.573474244670748,0.16568047337278108,0.46745562130177515,5.414201183431953,1.8520710059171597,0.47928994082840237,0.21893491124260356,0.17159763313609466,0.07100591715976332,0.0,0.05917159763313609,2,Evaluative
0.5251396648044693,25.571428571428573,4.4692737430167595,0.0,0.0446927374301676,12.38,12.02,0.0,0.0,0.0,3.357541899441341,179.0,7.0,8.432202607642118,0.1005586592178771,0.5027932960893855,4.670391061452514,1.5251396648044693,0.6424581005586593,0.1340782122905028,0.15083798882681565,0.027932960893854747,0.0111731843575419,0.0335195530726257,1,Inferential
0.5730994152046783,12.214285714285714,9.941520467836257,0.0,0.14619883040935672,8.56,8.86,0.0,0.0,0.0,2.8596491228070176,171.0,14.0,4.2999762695121175,0.16374269005847952,0.5029239766081871,5.081871345029239,1.6432748538011697,0.631578947368421,0.15789473684210525,0.03508771929824561,0.023391812865497075,0.0,0.14619883040935672,0,Literal
0.58,16.666666666666668,3.5000000000000004,0.0,0.05,10.32,8.07,0.0,0.0,0.0,3.415,200.0,12.0,5.6044377257867914,0.185,0.47,4.875,1.645,0.62,0.21,0.08,0.04,0.03,0.02,0,Literal
0.5803108808290155,6.433333333333334,0.0,0.0,0.010362694300518135,2.75,2.57,0.0,0.0,0.0,2.7461139896373057,193.0,30.0,2.304825855075004,0.35233160621761656,0.5129533678756477,4.191709844559585,1.3419689119170986,0.7305699481865285,0.15544041450777202,0.08808290155440414,0.015544041450777202,0.0,0.010362694300518135,0,Literal
0.6424242424242425,23.571428571428573,4.242424242424243,0.0,0.06666666666666667,11.27,11.13,0.0,0.0,0.0,3.290909090909091,165.0,7.0,11.912949565365363,0.13333333333333333,0.509090909090909,4.569696969696969,1.496969696969697,0.5333333333333333,0.19393939393939394,0.13333333333333333,0.07272727272727272,0.01818181818181818,0.048484848484848485,0,Literal
0.6173469387755102,13.066666666666666,1.530612244897959,0.0,0.0663265306122449,4.68,5.84,0.0,0.0,0.0,2.9183673469387754,196.0,15.0,8.66410218468519,0.12755102040816327,0.5816326530612245,4.239795918367347,1.2857142857142858,0.7295918367346939,0.1326530612244898,0.05102040816326531,0.02040816326530612,0.00510204081632653,0.061224489795918366,0,Literal
0.5838509316770186,32.2,1.8633540372670807,0.0,0.012422360248447204,11.33,13.63,0.0,0.0,0.0,4.422360248447205,161.0,5.0,10.961751684835777,0.16770186335403728,0.5900621118012422,3.857142857142857,1.2173913043478262,0.782608695652174,0.14285714285714285,0.037267080745341616,0.024844720496894408,0.0,0.012422360248447204,0,Literal
0.5688622754491018,20.875,4.191616766467066,0.0,0.059880239520958084,14.6,10.03,0.0,0.0,0.0,3.287425149700599,167.0,8.0,8.061288668693114,0.15568862275449102,0.3652694610778443,5.197604790419161,1.8682634730538923,0.46706586826347307,0.20359281437125748,0.1317365269461078,0.12574850299401197,0.0,0.059880239520958084,1,Inferential
0.610062893081761,19.875,0.0,0.0,0.025157232704402517,6.41,7.95,0.0,0.0,0.0,4.0,159.0,8.0,8.214887400323878,0.16981132075471697,0.6037735849056604,3.880503144654088,1.2075471698113207,0.7924528301886793,0.1069182389937107,0.03773584905660377,0.03773584905660377,0.0,0.025157232704402517,0,Literal
0.5625,24.0,2.604166666666667,0.0,0.046875,8.83,10.64,0.0,0.0,0.0,3.5208333333333335,192.0,8.0,12.288205727444508,0.10416666666666667,0.6979166666666666,4.119791666666667,1.2760416666666667,0.6927083333333334,0.15625,0.052083333333333336,0.052083333333333336,0.010416666666666666,0.036458333333333336,0,Literal
0.6339869281045751,19.125,7.18954248366013,0.0,0.006535947712418301,11.46,10.53,0.0,0.0,0.0,3.418300653594771,153.0,8.0,8.888194417315589,0.1111111111111111,0.5555555555555556,5.032679738562091,1.6601307189542485,0.6601307189542484,0.1437908496732026,0.13725490196078433,0.0392156862745098,0.0,0.006535947712418301,0,Literal
0.5151515151515151,9.9,2.525252525252525,0.0,0.005050505050505051,4.9,4.97,0.0,0.0,0.0,2.9494949494949494,198.0,20.0,4.1770204691861395,0.20202020202020202,0.5303030303030303,4.237373737373737,1.4090909090909092,0.6666666666666666,0.16161616161616163,0.050505050505050504,0.030303030303030304,0.0,0.005050505050505051,0,Literal
0.615819209039548,29.5,4.519774011299435,0.0,0.0847457627118644,13.25,13.61,0.0,0.0,0.0,3.536723163841808,177.0,6.0,16.21384867602041,0.11864406779661017,0.5875706214689266,4.429378531073446,1.4689265536723164,0.6497175141242938,0.1016949152542373,0.07909604519774012,0.07909604519774012,0.011299435028248588,0.07344632768361582,1,Inferential
0.5810055865921788,25.571428571428573,5.027932960893855,0.0,0.08379888268156424,11.92,12.24,0.0,0.0,0.0,3.983240223463687,179.0,7.0,12.860317068487884,0.11731843575418995,0.5698324022346368,4.430167597765363,1.4860335195530727,0.5865921787709497,0.1787709497206704,0.08379888268156424,0.0446927374301676,0.01675977653631285,0.0670391061452514,0,Literal
0.6440677966101694,19.666666666666668,5.084745762711865,0.0,0.0,10.08,9.9,0.0,0.0,0.0,3.2655367231638417,177.0,9.0,7.393691004272944,0.1016949152542373,0.5536723163841808,4.655367231638418,1.5254237288135593,0.6045197740112994,0.21468926553672316,0.10734463276836158,0.062146892655367235,0.0,0.0,0,Literal
0.6536585365853659,34.166666666666664,4.390243902439024,0.0,0.05365853658536585,15.69,15.42,0.0,0.0,0.0,4.380487804878049,205.0,6.0,15.603596451530723,0.12682926829268293,0.5658536585365853,4.6048780487804875,1.5219512195121951,0.6341463414634146,0.13170731707317074,0.11219512195121951,0.06829268292682927,0.00975609756097561,0.04390243902439024,2,Evaluative
0.5851063829787234,20.88888888888889,7.9787234042553195,0.0,0.03723404255319149,12.27,11.55,0.0,0.0,0.0,3.25,188.0,9.0,8.646700648152764,0.11702127659574468,0.48404255319148937,5.180851063829787,1.6702127659574468,0.6914893617021277,0.18617021276595744,0.06382978723404255,0.02127659574468085,0.0,0.03723404255319149,1,Inferential
0.6923076923076923,28.6,2.797202797202797,0.0,0.06993006993006994,12.81,12.56,0.0,0.0,0.0,4.363636363636363,143.0,5.0,18.916659324521337,0.17482517482517482,0.5384615384615384,4.398601398601398,1.4615384615384615,0.5804195804195804,0.16783216783216784,0.09090909090909091,0.09090909090909091,0.013986013986013986,0.055944055944055944,1,Inferential
0.5291005291005291,37.8,4.232804232804233,0.0,0.047619047619047616,15.57,16.81,0.0,0.0,0.0,4.555555555555555,189.0,5.0,20.23857702507763,0.1111111111111111,0.6507936507936508,4.306878306878307,1.3915343915343916,0.7407407407407407,0.12169312169312169,0.042328042328042326,0.047619047619047616,0.005291005291005291,0.042328042328042326,2,Evaluative
0.601063829787234,31.333333333333332,0.5319148936170213,0.0,0.010638297872340425,11.38,12.75,0.0,0.0,0.0,5.579787234042553,188.0,6.0,22.18858565419016,0.20212765957446807,0.723404255319149,3.845744680851064,1.25,0.7074468085106383,0.20212765957446807,0.0425531914893617,0.03723404255319149,0.005319148936170213,0.005319148936170213,0,Literal
0.5968586387434555,23.875,2.6178010471204187,0.0,0.010471204188481676,9.04,10.6,0.0,0.0,0.0,3.0157068062827226,191.0,8.0,11.027664077219617,0.09424083769633508,0.6596858638743456,4.12041884816754,1.2984293193717278,0.743455497382199,0.16230366492146597,0.04712041884816754,0.031413612565445025,0.0,0.010471204188481676,0,Literal
0.6,26.666666666666668,5.625,0.0,0.1125,12.21,12.92,0.0,0.0,0.0,3.50625,160.0,6.0,9.087537253477057,0.08125,0.58125,4.4625,1.475,0.5625,0.19375,0.1,0.03125,0.00625,0.10625,1,Inferential
0.5978835978835979,23.625,3.7037037037037033,0.0,0.0,10.42,10.93,0.0,0.0,0.0,3.814814814814815,189.0,8.0,8.98262211161084,0.13756613756613756,0.6084656084656085,4.164021164021164,1.4232804232804233,0.6825396825396826,0.20634920634920634,0.06349206349206349,0.047619047619047616,0.0,0.0,0,Literal
0.5217391304347826,6.708333333333333,0.0,0.0,0.12422360248447205,0.37,2.68,0.0,0.0,0.0,2.6770186335403725,161.0,24.0,2.9927574613092562,0.2484472049689441,0.5279503105590062,3.577639751552795,1.1304347826086956,0.5962732919254659,0.2422360248447205,0.012422360248447204,0.024844720496894408,0.0,0.12422360248447205,0,Literal
0.5736040609137056,17.90909090909091,1.015228426395939,0.0,0.01015228426395939,5.83,7.57,0.0,0.0,0.0,4.527918781725888,197.0,11.0,7.609259257396936,0.22842639593908629,0.5888324873096447,4.126903553299492,1.2233502538071066,0.751269035532995,0.19796954314720813,0.030456852791878174,0.01015228426395939,0.0,0.01015228426395939,0,Literal
0.6066666666666667,9.375,0.0,0.0,0.0,3.41,3.75,0.0,0.0,0.0,3.3066666666666666,150.0,16.0,5.134138194478212,0.32666666666666666,0.6066666666666667,4.0,1.3,0.72,0.16666666666666666,0.03333333333333333,0.08,0.0,0.0,0,Literal
0.5494505494505495,20.22222222222222,2.197802197802198,0.0,0.01098901098901099,9.02,8.97,0.0,0.0,0.0,3.4175824175824174,182.0,9.0,5.887840577551898,0.13186813186813187,0.5769230769230769,4.582417582417582,1.4175824175824177,0.6428571428571429,0.2032967032967033,0.12087912087912088,0.02197802197802198,0.0,0.01098901098901099,0,Literal
0.5476190476190477,28.0,0.0,0.0,0.03571428571428571,9.24,11.2,0.0,0.0,0.0,4.7976190476190474,168.0,6.0,13.203534880225574,0.17261904761904762,0.5535714285714286,3.869047619047619,1.1785714285714286,0.7142857142857143,0.19047619047619047,0.041666666666666664,0.017857142857142856,0.017857142857142856,0.017857142857142856,0,Literal
0.6211180124223602,14.636363636363637,6.211180124223603,0.0,0.18012422360248448,10.13,8.34,0.0,0.0,0.0,3.7142857142857144,161.0,11.0,5.816761190198688,0.2484472049689441,0.43478260869565216,5.068322981366459,1.6956521739130435,0.4658385093167702,0.2111801242236025,0.09316770186335403,0.031055900621118012,0.031055900621118012,0.14906832298136646,0,Literal
0.6373056994818653,24.125,7.772020725388601,0.0,0.05181347150259067,14.79,12.76,0.0,0.0,0.0,3.683937823834197,193.0,8.0,10.233981385560558,0.17098445595854922,0.47150259067357514,5.248704663212435,1.7772020725388602,0.48704663212435234,0.18652849740932642,0.16580310880829016,0.10880829015544041,0.0,0.05181347150259067,1,Inferential
0.5942857142857143,21.875,1.1428571428571428,0.0,0.03428571428571429,7.71,9.21,0.0,0.0,0.0,4.057142857142857,175.0,8.0,8.689073598491383,0.14857142857142858,0.5657142857142857,4.0,1.2514285714285713,0.8057142857142857,0.08571428571428572,0.04,0.03428571428571429,0.011428571428571429,0.022857142857142857,0,Literal
0.6871165644171779,27.166666666666668,1.8404907975460123,0.0,0.03067484662576687,12.6,11.6,0.0,0.0,0.0,3.7484662576687118,163.0,6.0,13.662601021279464,0.09815950920245399,0.5398773006134969,4.5030674846625764,1.49079754601227,0.6748466257668712,0.1411042944785276,0.08588957055214724,0.06748466257668712,0.006134969325153374,0.024539877300613498,1,Inferential
0.5497076023391813,14.25,2.3391812865497075,0.0,0.029239766081871343,4.87,6.64,0.0,0.0,0.0,3.345029239766082,171.0,12.0,8.206958429690422,0.23976608187134502,0.6023391812865497,3.888888888888889,1.263157894736842,0.7660818713450293,0.1286549707602339,0.023391812865497075,0.05263157894736842,0.011695906432748537,0.017543859649122806,0,Literal
0.6736111111111112,16.0,1.3888888888888888,0.0,0.013888888888888888,5.89,6.96,0.0,0.0,0.0,4.215277777777778,144.0,9.0,11.015141094572204,0.2361111111111111,0.6111111111111112,4.069444444444445,1.2916666666666667,0.7430555555555556,0.11805555555555555,0.0763888888888889,0.04861111111111111,0.0,0.013888888888888888,0,Literal
0.6894409937888198,32.2,8.695652173913043,0.0,0.024844720496894408,15.0,16.36,0.0,0.0,0.0,4.031055900621118,161.0,5.0,7.413501197140255,0.10559006211180125,0.5838509316770186,4.795031055900621,1.5279503105590062,0.6645962732919255,0.17391304347826086,0.062111801242236024,0.07453416149068323,0.0,0.024844720496894408,2,Evaluative
0.558282208588957,13.583333333333334,1.2269938650306749,0.0,0.006134969325153374,4.55,5.92,0.0,0.0,0.0,3.2822085889570554,163.0,12.0,8.759122228980608,0.15337423312883436,0.6257668711656442,3.8895705521472395,1.2576687116564418,0.8159509202453987,0.12883435582822086,0.03680981595092025,0.012269938650306749,0.0,0.006134969325153374,0,Literal
0.723404255319149,20.142857142857142,16.312056737588655,0.0,0.0425531914893617,15.61,14.58,0.0,0.0,0.0,3.3404255319148937,141.0,7.0,7.171371656006362,0.19148936170212766,0.40425531914893614,5.787234042553192,1.9787234042553192,0.48936170212765956,0.28368794326241137,0.0851063829787234,0.09929078014184398,0.0070921985815602835,0.03546099290780142,2,Evaluative
0.6011904761904762,12.923076923076923,1.1904761904761905,0.0,0.02976190476190476,3.99,5.65,0.0,0.0,0.0,3.488095238095238,168.0,13.0,5.966375209127789,0.20238095238095238,0.6071428571428571,3.7916666666666665,1.2321428571428572,0.8035714285714286,0.1130952380952381,0.017857142857142856,0.023809523809523808,0.017857142857142856,0.011904761904761904,0,Literal
0.6632124352331606,38.6,5.699481865284974,0.0,0.06735751295336788,17.74,17.72,0.0,0.0,0.0,3.8756476683937824,193.0,5.0,21.804586673450153,0.13471502590673576,0.5699481865284974,4.512953367875648,1.549222797927461,0.6424870466321243,0.13471502590673576,0.03626943005181347,0.09844559585492228,0.0051813471502590676,0.06217616580310881,2,Evaluative
0.5257142857142857,21.875,6.857142857142858,0.0,0.017142857142857144,10.07,11.49,0.0,0.0,0.0,3.8914285714285715,175.0,8.0,7.14142842854285,0.14857142857142858,0.5828571428571429,4.582857142857143,1.4514285714285715,0.6228571428571429,0.21142857142857144,0.06857142857142857,0.07428571428571429,0.005714285714285714,0.011428571428571429,0,Literal
0.574585635359116,22.625,3.867403314917127,0.0,0.07734806629834254,10.9,10.6,0.0,0.0,0.0,4.889502762430939,181.0,8.0,7.389815626928726,0.2154696132596685,0.4530386740331492,4.607734806629834,1.4972375690607735,0.585635359116022,0.15469613259668508,0.09392265193370165,0.08287292817679558,0.016574585635359115,0.06077348066298342,0,Literal
0.5297619047619048,24.0,4.166666666666666,0.0,0.041666666666666664,11.26,11.27,0.0,0.0,0.0,3.0773809523809526,168.0,7.0,8.0,0.08928571428571429,0.5416666666666666,4.517857142857143,1.4821428571428572,0.5773809523809523,0.19047619047619047,0.13690476190476192,0.05357142857142857,0.011904761904761904,0.02976190476190476,0,Literal
0.5505050505050505,14.142857142857142,0.0,0.0,0.06565656565656566,4.53,5.66,0.0,0.0,0.0,2.974747474747475,198.0,14.0,5.902265217175314,0.09595959595959595,0.6060606060606061,3.994949494949495,1.2373737373737375,0.7525252525252525,0.13131313131313133,0.04040404040404041,0.010101010101010102,0.0,0.06565656565656566,0,Literal
0.5974025974025974,15.4,1.2987012987012987,0.0,0.09740259740259741,4.97,6.68,0.0,0.0,0.0,3.603896103896104,154.0,10.0,11.297787393998881,0.2532467532467532,0.6038961038961039,4.045454545454546,1.2337662337662338,0.6688311688311688,0.18181818181818182,0.025974025974025976,0.025974025974025976,0.0,0.09740259740259741,0,Literal
0.5782312925170068,18.375,9.523809523809524,0.0,0.02040816326530612,11.24,11.16,0.0,0.0,0.0,2.7823129251700682,147.0,8.0,4.630064794363034,0.09523809523809523,0.5714285714285714,4.9727891156462585,1.6666666666666667,0.6054421768707483,0.20408163265306123,0.061224489795918366,0.10884353741496598,0.0,0.02040816326530612,0,Literal
0.569620253164557,31.6,0.6329113924050633,0.0,0.08227848101265822,11.67,12.89,0.0,0.0,0.0,4.468354430379747,158.0,5.0,16.608431593621354,0.15822784810126583,0.6582278481012658,4.0,1.2658227848101267,0.7531645569620253,0.0949367088607595,0.0189873417721519,0.05063291139240506,0.0189873417721519,0.06329113924050633,0,Literal
0.6624203821656051,19.625,2.547770700636943,0.0,0.044585987261146494,8.6,8.87,0.0,0.0,0.0,4.401273885350318,157.0,8.0,9.44639481495454,0.17834394904458598,0.6369426751592356,4.203821656050955,1.4012738853503184,0.6878980891719745,0.17834394904458598,0.08280254777070063,0.006369426751592357,0.01910828025477707,0.025477707006369428,0,Literal
0.5542857142857143,21.875,5.142857142857142,0.0,0.07428571428571429,12.09,10.81,0.0,0.0,0.0,4.0285714285714285,175.0,8.0,11.20755883321609,0.17142857142857143,0.5657142857142857,4.714285714285714,1.6228571428571428,0.5714285714285714,0.19428571428571428,0.10857142857142857,0.05142857142857143,0.017142857142857144,0.05714285714285714,1,Inferential
0.514792899408284,15.363636363636363,4.733727810650888,0.0,0.029585798816568046,9.53,8.04,0.0,0.0,0.0,3.1124260355029585,169.0,11.0,5.228655943472147,0.15384615384615385,0.5266272189349113,4.840236686390533,1.621301775147929,0.5443786982248521,0.23076923076923078,0.10059171597633136,0.07692307692307693,0.029585798816568046,0.0,0,Literal
0.5736842105263158,21.11111111111111,2.631578947368421,0.0,0.06315789473684211,9.04,9.5,0.0,0.0,0.0,3.568421052631579,190.0,9.0,5.94418483337567,0.11578947368421053,0.6368421052631579,4.331578947368421,1.3894736842105264,0.6842105263157895,0.15789473684210525,0.07894736842105263,0.015789473684210527,0.0,0.06315789473684211,0,Literal
0.6526315789473685,21.11111111111111,2.1052631578947367,0.0,0.04736842105263158,9.23,9.29,0.0,0.0,0.0,4.478947368421053,190.0,9.0,15.475986974649022,0.17894736842105263,0.5421052631578948,4.421052631578948,1.4052631578947368,0.7157894736842105,0.13157894736842105,0.07894736842105263,0.02631578947368421,0.010526315789473684,0.03684210526315789,0,Literal
0.3299492385786802,8.565217391304348,0.0,0.0,0.030456852791878174,0.75,3.43,0.0,0.0,0.0,3.0253807106598987,197.0,23.0,4.994136448454777,0.29949238578680204,0.5431472081218274,3.8883248730964466,1.101522842639594,0.7563451776649747,0.16243654822335024,0.005076142131979695,0.04568527918781726,0.0,0.030456852791878174,0,Literal
0.6105263157894737,19.0,8.421052631578947,0.0,0.010526315789473684,11.94,10.97,0.0,0.0,0.0,3.026315789473684,190.0,10.0,6.826419266350405,0.1,0.4789473684210526,5.005263157894737,1.7052631578947368,0.531578947368421,0.2578947368421053,0.13157894736842105,0.06842105263157895,0.0,0.010526315789473684,0,Literal
0.5752688172043011,37.2,2.1505376344086025,0.0,0.010752688172043012,13.7,15.74,0.0,0.0,0.0,4.473118279569892,186.0,5.0,10.943491216243562,0.15053763440860216,0.5967741935483871,3.9838709677419355,1.2526881720430108,0.6827956989247311,0.10752688172043011,0.06989247311827956,0.05913978494623656,0.0,0.010752688172043012,1,Inferential
0.5567567567567567,15.416666666666666,0.0,0.0,0.05945945945945946,4.33,6.17,0.0,0.0,0.0,3.383783783783784,185.0,12.0,8.176439730510259,0.1783783783783784,0.6108108108108108,3.5081081081081082,1.1783783783783783,0.7567567567567568,0.13513513513513514,0.016216216216216217,0.032432432432432434,0.0,0.05945945945945946,0,Literal
0.6301369863013698,13.272727272727273,3.4246575342465753,0.0,0.0273972602739726,6.88,6.68,0.0,0.0,0.0,3.1986301369863015,146.0,11.0,6.981676134918645,0.21232876712328766,0.5616438356164384,4.671232876712328,1.4657534246575343,0.6712328767123288,0.21232876712328766,0.0684931506849315,0.02054794520547945,0.0,0.0273972602739726,0,Literal
0.6168831168831169,38.5,0.6493506493506493,0.0,0.025974025974025976,12.91,15.66,0.0,0.0,0.0,5.032467532467533,154.0,4.0,9.12414379544733,0.15584415584415584,0.6623376623376623,3.792207792207792,1.1428571428571428,0.7467532467532467,0.14935064935064934,0.045454545454545456,0.032467532467532464,0.006493506493506494,0.01948051948051948,1,Inferential
0.6582278481012658,26.333333333333332,0.6329113924050633,0.0,0.0379746835443038,9.99,10.79,0.0,0.0,0.0,3.4177215189873418,158.0,6.0,12.458821060687171,0.11392405063291139,0.6139240506329114,4.208860759493671,1.2974683544303798,0.689873417721519,0.15822784810126583,0.0759493670886076,0.0379746835443038,0.012658227848101266,0.02531645569620253,0,Literal
0.5706521739130435,18.4,4.891304347826087,0.0,0.08152173913043478,10.95,9.32,0.0,0.0,0.0,3.1684782608695654,184.0,10.0,12.302845199383757,0.09782608695652174,0.4782608695652174,4.907608695652174,1.641304347826087,0.5489130434782609,0.16304347826086957,0.08152173913043478,0.08695652173913043,0.059782608695652176,0.021739130434782608,0,Literal
0.5548780487804879,20.5,7.926829268292683,0.0,0.10975609756097561,13.63,11.37,0.0,0.0,0.0,3.6158536585365852,164.0,8.0,6.5942683445549894,0.12804878048780488,0.5304878048780488,5.085365853658536,1.798780487804878,0.5792682926829268,0.1524390243902439,0.11585365853658537,0.03048780487804878,0.006097560975609756,0.10365853658536585,1,Inferential
0.5829145728643216,14.214285714285714,1.507537688442211,0.0,0.005025125628140704,5.07,6.29,0.0,0.0,0.0,3.371859296482412,199.0,14.0,10.896779153418104,0.1407035175879397,0.628140703517588,4.150753768844221,1.2814070351758795,0.7688442211055276,0.135678391959799,0.07035175879396985,0.020100502512562814,0.0,0.005025125628140704,0,Literal
0.6645161290322581,19.375,1.2903225806451613,0.0,0.03225806451612903,8.18,8.27,0.0,0.0,0.0,3.0580645161290323,155.0,8.0,6.632071697441154,0.11612903225806452,0.5225806451612903,4.458064516129032,1.3741935483870968,0.6387096774193548,0.17419354838709677,0.07096774193548387,0.08387096774193549,0.0,0.03225806451612903,0,Literal
0.6309523809523809,15.272727272727273,4.166666666666666,0.0,0.05357142857142857,8.91,7.78,0.0,0.0,0.0,2.8095238095238093,168.0,11.0,6.42824346533225,0.125,0.5,4.738095238095238,1.5714285714285714,0.6130952380952381,0.18452380952380953,0.06547619047619048,0.07142857142857142,0.005952380952380952,0.047619047619047616,0,Literal
0.6132596685082873,25.857142857142858,5.524861878453039,0.0,0.049723756906077346,12.29,12.55,0.0,0.0,0.0,3.7403314917127073,181.0,7.0,11.095135907970056,0.08839779005524862,0.6132596685082873,4.535911602209945,1.5082872928176796,0.6132596685082873,0.1878453038674033,0.08839779005524862,0.06077348066298342,0.0055248618784530384,0.04419889502762431,1,Inferential
0.6689655172413793,29.0,2.0689655172413794,0.0,0.04827586206896552,11.02,12.43,0.0,0.0,0.0,3.4,145.0,5.0,11.01635148313633,0.10344827586206896,0.6275862068965518,4.0,1.296551724137931,0.6758620689655173,0.10344827586206896,0.12413793103448276,0.04827586206896552,0.006896551724137931,0.041379310344827586,0,Literal
0.601010101010101,13.2,0.0,0.0,0.04040404040404041,3.98,5.28,0.0,0.0,0.0,3.5454545454545454,198.0,15.0,9.624043964063246,0.24242424242424243,0.5757575757575758,3.7777777777777777,1.2222222222222223,0.7626262626262627,0.15151515151515152,0.03535353535353535,0.005050505050505051,0.005050505050505051,0.03535353535353535,0,Literal
0.5879120879120879,26.0,1.6483516483516485,0.0,0.038461538461538464,10.43,11.06,0.0,0.0,0.0,3.967032967032967,182.0,7.0,8.602325267042627,0.17582417582417584,0.6373626373626373,4.197802197802198,1.3461538461538463,0.6813186813186813,0.13736263736263737,0.06043956043956044,0.07692307692307693,0.01098901098901099,0.027472527472527472,0,Literal
0.6432432432432432,30.833333333333332,2.7027027027027026,0.0,0.02702702702702703,12.25,13.41,0.0,0.0,0.0,3.6810810810810812,185.0,6.0,10.530379332620877,0.11891891891891893,0.5513513513513514,4.297297297297297,1.3405405405405406,0.6270270270270271,0.21081081081081082,0.08108108108108109,0.05405405405405406,0.0,0.02702702702702703,1,Inferential
0.6099290780141844,35.25,0.7092198581560284,0.0,0.06382978723404255,12.89,14.38,0.0,0.0,0.0,4.531914893617022,141.0,4.0,12.695963925594622,0.09219858156028368,0.574468085106383,4.028368794326241,1.24822695035461,0.7092198581560284,0.10638297872340426,0.028368794326241134,0.04964539007092199,0.014184397163120567,0.04964539007092199,1,Inferential
0.5692307692307692,39.0,4.102564102564102,0.0,0.010256410256410256,15.11,17.24,0.0,0.0,0.0,4.81025641025641,195.0,5.0,19.0473095212946,0.13333333333333333,0.6358974358974359,4.005128205128205,1.3128205128205128,0.7538461538461538,0.14358974358974358,0.05641025641025641,0.035897435897435895,0.0,0.010256410256410256,2,Evaluative
0.6647727272727273,25.142857142857142,3.4090909090909087,0.0,0.022727272727272728,10.71,11.42,0.0,0.0,0.0,3.6761363636363638,176.0,7.0,11.581124685434997,0.11363636363636363,0.6477272727272727,4.2897727272727275,1.3977272727272727,0.6647727272727273,0.2159090909090909,0.05113636363636364,0.03977272727272727,0.011363636363636364,0.011363636363636364,0,Literal
0.5721925133689839,26.714285714285715,16.577540106951872,0.0,0.0053475935828877,17.1,17.32,0.0,0.0,0.0,3.7379679144385025,187.0,7.0,12.647497130795065,0.0855614973262032,0.45989304812834225,5.4866310160427805,1.8877005347593583,0.5401069518716578,0.20320855614973263,0.1443850267379679,0.10695187165775401,0.0053475935828877,0.0,2,Evaluative
0.5714285714285714,11.0,1.948051948051948,0.0,0.05194805194805195,4.41,5.18,0.0,0.0,0.0,2.7012987012987013,154.0,14.0,3.093772546815388,0.15584415584415584,0.551948051948052,4.376623376623376,1.3311688311688312,0.6688311688311688,0.15584415584415584,0.07142857142857142,0.05194805194805195,0.006493506493506494,0.045454545454545456,0,Literal
0.5935828877005348,18.7,0.0,0.0,0.0481283422459893,6.66,7.48,0.0,0.0,0.0,3.807486631016043,187.0,10.0,8.59127464349732,0.20855614973262032,0.5989304812834224,3.877005347593583,1.267379679144385,0.6844919786096256,0.13903743315508021,0.0855614973262032,0.0427807486631016,0.0,0.0481283422459893,0,Literal
0.6774193548387096,8.61111111111111,0.6451612903225806,0.0,0.07096774193548387,3.22,3.7,0.0,0.0,0.0,2.8645161290322583,155.0,18.0,4.584259165750278,0.2,0.5483870967741935,4.303225806451613,1.3096774193548386,0.7483870967741936,0.12258064516129032,0.012903225806451613,0.03870967741935484,0.0,0.07096774193548387,0,Literal
0.5816326530612245,21.77777777777778,7.653061224489796,0.0,0.03571428571428571,11.81,11.77,0.0,0.0,0.0,3.413265306122449,196.0,9.0,8.407815294396718,0.12755102040816327,0.5255102040816326,4.923469387755102,1.6020408163265305,0.6122448979591837,0.16326530612244897,0.12755102040816327,0.061224489795918366,0.00510204081632653,0.030612244897959183,0,Literal
0.6482758620689655,20.714285714285715,2.0689655172413794,0.0,0.08275862068965517,8.36,9.11,0.0,0.0,0.0,4.220689655172414,145.0,7.0,22.174631580125197,0.19310344827586207,0.5517241379310345,4.496551724137931,1.3448275862068966,0.6413793103448275,0.13793103448275862,0.06206896551724138,0.041379310344827586,0.020689655172413793,0.06206896551724138,0,Literal
0.6551724137931034,11.6,2.8735632183908044,0.0,0.017241379310344827,5.82,5.79,0.0,0.0,0.0,3.028735632183908,174.0,15.0,6.974875546480303,0.1839080459770115,0.5402298850574713,4.2988505747126435,1.4310344827586208,0.6724137931034483,0.15517241379310345,0.07471264367816093,0.034482758620689655,0.005747126436781609,0.011494252873563218,0,Literal
0.625615763546798,22.555555555555557,8.374384236453201,0.0,0.019704433497536946,12.45,12.37,0.0,0.0,0.0,3.605911330049261,203.0,9.0,5.228129047119374,0.1330049261083744,0.5123152709359606,4.955665024630542,1.6305418719211822,0.5714285714285714,0.22660098522167488,0.10837438423645321,0.07389162561576355,0.0,0.019704433497536946,1,Inferential
0.7013888888888888,24.0,13.88888888888889,0.0,0.027777777777777776,17.7,15.16,0.0,0.0,0.0,3.6527777777777777,144.0,6.0,6.27162924074226,0.20833333333333334,0.2916666666666667,5.743055555555555,2.0277777777777777,0.3541666666666667,0.2569444444444444,0.18055555555555555,0.18055555555555555,0.020833333333333332,0.006944444444444444,2,Evaluative
0.5306122448979592,21.0,0.6802721088435374,0.0,0.027210884353741496,6.49,8.67,0.0,0.0,0.0,3.496598639455782,147.0,7.0,8.482875908173442,0.14965986394557823,0.7210884353741497,3.925170068027211,1.1768707482993197,0.7619047619047619,0.1292517006802721,0.061224489795918366,0.02040816326530612,0.02040816326530612,0.006802721088435374,0,Literal
0.6374269005847953,28.5,1.7543859649122806,0.0,0.03508771929824561,11.47,12.1,0.0,0.0,0.0,4.0701754385964914,171.0,6.0,9.655165571973493,0.14035087719298245,0.5847953216374269,4.245614035087719,1.3508771929824561,0.6549707602339181,0.14619883040935672,0.06432748538011696,0.05263157894736842,0.005847953216374269,0.029239766081871343,0,Literal
0.6479591836734694,28.0,5.1020408163265305,0.0,0.08673469387755102,12.67,13.24,0.0,0.0,0.0,4.290816326530612,196.0,7.0,13.373748272535373,0.18877551020408162,0.5612244897959183,4.510204081632653,1.469387755102041,0.5816326530612245,0.16326530612244897,0.07653061224489796,0.08673469387755102,0.04081632653061224,0.04591836734693878,1,Inferential
0.5906040268456376,16.555555555555557,0.6711409395973155,0.0,0.03355704697986577,5.12,6.89,0.0,0.0,0.0,4.597315436241611,149.0,9.0,6.361535648133172,0.2483221476510067,0.6442953020134228,3.9194630872483223,1.2080536912751678,0.7046979865771812,0.18791946308724833,0.053691275167785234,0.013422818791946308,0.020134228187919462,0.013422818791946308,0,Literal
0.6623376623376623,11.846153846153847,3.896103896103896,0.0,0.05194805194805195,4.89,6.3,0.0,0.0,0.0,3.6233766233766236,154.0,13.0,6.082276123314091,0.24025974025974026,0.5454545454545454,4.1688311688311686,1.344155844155844,0.6688311688311688,0.12337662337662338,0.09090909090909091,0.045454545454545456,0.0,0.05194805194805195,0,Literal
0.6612021857923497,15.25,3.825136612021858,0.0,0.060109289617486336,6.22,7.63,0.0,0.0,0.0,3.3278688524590163,183.0,12.0,5.955856128401879,0.13114754098360656,0.5737704918032787,4.3497267759562845,1.3442622950819672,0.6939890710382514,0.13114754098360656,0.0546448087431694,0.060109289617486336,0.00546448087431694,0.0546448087431694,0,Literal
0.6708860759493671,31.6,6.329113924050633,0.0,0.0379746835443038,15.33,15.17,0.0,0.0,0.0,4.4113924050632916,158.0,5.0,16.32666530556684,0.08860759493670886,0.5822784810126582,4.7025316455696204,1.5759493670886076,0.5632911392405063,0.1962025316455696,0.13291139240506328,0.06329113924050633,0.0,0.0379746835443038,2,Evaluative
0.6415094339622641,22.714285714285715,8.80503144654088,0.0,0.0440251572327044,13.75,12.61,0.0,0.0,0.0,3.5157232704402515,159.0,7.0,11.642638034748106,0.1509433962264151,0.5220125786163522,5.012578616352202,1.7358490566037736,0.6352201257861635,0.15723270440251572,0.050314465408805034,0.08176100628930817,0.0,0.0440251572327044,1,Inferential
0.6975308641975309,27.0,3.0864197530864197,0.0,0.09876543209876543,13.44,12.03,0.0,0.0,0.0,4.1419753086419755,162.0,6.0,7.234178138070235,0.14814814814814814,0.46296296296296297,4.753086419753086,1.5679012345679013,0.5370370370370371,0.1728395061728395,0.09876543209876543,0.08024691358024691,0.037037037037037035,0.06172839506172839,1,Inferential
0.5470588235294118,14.166666666666666,7.647058823529412,0.0,0.13529411764705881,10.06,8.73,0.0,0.0,0.0,3.0352941176470587,170.0,12.0,5.398044913567215,0.16470588235294117,0.45294117647058824,4.894117647058824,1.7058823529411764,0.4764705882352941,0.14705882352941177,0.08823529411764706,0.1411764705882353,0.01764705882352941,0.11764705882352941,0,Literal
0.6045197740112994,44.25,5.649717514124294,0.0,0.011299435028248588,18.53,19.96,0.0,0.0,0.0,4.858757062146893,177.0,4.0,12.316147936753602,0.14689265536723164,0.6836158192090396,4.468926553672317,1.4293785310734464,0.6779661016949152,0.2033898305084746,0.07909604519774012,0.02824858757062147,0.005649717514124294,0.005649717514124294,2,Evaluative
0.5942857142857143,19.444444444444443,2.2857142857142856,0.0,0.04,6.9,8.69,0.0,0.0,0.0,4.1085714285714285,175.0,9.0,9.213516640723501,0.22857142857142856,0.6,3.8971428571428572,1.262857142857143,0.72,0.14285714285714285,0.02857142857142857,0.045714285714285714,0.0,0.04,0,Literal
0.6428571428571429,39.2,6.122448979591836,0.0,0.05102040816326531,16.8,18.13,0.0,0.0,0.0,5.010204081632653,196.0,5.0,12.781236246936366,0.23469387755102042,0.5204081632653061,4.698979591836735,1.4489795918367347,0.6683673469387755,0.11224489795918367,0.08163265306122448,0.07653061224489796,0.0,0.05102040816326531,2,Evaluative
0.6231155778894473,24.875,6.532663316582915,0.0,0.04522613065326633,13.86,12.56,0.0,0.0,0.0,3.3467336683417086,199.0,8.0,9.252533436848527,0.12562814070351758,0.4221105527638191,5.130653266331659,1.6733668341708543,0.4824120603015075,0.23115577889447236,0.1708542713567839,0.07035175879396985,0.020100502512562814,0.02512562814070352,1,Inferential
0.6612021857923497,30.5,4.371584699453552,0.0,0.0546448087431694,13.33,13.95,0.0,0.0,0.0,4.448087431693989,183.0,6.0,11.567435132973754,0.15300546448087432,0.5519125683060109,4.502732240437158,1.4426229508196722,0.6721311475409836,0.20218579234972678,0.0546448087431694,0.01639344262295082,0.01092896174863388,0.04371584699453552,1,Inferential
0.5660377358490566,22.714285714285715,1.8867924528301887,0.0,0.05660377358490566,11.15,9.84,0.0,0.0,0.0,3.3333333333333335,159.0,7.0,12.847615517666924,0.08176100628930817,0.5786163522012578,4.408805031446541,1.5157232704402517,0.6540880503144654,0.1320754716981132,0.10062893081761007,0.050314465408805034,0.0,0.05660377358490566,0,Literal
0.6455696202531646,19.75,1.2658227848101267,0.0,0.03164556962025317,6.23,8.41,0.0,0.0,0.0,3.588607594936709,158.0,8.0,7.279036680770334,0.13924050632911392,0.6075949367088608,3.8227848101265822,1.1962025316455696,0.7468354430379747,0.13291139240506328,0.056962025316455694,0.03164556962025317,0.02531645569620253,0.006329113924050633,0,Literal
0.49640287769784175,23.166666666666668,0.7194244604316548,0.0,0.09352517985611511,9.83,9.55,0.0,0.0,0.0,2.985611510791367,139.0,6.0,8.952032667997189,0.1079136690647482,0.6115107913669064,4.136690647482014,1.3884892086330936,0.697841726618705,0.14388489208633093,0.050359712230215826,0.014388489208633094,0.0,0.09352517985611511,0,Literal
0.6643835616438356,18.25,0.684931506849315,0.0,0.04794520547945205,6.24,7.57,0.0,0.0,0.0,2.952054794520548,146.0,8.0,8.828221791504788,0.10273972602739725,0.6027397260273972,4.02054794520548,1.2465753424657535,0.7191780821917808,0.1643835616438356,0.02054794520547945,0.04794520547945205,0.0,0.04794520547945205,0,Literal
0.6052631578947368,19.0,0.0,0.0,0.05921052631578947,6.96,7.6,0.0,0.0,0.0,3.236842105263158,152.0,8.0,4.330127018922194,0.11842105263157894,0.5921052631578947,4.046052631578948,1.2828947368421053,0.6776315789473685,0.1118421052631579,0.08552631578947369,0.06578947368421052,0.006578947368421052,0.05263157894736842,0,Literal
0.6226415094339622,22.714285714285715,1.257861635220126,0.0,0.07547169811320754,9.6,9.59,0.0,0.0,0.0,4.144654088050315,159.0,7.0,7.2843135908468355,0.14465408805031446,0.5786163522012578,4.213836477987422,1.3836477987421383,0.7547169811320755,0.11949685534591195,0.0440251572327044,0.006289308176100629,0.012578616352201259,0.06289308176100629,0,Literal
0.684931506849315,12.166666666666666,4.10958904109589,0.0,0.07534246575342465,6.37,6.51,0.0,0.0,0.0,3.089041095890411,146.0,12.0,8.456999073745564,0.13013698630136986,0.6301369863013698,4.342465753424658,1.4589041095890412,0.678082191780822,0.1232876712328767,0.0684931506849315,0.0547945205479452,0.00684931506849315,0.0684931506849315,0,Literal
0.6218905472636815,22.333333333333332,3.482587064676617,0.0,0.06965174129353234,11.14,10.33,0.0,0.0,0.0,3.970149253731343,201.0,9.0,8.569253104292818,0.16417910447761194,0.5223880597014925,4.641791044776119,1.527363184079602,0.6169154228855721,0.14427860696517414,0.09950248756218906,0.05970149253731343,0.01990049751243781,0.04975124378109453,0,Literal
0.6187845303867403,16.454545454545453,1.1049723756906076,0.0,0.06077348066298342,6.34,7.02,0.0,0.0,0.0,4.149171270718232,181.0,11.0,11.37853568699265,0.32044198895027626,0.585635359116022,4.132596685082873,1.3149171270718232,0.6961325966850829,0.19889502762430938,0.027624309392265192,0.016574585635359115,0.011049723756906077,0.049723756906077346,0,Literal
0.5870646766169154,15.461538461538462,0.4975124378109453,0.0,0.014925373134328358,5.88,6.38,0.0,0.0,0.0,3.5323383084577116,201.0,13.0,8.83042079183924,0.1791044776119403,0.6417910447761194,3.8805970149253732,1.308457711442786,0.7313432835820896,0.1691542288557214,0.05970149253731343,0.024875621890547265,0.004975124378109453,0.009950248756218905,0,Literal
0.6726190476190477,11.2,1.7857142857142856,0.0,0.07142857142857142,5.28,5.19,0.0,0.0,0.0,4.089285714285714,168.0,15.0,7.875701026998591,0.30952380952380953,0.5714285714285714,4.261904761904762,1.3988095238095237,0.6130952380952381,0.17857142857142858,0.08333333333333333,0.05357142857142857,0.0,0.07142857142857142,0,Literal
0.6684782608695652,26.285714285714285,2.717391304347826,0.0,0.03804347826086957,11.4,11.6,0.0,0.0,0.0,3.092391304347826,184.0,7.0,10.565635478343198,0.09782608695652174,0.5760869565217391,4.380434782608695,1.4184782608695652,0.6684782608695652,0.1793478260869565,0.04891304347826087,0.043478260869565216,0.0,0.03804347826086957,0,Literal
0.6666666666666666,23.142857142857142,1.2345679012345678,0.0,0.04938271604938271,9.39,9.75,0.0,0.0,0.0,3.753086419753086,162.0,7.0,10.911517973673321,0.16666666666666666,0.5555555555555556,4.234567901234568,1.3518518518518519,0.6851851851851852,0.14814814814814814,0.07407407407407407,0.043209876543209874,0.006172839506172839,0.043209876543209874,0,Literal
0.7292817679558011,16.454545454545453,2.209944751381215,0.0,0.06077348066298342,7.84,7.47,0.0,0.0,0.0,3.6187845303867405,181.0,11.0,7.786404765586857,0.19337016574585636,0.574585635359116,4.414364640883978,1.441988950276243,0.6906077348066298,0.1270718232044199,0.07734806629834254,0.04419889502762431,0.016574585635359115,0.04419889502762431,0,Literal
0.5875,32.0,3.125,0.0,0.025,13.63,14.05,0.0,0.0,0.0,3.775,160.0,5.0,17.304334717058612,0.1,0.64375,4.43125,1.41875,0.7125,0.15,0.05,0.0625,0.00625,0.01875,1,Inferential
0.6515151515151515,18.0,3.535353535353535,0.0,0.025252525252525252,8.59,8.61,0.0,0.0,0.0,3.727272727272727,198.0,11.0,9.372017431898088,0.13131313131313133,0.6515151515151515,4.338383838383838,1.4545454545454546,0.6515151515151515,0.16161616161616163,0.05555555555555555,0.06060606060606061,0.010101010101010102,0.015151515151515152,0,Literal
0.6041666666666666,19.2,7.291666666666667,0.0,0.09375,11.69,10.6,0.0,0.0,0.0,3.0520833333333335,192.0,10.0,7.063285354564121,0.15625,0.4166666666666667,5.083333333333333,1.6770833333333333,0.4895833333333333,0.22395833333333334,0.11979166666666667,0.046875,0.005208333333333333,0.08854166666666667,0,Literal
0.6404494382022472,14.833333333333334,1.1235955056179776,0.0,0.06741573033707865,5.64,6.38,0.0,0.0,0.0,3.443820224719101,178.0,12.0,7.840422324226052,0.16853932584269662,0.6235955056179775,4.061797752808989,1.3089887640449438,0.7191011235955056,0.14606741573033707,0.028089887640449437,0.03932584269662921,0.0056179775280898875,0.06179775280898876,0,Literal
0.5789473684210527,31.666666666666668,8.421052631578947,0.0,0.07894736842105263,16.76,16.04,0.0,0.0,0.0,3.768421052631579,190.0,6.0,14.028740341012643,0.12105263157894737,0.49473684210526314,4.984210526315789,1.694736842105263,0.5526315789473685,0.15263157894736842,0.14210526315789473,0.07368421052631578,0.005263157894736842,0.07368421052631578,2,Evaluative
0.575,26.666666666666668,0.625,0.0,0.05,8.45,10.92,0.0,0.0,0.0,3.34375,160.0,6.0,11.503622617824933,0.1125,0.5875,3.9,1.15625,0.76875,0.125,0.04375,0.0125,0.01875,0.03125,0,Literal
0.5449438202247191,22.25,3.932584269662921,0.0,0.0056179775280898875,10.39,10.47,0.0,0.0,0.0,3.0224719101123596,178.0,8.0,12.636751956100111,0.11797752808988764,0.550561797752809,4.46067415730337,1.4662921348314606,0.6235955056179775,0.17415730337078653,0.15168539325842698,0.0449438202247191,0.0,0.0056179775280898875,0,Literal
0.651685393258427,25.428571428571427,18.53932584269663,0.0,0.09550561797752809,17.33,17.59,0.0,0.0,0.0,4.112359550561798,178.0,7.0,8.48528137423857,0.1797752808988764,0.4157303370786517,5.797752808988764,1.949438202247191,0.4438202247191011,0.1853932584269663,0.1348314606741573,0.10674157303370786,0.0056179775280898875,0.0898876404494382,2,Evaluative
0.6102564102564103,24.375,5.641025641025641,0.0,0.020512820512820513,10.56,12.01,0.0,0.0,0.0,3.830769230769231,195.0,8.0,12.417225938187643,0.13846153846153847,0.6307692307692307,4.2615384615384615,1.4102564102564104,0.7128205128205128,0.1282051282051282,0.05641025641025641,0.06153846153846154,0.0,0.020512820512820513,0,Literal
0.6243654822335025,10.944444444444445,2.030456852791878,0.0,0.04568527918781726,5.39,5.19,0.0,0.0,0.0,3.1421319796954315,197.0,18.0,7.571062518188645,0.2182741116751269,0.5431472081218274,4.467005076142132,1.416243654822335,0.6649746192893401,0.18274111675126903,0.05583756345177665,0.02030456852791878,0.0,0.04568527918781726,0,Literal
0.5699481865284974,38.6,4.145077720207254,0.0,0.05181347150259067,18.97,17.1,0.0,0.0,0.0,4.725388601036269,193.0,5.0,13.347658970770867,0.15025906735751296,0.5233160621761658,4.740932642487047,1.6528497409326426,0.5181347150259067,0.20725388601036268,0.13989637305699482,0.08290155440414508,0.0051813471502590676,0.046632124352331605,2,Evaluative
0.6374269005847953,24.428571428571427,4.093567251461988,0.0,0.029239766081871343,11.12,11.41,0.0,0.0,0.0,3.9005847953216373,171.0,7.0,15.156328239856965,0.15204678362573099,0.5964912280701754,4.239766081871345,1.456140350877193,0.6666666666666666,0.15204678362573099,0.07602339181286549,0.07602339181286549,0.011695906432748537,0.017543859649122806,0,Literal
0.524822695035461,10.846153846153847,0.7092198581560284,0.0,0.05673758865248227,5.38,4.62,0.0,0.0,0.0,2.2624113475177303,141.0,13.0,3.6762471216456984,0.09929078014184398,0.574468085106383,4.368794326241135,1.4184397163120568,0.6382978723404256,0.20567375886524822,0.07092198581560284,0.028368794326241134,0.014184397163120567,0.0425531914893617,0,Literal
0.5987261146496815,17.444444444444443,0.0,0.0,0.025477707006369428,6.17,6.98,0.0,0.0,0.0,3.878980891719745,157.0,9.0,7.945804079458277,0.1464968152866242,0.6050955414012739,3.8152866242038215,1.267515923566879,0.6878980891719745,0.17834394904458598,0.07006369426751592,0.03821656050955414,0.0,0.025477707006369428,0,Literal
0.6551724137931034,34.8,0.0,0.0,0.040229885057471264,12.43,13.92,0.0,0.0,0.0,4.362068965517241,174.0,5.0,14.527215837867901,0.1206896551724138,0.6494252873563219,3.8160919540229883,1.2241379310344827,0.6781609195402298,0.14367816091954022,0.08620689655172414,0.04597701149425287,0.005747126436781609,0.034482758620689655,1,Inferential
0.6045197740112994,22.125,5.084745762711865,0.0,0.11299435028248588,12.84,10.88,0.0,0.0,0.0,4.016949152542373,177.0,8.0,5.242554243877692,0.15819209039548024,0.4576271186440678,4.977401129943503,1.6779661016949152,0.4689265536723164,0.13559322033898305,0.23728813559322035,0.04519774011299435,0.02824858757062147,0.0847457627118644,1,Inferential
0.6272189349112426,56.333333333333336,0.0,0.0,0.023668639053254437,21.11,22.53,0.0,0.0,0.0,6.27810650887574,169.0,3.0,19.510680835549195,0.20118343195266272,0.514792899408284,4.337278106508876,1.2485207100591715,0.650887573964497,0.1893491124260355,0.07692307692307693,0.05917159763313609,0.011834319526627219,0.011834319526627219,2,Evaluative
0.5389221556886228,16.7,7.18562874251497,0.0,0.041916167664670656,9.29,9.55,0.0,0.0,0.0,3.3353293413173652,167.0,10.0,7.892401408950257,0.1437125748502994,0.5568862275449101,4.838323353293413,1.5568862275449102,0.6766467065868264,0.19161676646706588,0.04790419161676647,0.041916167664670656,0.005988023952095809,0.03592814371257485,0,Literal
0.5652173913043478,13.142857142857142,2.717391304347826,0.0,0.03804347826086957,8.84,6.34,0.0,0.0,0.0,2.6847826086956523,184.0,14.0,5.6550501179684245,0.10869565217391304,0.4076086956521739,4.809782608695652,1.6358695652173914,0.42391304347826086,0.23369565217391305,0.21195652173913043,0.09239130434782608,0.0,0.03804347826086957,0,Literal
0.6037735849056604,31.8,6.289308176100629,0.0,0.08176100628930817,17.67,15.24,0.0,0.0,0.0,4.031446540880503,159.0,5.0,10.170545708072897,0.16981132075471697,0.4968553459119497,5.044025157232705,1.7672955974842768,0.5283018867924528,0.15723270440251572,0.12578616352201258,0.08176100628930817,0.03773584905660377,0.0440251572327044,2,Evaluative
0.6198830409356725,19.0,0.0,0.0,0.023391812865497075,6.17,7.6,0.0,0.0,0.0,3.9473684210526314,171.0,9.0,8.225224677031889,0.11695906432748537,0.5964912280701754,3.8421052631578947,1.2163742690058479,0.7543859649122807,0.12280701754385964,0.03508771929824561,0.06432748538011696,0.005847953216374269,0.017543859649122806,0,Literal
0.7290322580645161,22.142857142857142,9.67741935483871,0.0,0.0,13.52,12.73,0.0,0.0,0.0,3.361290322580645,155.0,7.0,6.230274996387578,0.14193548387096774,0.49032258064516127,5.251612903225807,1.735483870967742,0.5483870967741935,0.21935483870967742,0.12258064516129032,0.10967741935483871,0.0,0.0,1,Inferential
0.6031746031746031,18.9,5.291005291005291,0.0,0.031746031746031744,10.32,9.68,0.0,0.0,0.0,3.0264550264550265,189.0,10.0,6.4031242374328485,0.08465608465608465,0.5502645502645502,4.867724867724868,1.5714285714285714,0.6507936507936508,0.14814814814814814,0.07407407407407407,0.07936507936507936,0.010582010582010581,0.021164021164021163,0,Literal
0.20454545454545456,6.518518518518518,0.0,0.0,0.0,2.64,2.61,0.0,0.0,0.0,2.1988636363636362,176.0,27.0,2.3465235646603197,0.1875,0.5227272727272727,4.159090909090909,1.3295454545454546,0.9261363636363636,0.06818181818181818,0.005681818181818182,0.0,0.0,0.0,0,Literal
0.5257731958762887,17.636363636363637,7.731958762886598,0.0,0.08247422680412371,11.42,10.15,0.0,0.0,0.0,3.195876288659794,194.0,11.0,10.915149832584461,0.13402061855670103,0.5309278350515464,4.881443298969073,1.7061855670103092,0.5876288659793815,0.0979381443298969,0.18041237113402062,0.05154639175257732,0.04639175257731959,0.03608247422680412,0,Literal
0.6511627906976745,28.666666666666668,0.5813953488372093,0.0,0.06976744186046512,10.34,11.7,0.0,0.0,0.0,4.186046511627907,172.0,6.0,8.845903006477066,0.1744186046511628,0.5813953488372093,4.017441860465116,1.25,0.7151162790697675,0.14534883720930233,0.046511627906976744,0.01744186046511628,0.01744186046511628,0.05232558139534884,0,Literal
0.5987654320987654,13.5,6.172839506172839,0.0,0.1111111111111111,8.54,7.87,0.0,0.0,0.0,3.123456790123457,162.0,12.0,5.267167697686827,0.14814814814814814,0.5185185185185185,4.901234567901234,1.5987654320987654,0.6481481481481481,0.09259259259259259,0.11728395061728394,0.018518518518518517,0.0,0.1111111111111111,0,Literal
0.6464088397790055,20.11111111111111,3.867403314917127,0.0,0.022099447513812154,8.36,9.59,0.0,0.0,0.0,3.81767955801105,181.0,9.0,9.72967967955095,0.13259668508287292,0.6243093922651933,4.12707182320442,1.3646408839779005,0.6961325966850829,0.16022099447513813,0.07734806629834254,0.04419889502762431,0.0055248618784530384,0.016574585635359115,0,Literal
0.6510067114093959,37.25,1.342281879194631,0.0,0.053691275167785234,13.27,15.44,0.0,0.0,0.0,4.315436241610739,149.0,4.0,9.60143218483576,0.12080536912751678,0.6375838926174496,3.9194630872483223,1.2147651006711409,0.7181208053691275,0.15436241610738255,0.04697986577181208,0.026845637583892617,0.0,0.053691275167785234,1,Inferential
0.6764705882352942,28.333333333333332,1.1764705882352942,0.0,0.08235294117647059,10.94,11.8,0.0,0.0,0.0,3.4705882352941178,170.0,6.0,9.877021593352701,0.13529411764705881,0.5588235294117647,4.270588235294118,1.311764705882353,0.6882352941176471,0.15294117647058825,0.041176470588235294,0.03529411764705882,0.01764705882352941,0.06470588235294118,0,Literal
0.5696969696969697,23.571428571428573,1.2121212121212122,0.0,0.04242424242424243,8.98,9.91,0.0,0.0,0.0,3.503030303030303,165.0,7.0,5.205962045225314,0.12121212121212122,0.6060606060606061,4.1454545454545455,1.303030303030303,0.703030303030303,0.16363636363636364,0.048484848484848485,0.030303030303030304,0.006060606060606061,0.03636363636363636,0,Literal
0.6962025316455697,19.75,3.1645569620253164,0.0,0.08860759493670886,8.77,9.17,0.0,0.0,0.0,3.5632911392405062,158.0,8.0,8.703447592764606,0.14556962025316456,0.5316455696202531,4.2974683544303796,1.4113924050632911,0.6582278481012658,0.10759493670886076,0.08227848101265822,0.06329113924050633,0.0,0.08860759493670886,0,Literal
0.5851063829787234,18.8,3.723404255319149,0.0,0.005319148936170213,8.56,9.01,0.0,0.0,0.0,3.851063829787234,188.0,10.0,10.146920715172657,0.1276595744680851,0.6595744680851063,4.218085106382978,1.425531914893617,0.7180851063829787,0.18617021276595744,0.05319148936170213,0.03723404255319149,0.0,0.005319148936170213,0,Literal
0.6351351351351351,49.333333333333336,6.081081081081082,0.0,0.033783783783783786,23.9,22.17,0.0,0.0,0.0,5.702702702702703,148.0,3.0,24.63511495586917,0.12162162162162163,0.5878378378378378,4.831081081081081,1.7162162162162162,0.581081081081081,0.25675675675675674,0.08108108108108109,0.033783783783783786,0.0,0.033783783783783786,2,Evaluative
0.6073619631901841,18.11111111111111,0.6134969325153374,0.0,0.04294478527607362,6.82,7.49,0.0,0.0,0.0,3.834355828220859,163.0,9.0,10.821788720498619,0.22699386503067484,0.5828220858895705,4.07361963190184,1.3006134969325154,0.6687116564417178,0.18404907975460122,0.09815950920245399,0.006134969325153374,0.006134969325153374,0.03680981595092025,0,Literal
0.624113475177305,17.625,0.0,0.0,0.05673758865248227,6.43,7.05,0.0,0.0,0.0,3.851063829787234,141.0,8.0,9.45961812125627,0.14893617021276595,0.6028368794326241,4.184397163120567,1.2836879432624113,0.7659574468085106,0.07092198581560284,0.06382978723404255,0.014184397163120567,0.0,0.05673758865248227,0,Literal
0.5852272727272727,25.142857142857142,1.7045454545454544,0.0,0.03977272727272727,10.11,10.74,0.0,0.0,0.0,3.5625,176.0,7.0,15.806224555341403,0.08522727272727272,0.6306818181818182,4.107954545454546,1.3465909090909092,0.75,0.11363636363636363,0.056818181818181816,0.03977272727272727,0.0,0.03977272727272727,0,Literal
0.6081871345029239,28.5,2.923976608187134,0.0,0.0935672514619883,11.88,12.57,0.0,0.0,0.0,4.47953216374269,171.0,6.0,20.48915702403482,0.21052631578947367,0.5614035087719298,4.502923976608187,1.3859649122807018,0.6549707602339181,0.13450292397660818,0.06432748538011696,0.05263157894736842,0.005847953216374269,0.08771929824561403,0,Literal
0.543046357615894,15.1,2.6490066225165565,0.0,0.08609271523178808,9.76,7.1,0.0,0.0,0.0,3.2119205298013247,151.0,10.0,6.073713855624086,0.11920529801324503,0.5165562913907285,5.0,1.6490066225165563,0.609271523178808,0.16556291390728478,0.12582781456953643,0.013245033112582781,0.019867549668874173,0.06622516556291391,0,Literal
0.5816326530612245,6.32258064516129,1.0204081632653061,0.0,0.030612244897959183,0.96,2.94,0.0,0.0,0.0,2.377551020408163,196.0,31.0,3.0370586570167277,0.22448979591836735,0.5816326530612245,3.770408163265306,1.1938775510204083,0.6836734693877551,0.23979591836734693,0.02040816326530612,0.015306122448979591,0.0,0.030612244897959183,0,Literal
0.7567567567567568,16.444444444444443,14.864864864864865,0.0,0.08783783783783784,12.91,12.52,0.0,0.0,0.0,3.8378378378378377,148.0,9.0,6.482645398139921,0.22972972972972974,0.38513513513513514,5.614864864864865,1.8716216216216217,0.43243243243243246,0.22297297297297297,0.14864864864864866,0.060810810810810814,0.013513513513513514,0.07432432432432433,1,Inferential
0.6073298429319371,38.2,5.2356020942408374,0.0,0.03664921465968586,17.29,17.37,0.0,0.0,0.0,3.7958115183246073,191.0,5.0,11.6,0.12041884816753927,0.5706806282722513,4.523560209424084,1.5235602094240839,0.6020942408376964,0.18324607329842932,0.13612565445026178,0.03664921465968586,0.010471204188481676,0.02617801047120419,2,Evaluative
0.5796178343949044,22.428571428571427,7.643312101910828,0.0,0.03184713375796178,11.95,12.03,0.0,0.0,0.0,3.4076433121019107,157.0,7.0,11.21041789532197,0.10191082802547771,0.5732484076433121,4.828025477707007,1.5923566878980893,0.6050955414012739,0.17197452229299362,0.08280254777070063,0.10828025477707007,0.012738853503184714,0.01910828025477707,0,Literal
0.5977011494252874,21.75,1.7241379310344827,0.0,0.034482758620689655,8.42,9.39,0.0,0.0,0.0,4.0,174.0,8.0,9.871043511199817,0.19540229885057472,0.5862068965517241,4.074712643678161,1.3160919540229885,0.7183908045977011,0.13793103448275862,0.05172413793103448,0.05172413793103448,0.0,0.034482758620689655,0,Literal
0.6217616580310881,14.846153846153847,1.0362694300518136,0.0,0.07253886010362694,6.95,6.35,0.0,0.0,0.0,4.129533678756476,193.0,13.0,9.767716418061523,0.25906735751295334,0.5129533678756477,4.22279792746114,1.4196891191709844,0.5751295336787565,0.17616580310880828,0.11398963730569948,0.06217616580310881,0.04145077720207254,0.031088082901554404,0,Literal
0.6502732240437158,36.6,2.73224043715847,0.0,0.06557377049180328,14.48,15.73,0.0,0.0,0.0,4.333333333333333,183.0,5.0,15.265647709809105,0.12021857923497267,0.5956284153005464,4.087431693989071,1.3387978142076502,0.6830601092896175,0.14207650273224043,0.04918032786885246,0.060109289617486336,0.01092896174863388,0.0546448087431694,1,Inferential
0.6770186335403726,26.833333333333332,0.0,0.0,0.06832298136645963,10.63,10.73,0.0,0.0,0.0,4.434782608695652,161.0,6.0,8.112062349091971,0.16149068322981366,0.5527950310559007,4.136645962732919,1.3354037267080745,0.6894409937888198,0.14906832298136646,0.031055900621118012,0.043478260869565216,0.0,0.06832298136645963,0,Literal
0.6179775280898876,25.428571428571427,1.6853932584269662,0.0,0.056179775280898875,10.1,10.85,0.0,0.0,0.0,3.848314606741573,178.0,7.0,9.021516230769683,0.1348314606741573,0.5955056179775281,4.157303370786517,1.3370786516853932,0.7134831460674157,0.14606741573033707,0.056179775280898875,0.028089887640449437,0.0,0.056179775280898875,0,Literal
0.5863874345549738,17.363636363636363,3.1413612565445024,0.0,0.02617801047120419,7.99,8.2,0.0,0.0,0.0,3.031413612565445,191.0,11.0,5.481750338793213,0.1099476439790576,0.518324607329843,4.612565445026178,1.4240837696335078,0.680628272251309,0.193717277486911,0.08376963350785341,0.015706806282722512,0.010471204188481676,0.015706806282722512,0,Literal
0.6788321167883211,13.7,2.18978102189781,0.0,0.10218978102189781,8.79,6.36,0.0,0.0,0.0,3.1094890510948905,137.0,10.0,4.454211490264018,0.22627737226277372,0.4744525547445255,4.569343065693431,1.6131386861313868,0.5328467153284672,0.2116788321167883,0.0948905109489051,0.058394160583941604,0.0072992700729927005,0.0948905109489051,0,Literal
0.5759162303664922,13.642857142857142,3.1413612565445024,0.0,0.031413612565445025,6.41,6.71,0.0,0.0,0.0,3.5340314136125652,191.0,14.0,7.706345119577816,0.17277486910994763,0.6020942408376964,4.4188481675392675,1.4136125654450262,0.774869109947644,0.08376963350785341,0.07853403141361257,0.031413612565445025,0.010471204188481676,0.020942408376963352,0,Literal
0.6428571428571429,22.75,1.6483516483516485,0.0,0.02197802197802198,7.48,9.76,0.0,0.0,0.0,4.247252747252747,182.0,8.0,7.697402159170326,0.1813186813186813,0.5824175824175825,3.934065934065934,1.2032967032967032,0.7857142857142857,0.12637362637362637,0.01098901098901099,0.054945054945054944,0.0,0.02197802197802198,0,Literal
0.6666666666666666,21.0,2.7210884353741496,0.0,0.04081632653061224,9.94,9.49,0.0,0.0,0.0,3.503401360544218,147.0,7.0,9.149551120917666,0.11564625850340136,0.54421768707483,4.700680272108843,1.469387755102041,0.5850340136054422,0.2857142857142857,0.05442176870748299,0.034013605442176874,0.0,0.04081632653061224,0,Literal
0.6108374384236454,14.5,1.9704433497536946,0.0,0.06403940886699508,7.1,6.59,0.0,0.0,0.0,3.9655172413793105,203.0,14.0,6.008497384232311,0.22167487684729065,0.6108374384236454,4.147783251231527,1.4433497536945812,0.8078817733990148,0.07881773399014778,0.024630541871921183,0.024630541871921183,0.014778325123152709,0.04926108374384237,0,Literal
0.64,14.285714285714286,4.5,0.0,0.03,5.62,7.51,0.0,0.0,0.0,5.115,200.0,14.0,10.477380884747944,0.22,0.665,4.15,1.325,0.71,0.175,0.05,0.035,0.0,0.03,0,Literal
0.5406976744186046,19.11111111111111,0.0,0.0,0.023255813953488372,7.23,7.64,0.0,0.0,0.0,2.994186046511628,172.0,9.0,10.974718422102885,0.11046511627906977,0.6104651162790697,3.9651162790697674,1.302325581395349,0.7732558139534884,0.0872093023255814,0.06976744186046512,0.046511627906976744,0.005813953488372093,0.01744186046511628,0,Literal
0.6290322580645161,23.25,1.6129032258064515,0.0,0.026881720430107527,8.64,9.95,0.0,0.0,0.0,4.053763440860215,186.0,8.0,13.765899897936205,0.15053763440860216,0.5806451612903226,3.956989247311828,1.2849462365591398,0.6559139784946236,0.1935483870967742,0.06451612903225806,0.053763440860215055,0.0,0.026881720430107527,0,Literal
0.6685714285714286,29.166666666666668,3.428571428571429,0.0,0.03428571428571429,14.67,13.04,0.0,0.0,0.0,3.6914285714285713,175.0,6.0,16.479785597310826,0.09142857142857143,0.52,4.7942857142857145,1.6,0.5771428571428572,0.18857142857142858,0.11428571428571428,0.08,0.011428571428571429,0.022857142857142857,1,Inferential
0.5818181818181818,11.0,8.484848484848486,0.0,0.024242424242424242,8.65,7.79,0.0,0.0,0.0,3.2848484848484847,165.0,15.0,4.828618389928485,0.18181818181818182,0.46060606060606063,5.012121212121212,1.690909090909091,0.5151515151515151,0.2787878787878788,0.14545454545454545,0.024242424242424242,0.006060606060606061,0.01818181818181818,0,Literal
0.6040268456375839,7.45,2.013422818791946,0.0,0.03355704697986577,3.95,3.79,0.0,0.0,0.0,2.6711409395973154,149.0,20.0,2.9406631905065224,0.2348993288590604,0.5436241610738255,4.369127516778524,1.4093959731543624,0.6577181208053692,0.11409395973154363,0.09395973154362416,0.026845637583892617,0.006711409395973154,0.026845637583892617,0,Literal
0.6267605633802817,14.2,6.338028169014084,0.0,0.07042253521126761,8.4,8.22,0.0,0.0,0.0,3.0211267605633805,142.0,10.0,6.925315877272314,0.20422535211267606,0.5,4.661971830985915,1.5633802816901408,0.5704225352112676,0.20422535211267606,0.11267605633802817,0.035211267605633804,0.0,0.07042253521126761,0,Literal
0.6201117318435754,16.272727272727273,1.1173184357541899,0.0,0.03910614525139665,6.05,6.96,0.0,0.0,0.0,4.050279329608938,179.0,11.0,14.65244740226127,0.17318435754189945,0.6759776536312849,4.016759776536313,1.2960893854748603,0.7150837988826816,0.1452513966480447,0.0446927374301676,0.055865921787709494,0.0,0.03910614525139665,0,Literal
0.5953757225433526,24.714285714285715,1.1560693641618496,0.0,0.04046242774566474,9.33,10.35,0.0,0.0,0.0,3.838150289017341,173.0,7.0,12.936264483053451,0.1329479768786127,0.5549132947976878,4.115606936416185,1.2947976878612717,0.7052023121387283,0.16184971098265896,0.023121387283236993,0.057803468208092484,0.017341040462427744,0.023121387283236993,0,Literal
0.580110497237569,16.454545454545453,1.6574585635359116,0.0,0.06629834254143646,6.54,7.24,0.0,0.0,0.0,3.165745856353591,181.0,11.0,6.311474530076284,0.14917127071823205,0.5303867403314917,4.348066298342541,1.3314917127071824,0.6795580110497238,0.13259668508287292,0.0718232044198895,0.049723756906077346,0.0055248618784530384,0.06077348066298342,0,Literal
0.563953488372093,21.5,8.13953488372093,0.0,0.023255813953488372,12.83,11.86,0.0,0.0,0.0,3.3313953488372094,172.0,8.0,4.8202048711647105,0.12790697674418605,0.5348837209302325,5.093023255813954,1.697674418604651,0.5465116279069767,0.22674418604651161,0.13953488372093023,0.06395348837209303,0.005813953488372093,0.01744186046511628,1,Inferential
0.6333333333333333,20.0,3.3333333333333335,0.0,0.07777777777777778,9.78,9.33,0.0,0.0,0.0,3.672222222222222,180.0,9.0,8.432740427115679,0.12222222222222222,0.5666666666666667,4.522222222222222,1.488888888888889,0.6888888888888889,0.1388888888888889,0.03333333333333333,0.05,0.005555555555555556,0.07222222222222222,0,Literal
0.5581395348837209,19.11111111111111,6.976744186046512,0.0,0.05232558139534884,10.59,10.44,0.0,0.0,0.0,3.988372093023256,172.0,9.0,17.8947540419594,0.1569767441860465,0.563953488372093,4.77906976744186,1.5872093023255813,0.5813953488372093,0.16279069767441862,0.11627906976744186,0.05813953488372093,0.005813953488372093,0.046511627906976744,0,Literal
0.5515463917525774,27.714285714285715,0.0,0.0,0.05154639175257732,9.82,11.09,0.0,0.0,0.0,3.9742268041237114,194.0,7.0,14.64686356340148,0.13917525773195877,0.6185567010309279,3.8556701030927836,1.2371134020618557,0.7474226804123711,0.10824742268041238,0.04639175257731959,0.04639175257731959,0.010309278350515464,0.041237113402061855,0,Literal
0.6204819277108434,33.2,0.0,0.0,0.024096385542168676,11.72,13.28,0.0,0.0,0.0,4.186746987951807,166.0,5.0,13.644046320648432,0.18072289156626506,0.5903614457831325,3.7228915662650603,1.216867469879518,0.6566265060240963,0.20481927710843373,0.08433734939759036,0.030120481927710843,0.006024096385542169,0.018072289156626505,0,Literal
0.5782312925170068,18.375,2.0408163265306123,0.0,0.013605442176870748,7.71,8.17,0.0,0.0,0.0,3.020408163265306,147.0,8.0,5.383713866839507,0.10884353741496598,0.6054421768707483,4.285714285714286,1.3673469387755102,0.7210884353741497,0.12244897959183673,0.08843537414965986,0.02040816326530612,0.0,0.013605442176870748,0,Literal
0.6178010471204188,31.833333333333332,2.6178010471204187,0.0,0.031413612565445025,14.19,13.78,0.0,0.0,0.0,4.209424083769633,191.0,6.0,21.08448613449129,0.1518324607329843,0.6387434554973822,4.371727748691099,1.4712041884816753,0.6596858638743456,0.17277486910994763,0.07329842931937172,0.06282722513089005,0.0,0.031413612565445025,1,Inferential
0.51875,22.857142857142858,0.0,0.0,0.0,10.73,9.14,0.0,0.0,0.0,3.44375,160.0,7.0,7.010196655077313,0.11875,0.45625,4.6,1.475,0.65,0.20625,0.0875,0.01875,0.0,0.0,0,Literal
0.5561497326203209,17.0,2.13903743315508,0.0,0.0374331550802139,5.62,7.66,0.0,0.0,0.0,3.486631016042781,187.0,11.0,4.492417854765759,0.15508021390374332,0.6524064171122995,3.8128342245989306,1.2352941176470589,0.7647058823529411,0.13903743315508021,0.016042780748663103,0.0427807486631016,0.0,0.0374331550802139,0,Literal
0.5506329113924051,22.571428571428573,8.227848101265822,0.0,0.12025316455696203,14.87,12.32,0.0,0.0,0.0,3.3797468354430378,158.0,7.0,8.499699874653437,0.13924050632911392,0.5189873417721519,5.120253164556962,1.8354430379746836,0.4810126582278481,0.26582278481012656,0.10126582278481013,0.03164556962025317,0.03164556962025317,0.08860759493670886,1,Inferential
0.5217391304347826,5.366666666666666,0.0,0.0,0.08695652173913043,1.23,2.15,0.0,0.0,0.0,2.248447204968944,161.0,30.0,2.454021642574128,0.2360248447204969,0.5279503105590062,3.857142857142857,1.2484472049689441,0.7329192546583851,0.12422360248447205,0.049689440993788817,0.006211180124223602,0.0,0.08695652173913043,0,Literal
0.6257309941520468,24.428571428571427,2.923976608187134,0.0,0.011695906432748537,11.53,10.94,0.0,0.0,0.0,3.91812865497076,171.0,7.0,5.962467644202631,0.19883040935672514,0.6081871345029239,4.43859649122807,1.4912280701754386,0.695906432748538,0.2222222222222222,0.06432748538011696,0.005847953216374269,0.0,0.011695906432748537,0,Literal
0.5786516853932584,25.428571428571427,0.0,0.0,0.05056179775280899,8.98,10.17,0.0,0.0,0.0,3.893258426966292,178.0,7.0,10.554039752722217,0.08426966292134831,0.6067415730337079,3.99438202247191,1.2415730337078652,0.702247191011236,0.12359550561797752,0.11235955056179775,0.011235955056179775,0.011235955056179775,0.03932584269662921,0,Literal
0.622093023255814,24.571428571428573,12.790697674418606,0.0,0.03488372093023256,15.88,14.94,0.0,0.0,0.0,4.22093023255814,172.0,7.0,11.362307900084671,0.12790697674418605,0.436046511627907,5.436046511627907,1.8546511627906976,0.4418604651162791,0.1744186046511628,0.20348837209302326,0.12790697674418605,0.005813953488372093,0.029069767441860465,2,Evaluative
0.5854922279792746,8.391304347826088,1.0362694300518136,0.0,0.05181347150259067,3.33,3.77,0.0,0.0,0.0,2.6476683937823835,193.0,23.0,5.297572294147596,0.12953367875647667,0.5906735751295337,4.0880829015544045,1.3264248704663213,0.6476683937823834,0.17098445595854922,0.08808290155440414,0.02072538860103627,0.0051813471502590676,0.046632124352331605,0,Literal
0.6178010471204188,15.916666666666666,1.5706806282722512,0.0,0.015706806282722512,6.68,6.99,0.0,0.0,0.0,3.701570680628272,191.0,12.0,10.865337342004414,0.2094240837696335,0.612565445026178,4.0890052356020945,1.361256544502618,0.6544502617801047,0.14659685863874344,0.10471204188481675,0.07853403141361257,0.0,0.015706806282722512,0,Literal
0.5875,22.857142857142858,0.0,0.0,0.0125,7.04,9.14,0.0,0.0,0.0,4.31875,160.0,7.0,13.327890045360686,0.175,0.73125,3.725,1.1625,0.80625,0.14375,0.025,0.0125,0.00625,0.00625,0,Literal
0.6397058823529411,19.428571428571427,2.941176470588235,0.0,0.08088235294117647,10.47,8.95,0.0,0.0,0.0,3.7720588235294117,136.0,7.0,7.225239209372453,0.22058823529411764,0.45588235294117646,4.948529411764706,1.5661764705882353,0.6838235294117647,0.11764705882352941,0.07352941176470588,0.04411764705882353,0.007352941176470588,0.07352941176470588,0,Literal
0.5428571428571428,13.461538461538462,0.5714285714285714,0.0,0.04,3.28,5.61,0.0,0.0,0.0,4.114285714285714,175.0,13.0,6.5813075803715195,0.2571428571428571,0.6171428571428571,3.7257142857142855,1.1542857142857144,0.72,0.17714285714285713,0.02857142857142857,0.03428571428571429,0.022857142857142857,0.017142857142857144,0,Literal
0.5892857142857143,18.666666666666668,5.357142857142857,0.0,0.05952380952380952,10.16,9.61,0.0,0.0,0.0,3.6607142857142856,168.0,9.0,7.689980654665902,0.13095238095238096,0.5059523809523809,4.869047619047619,1.5654761904761905,0.6428571428571429,0.13690476190476192,0.125,0.03571428571428571,0.011904761904761904,0.047619047619047616,0,Literal
0.625,16.0,0.0,0.0,0.03977272727272727,6.14,6.4,0.0,0.0,0.0,4.676136363636363,176.0,11.0,7.691360399395444,0.26136363636363635,0.5284090909090909,4.119318181818182,1.3125,0.75,0.11363636363636363,0.017045454545454544,0.07954545454545454,0.005681818181818182,0.03409090909090909,0,Literal
0.5842696629213483,14.833333333333334,1.1235955056179776,0.0,0.033707865168539325,7.36,6.38,0.0,0.0,0.0,2.9101123595505616,178.0,12.0,6.383028713358224,0.1348314606741573,0.47752808988764045,4.51123595505618,1.4550561797752808,0.5842696629213483,0.24157303370786518,0.07303370786516854,0.06741573033707865,0.0056179775280898875,0.028089887640449437,0,Literal
0.7435897435897436,17.333333333333332,3.8461538461538463,0.0,0.08974358974358974,8.72,8.47,0.0,0.0,0.0,3.4551282051282053,156.0,9.0,5.2446327649804205,0.1346153846153846,0.5512820512820513,4.4743589743589745,1.4871794871794872,0.6538461538461539,0.15384615384615385,0.057692307692307696,0.019230769230769232,0.01282051282051282,0.07692307692307693,0,Literal
0.6273291925465838,26.833333333333332,1.8633540372670807,0.0,0.049689440993788817,9.24,11.48,0.0,0.0,0.0,3.968944099378882,161.0,6.0,5.557777333511022,0.12422360248447205,0.6211180124223602,3.801242236024845,1.2173913043478262,0.6459627329192547,0.20496894409937888,0.049689440993788817,0.049689440993788817,0.006211180124223602,0.043478260869565216,0,Literal
0.49740932642487046,19.3,0.0,0.0,0.015544041450777202,5.33,7.72,0.0,0.0,0.0,3.756476683937824,193.0,10.0,12.798828071350908,0.19689119170984457,0.6269430051813472,3.7979274611398965,1.1347150259067358,0.7409326424870466,0.18134715025906736,0.02072538860103627,0.04145077720207254,0.0,0.015544041450777202,0,Literal
0.5773195876288659,17.636363636363637,4.123711340206185,0.0,0.041237113402061855,8.62,8.7,0.0,0.0,0.0,3.2371134020618557,194.0,11.0,12.089200152639483,0.12886597938144329,0.5979381443298969,4.335051546391752,1.4690721649484537,0.7010309278350515,0.10824742268041238,0.10824742268041238,0.041237113402061855,0.015463917525773196,0.02577319587628866,0,Literal
0.6010928961748634,22.875,3.278688524590164,0.0,0.04918032786885246,9.19,10.46,0.0,0.0,0.0,3.9453551912568305,183.0,8.0,10.76379928278115,0.12568306010928962,0.6010928961748634,4.2076502732240435,1.3442622950819672,0.6830601092896175,0.14754098360655737,0.03825136612021858,0.04918032786885246,0.00546448087431694,0.04371584699453552,0,Literal
0.5783132530120482,13.833333333333334,2.4096385542168677,0.0,0.006024096385542169,5.66,6.5,0.0,0.0,0.0,2.6867469879518073,166.0,12.0,3.5784850922639815,0.10240963855421686,0.5783132530120482,4.168674698795181,1.3433734939759037,0.7831325301204819,0.16265060240963855,0.030120481927710843,0.006024096385542169,0.0,0.006024096385542169,0,Literal
0.5934065934065934,30.333333333333332,0.0,0.0,0.005494505494505495,11.41,12.13,0.0,0.0,0.0,4.065934065934066,182.0,6.0,13.621877827801699,0.14835164835164835,0.5934065934065934,4.038461538461538,1.2857142857142858,0.7967032967032966,0.14835164835164835,0.027472527472527472,0.02197802197802198,0.0,0.005494505494505495,0,Literal
0.6032608695652174,14.153846153846153,0.0,0.0,0.08152173913043478,4.1,5.66,0.0,0.0,0.0,3.4402173913043477,184.0,13.0,6.5569873295772565,0.19021739130434784,0.5380434782608695,3.744565217391304,1.201086956521739,0.7336956521739131,0.1358695652173913,0.02717391304347826,0.021739130434782608,0.03804347826086957,0.043478260869565216,0,Literal
0.6091954022988506,34.8,4.022988505747127,0.0,0.005747126436781609,14.73,15.53,0.0,0.0,0.0,3.454022988505747,174.0,5.0,6.764613810115105,0.09770114942528736,0.6264367816091954,4.316091954022989,1.4195402298850575,0.6954022988505747,0.16091954022988506,0.09195402298850575,0.04597701149425287,0.0,0.005747126436781609,1,Inferential
0.5967741935483871,23.25,1.6129032258064515,0.0,0.026881720430107527,8.01,9.95,0.0,0.0,0.0,4.838709677419355,186.0,8.0,14.017845768876187,0.1989247311827957,0.6236559139784946,4.005376344086022,1.2311827956989247,0.7795698924731183,0.13978494623655913,0.03225806451612903,0.021505376344086023,0.005376344086021506,0.021505376344086023,0,Literal
0.6111111111111112,27.0,5.555555555555555,0.0,0.06790123456790123,14.02,13.02,0.0,0.0,0.0,3.246913580246914,162.0,6.0,15.362291495737216,0.10493827160493827,0.5617283950617284,4.845679012345679,1.617283950617284,0.6172839506172839,0.16049382716049382,0.1111111111111111,0.030864197530864196,0.0,0.06790123456790123,1,Inferential
0.66,25.0,3.3333333333333335,0.0,0.02,10.99,11.33,0.0,0.0,0.0,3.74,150.0,6.0,15.044378795195678,0.10666666666666667,0.66,4.293333333333333,1.4266666666666667,0.72,0.17333333333333334,0.05333333333333334,0.02666666666666667,0.0,0.02,0,Literal
0.6744186046511628,28.666666666666668,4.069767441860465,0.0,0.08139534883720931,14.52,13.09,0.0,0.0,0.0,4.273255813953488,172.0,6.0,15.920810978785665,0.1511627906976744,0.6162790697674418,4.662790697674419,1.6046511627906976,0.627906976744186,0.14534883720930233,0.11046511627906977,0.03488372093023256,0.023255813953488372,0.05813953488372093,1,Inferential
0.6421568627450981,29.142857142857142,1.9607843137254901,0.0,0.049019607843137254,13.19,12.44,0.0,0.0,0.0,4.073529411764706,204.0,7.0,12.059376908803017,0.1568627450980392,0.5490196078431373,4.4068627450980395,1.4754901960784315,0.6666666666666666,0.1323529411764706,0.08333333333333333,0.058823529411764705,0.0196078431372549,0.029411764705882353,1,Inferential
0.5392670157068062,31.833333333333332,4.18848167539267,0.0,0.020942408376963352,12.52,14.41,0.0,0.0,0.0,4.361256544502618,191.0,6.0,18.909873963972718,0.1256544502617801,0.5549738219895288,4.026178010471204,1.3298429319371727,0.5968586387434555,0.2198952879581152,0.11518324607329843,0.04712041884816754,0.010471204188481676,0.010471204188481676,1,Inferential
0.6312056737588653,15.666666666666666,9.219858156028367,0.0,0.02127659574468085,8.85,9.95,0.0,0.0,0.0,2.9858156028368796,141.0,9.0,3.5624932315291993,0.14184397163120568,0.475177304964539,4.929078014184397,1.553191489361702,0.5957446808510638,0.24113475177304963,0.09929078014184398,0.0425531914893617,0.014184397163120567,0.0070921985815602835,0,Literal
0.6129032258064516,23.25,2.1505376344086025,0.0,0.043010752688172046,9.91,10.16,0.0,0.0,0.0,3.5591397849462365,186.0,8.0,12.907725399930074,0.13978494623655913,0.6290322580645161,4.182795698924731,1.39247311827957,0.7204301075268817,0.1774193548387097,0.03763440860215054,0.010752688172043012,0.0,0.043010752688172046,0,Literal
0.5117647058823529,7.391304347826087,0.5882352941176471,0.0,0.029411764705882353,2.08,3.19,0.0,0.0,0.0,2.3705882352941177,170.0,23.0,2.8853321779194885,0.17058823529411765,0.5411764705882353,3.8,1.2529411764705882,0.7470588235294118,0.17647058823529413,0.023529411764705882,0.011764705882352941,0.0,0.029411764705882353,0,Literal
0.6783625730994152,24.428571428571427,1.7543859649122806,0.0,0.017543859649122806,9.67,10.47,0.0,0.0,0.0,4.298245614035087,171.0,7.0,9.678505534831041,0.17543859649122806,0.5555555555555556,4.228070175438597,1.3333333333333333,0.6783625730994152,0.15204678362573099,0.08771929824561403,0.05263157894736842,0.005847953216374269,0.011695906432748537,0,Literal
0.6573426573426573,20.428571428571427,6.293706293706294,0.0,0.04195804195804196,13.5,10.69,0.0,0.0,0.0,3.4125874125874125,143.0,7.0,5.576920370269467,0.1258741258741259,0.4755244755244755,5.181818181818182,1.7902097902097902,0.5104895104895105,0.22377622377622378,0.14685314685314685,0.07692307692307693,0.04195804195804196,0.0,1,Inferential
0.5164835164835165,22.75,5.4945054945054945,0.0,0.02197802197802198,9.82,11.3,0.0,0.0,0.0,3.4450549450549453,182.0,8.0,12.638606529202498,0.13736263736263737,0.6318681318681318,4.269230769230769,1.401098901098901,0.7197802197802198,0.19230769230769232,0.027472527472527472,0.038461538461538464,0.005494505494505495,0.016483516483516484,0,Literal
0.5094339622641509,6.115384615384615,0.628930817610063,0.0,0.0,0.9,2.7,0.0,0.0,0.0,2.4842767295597485,159.0,26.0,2.5011831519829397,0.27044025157232704,0.5723270440251572,3.6729559748427674,1.1949685534591195,0.7987421383647799,0.15723270440251572,0.018867924528301886,0.0,0.0,0.0,0,Literal
0.5957446808510638,31.333333333333332,6.914893617021277,0.0,0.031914893617021274,16.84,15.3,0.0,0.0,0.0,3.8297872340425534,188.0,6.0,15.478479684172259,0.09574468085106383,0.5531914893617021,5.212765957446808,1.7127659574468086,0.5691489361702128,0.19680851063829788,0.11702127659574468,0.0797872340425532,0.005319148936170213,0.026595744680851064,2,Evaluative
0.6089743589743589,22.285714285714285,3.8461538461538463,0.0,0.01282051282051282,9.82,10.45,0.0,0.0,0.0,3.108974358974359,156.0,7.0,8.597579156189187,0.09615384615384616,0.5256410256410257,4.7243589743589745,1.4166666666666667,0.6282051282051282,0.1858974358974359,0.14743589743589744,0.02564102564102564,0.0,0.01282051282051282,0,Literal
0.5738636363636364,19.555555555555557,0.5681818181818182,0.0,0.005681818181818182,6.65,8.05,0.0,0.0,0.0,3.6818181818181817,176.0,9.0,3.8005847503304593,0.20454545454545456,0.5738636363636364,4.0397727272727275,1.2386363636363635,0.6761363636363636,0.2215909090909091,0.08522727272727272,0.011363636363636364,0.0,0.005681818181818182,0,Literal
0.6,51.666666666666664,9.67741935483871,0.0,0.06451612903225806,25.72,24.54,0.0,0.0,0.0,4.316129032258065,155.0,3.0,16.21384867602041,0.12903225806451613,0.5225806451612903,5.2064516129032254,1.793548387096774,0.6,0.15483870967741936,0.12258064516129032,0.05161290322580645,0.01935483870967742,0.04516129032258064,2,Evaluative
0.6526315789473685,23.75,6.315789473684211,0.0,0.08947368421052632,11.99,12.03,0.0,0.0,0.0,4.168421052631579,190.0,8.0,12.599603168354152,0.1631578947368421,0.5947368421052631,4.6421052631578945,1.5526315789473684,0.6368421052631579,0.11578947368421053,0.08421052631578947,0.06315789473684211,0.010526315789473684,0.07894736842105263,0,Literal
0.6069364161849711,34.6,2.312138728323699,0.0,0.05202312138728324,13.59,14.76,0.0,0.0,0.0,3.8728323699421967,173.0,5.0,18.497567407634982,0.10982658959537572,0.6647398843930635,4.034682080924855,1.329479768786127,0.7341040462427746,0.12716763005780346,0.046242774566473986,0.04046242774566474,0.0,0.05202312138728324,1,Inferential
0.7,26.666666666666668,2.5,0.0,0.1125,11.7,11.67,0.0,0.0,0.0,3.4625,160.0,6.0,10.323920443965719,0.14375,0.43125,4.75625,1.43125,0.58125,0.1375,0.1125,0.05625,0.00625,0.10625,0,Literal
0.6123595505617978,25.428571428571427,1.1235955056179776,0.0,0.016853932584269662,10.17,10.62,0.0,0.0,0.0,4.269662921348314,178.0,7.0,12.452358189909088,0.15730337078651685,0.5786516853932584,4.241573033707865,1.3426966292134832,0.7247191011235955,0.1348314606741573,0.06741573033707865,0.056179775280898875,0.0,0.016853932584269662,0,Literal
0.503448275862069,12.083333333333334,2.7586206896551726,0.0,0.07586206896551724,5.56,5.94,0.0,0.0,0.0,3.413793103448276,145.0,12.0,5.073761479962924,0.20689655172413793,0.5862068965517241,4.165517241379311,1.393103448275862,0.6275862068965518,0.2,0.08275862068965517,0.013793103448275862,0.006896551724137931,0.06896551724137931,0,Literal
0.5641025641025641,12.0,1.282051282051282,0.0,0.019230769230769232,5.58,5.31,0.0,0.0,0.0,2.91025641025641,156.0,13.0,7.421382827810669,0.12179487179487179,0.5833333333333334,4.121794871794871,1.3974358974358974,0.6153846153846154,0.17307692307692307,0.10256410256410256,0.08974358974358974,0.00641025641025641,0.01282051282051282,0,Literal
0.6519607843137255,20.4,4.411764705882353,0.0,0.0784313725490196,9.89,9.92,0.0,0.0,0.0,3.1519607843137254,204.0,10.0,5.761944116355173,0.10294117647058823,0.5049019607843137,4.602941176470588,1.4852941176470589,0.5735294117647058,0.1568627450980392,0.11274509803921569,0.0784313725490196,0.00980392156862745,0.06862745098039216,0,Literal
0.627906976744186,11.466666666666667,6.976744186046512,0.0,0.01744186046511628,7.54,7.38,0.0,0.0,0.0,2.872093023255814,172.0,15.0,3.303869784897031,0.16279069767441862,0.46511627906976744,4.656976744186046,1.5813953488372092,0.6918604651162791,0.1511627906976744,0.08139534883720931,0.01744186046511628,0.011627906976744186,0.005813953488372093,0,Literal
0.6528497409326425,16.083333333333332,3.1088082901554404,0.0,0.046632124352331605,7.25,7.68,0.0,0.0,0.0,3.295336787564767,193.0,12.0,9.767790037783481,0.15025906735751296,0.6580310880829016,4.269430051813472,1.4041450777202074,0.7098445595854922,0.11398963730569948,0.07253886010362694,0.05181347150259067,0.0,0.046632124352331605,0,Literal
0.6513157894736842,38.0,3.9473684210526314,0.0,0.019736842105263157,17.01,16.78,0.0,0.0,0.0,3.5657894736842106,152.0,4.0,20.571521577170707,0.10526315789473684,0.6644736842105263,4.5131578947368425,1.506578947368421,0.631578947368421,0.18421052631578946,0.09868421052631579,0.05921052631578947,0.013157894736842105,0.006578947368421052,2,Evaluative
0.7241379310344828,20.714285714285715,12.413793103448276,0.0,0.07586206896551724,15.93,13.25,0.0,0.0,0.0,3.3241379310344827,145.0,7.0,9.17850194526229,0.13793103448275862,0.3931034482758621,5.724137931034483,1.986206896551724,0.46206896551724136,0.1793103448275862,0.1724137931034483,0.10344827586206896,0.027586206896551724,0.04827586206896552,2,Evaluative
0.753731343283582,22.333333333333332,5.223880597014925,0.0,0.04477611940298507,14.25,11.02,0.0,0.0,0.0,3.7761194029850746,134.0,6.0,5.90668171555645,0.20149253731343283,0.44029850746268656,5.276119402985074,1.791044776119403,0.44776119402985076,0.22388059701492538,0.12686567164179105,0.14925373134328357,0.007462686567164179,0.03731343283582089,1,Inferential
0.5909090909090909,19.25,0.0,0.0,0.05844155844155844,6.17,7.7,0.0,0.0,0.0,3.3181818181818183,154.0,8.0,4.910129835350589,0.12987012987012986,0.6688311688311688,3.668831168831169,1.2077922077922079,0.7597402597402597,0.15584415584415584,0.012987012987012988,0.012987012987012988,0.006493506493506494,0.05194805194805195,0,Literal
0.6214285714285714,15.555555555555555,3.571428571428571,0.0,0.05,7.17,7.65,0.0,0.0,0.0,4.5928571428571425,140.0,9.0,6.896053621859067,0.35,0.5214285714285715,4.628571428571429,1.4142857142857144,0.7071428571428572,0.1357142857142857,0.05,0.03571428571428571,0.02142857142857143,0.02857142857142857,0,Literal
0.4634146341463415,23.428571428571427,3.048780487804878,0.0,0.018292682926829267,13.12,10.59,0.0,0.0,0.0,3.2621951219512195,164.0,7.0,11.050902631893551,0.1524390243902439,0.5365853658536586,4.573170731707317,1.6585365853658536,0.6219512195121951,0.10975609756097561,0.15853658536585366,0.09146341463414634,0.006097560975609756,0.012195121951219513,1,Inferential
0.6171428571428571,25.0,5.142857142857142,0.0,0.05142857142857143,10.81,12.06,0.0,0.0,0.0,3.645714285714286,175.0,7.0,12.822174669895356,0.12571428571428572,0.6285714285714286,4.388571428571429,1.4114285714285715,0.72,0.10285714285714286,0.05142857142857143,0.07428571428571429,0.011428571428571429,0.04,0,Literal
0.6774193548387096,20.666666666666668,5.376344086021505,0.0,0.06989247311827956,10.23,10.42,0.0,0.0,0.0,3.795698924731183,186.0,9.0,11.362707032706208,0.11827956989247312,0.5161290322580645,4.596774193548387,1.5053763440860215,0.6236559139784946,0.11290322580645161,0.0913978494623656,0.0913978494623656,0.0,0.06989247311827956,0,Literal
0.6524390243902439,23.428571428571427,0.6097560975609756,0.0,0.006097560975609756,8.15,9.62,0.0,0.0,0.0,4.329268292682927,164.0,7.0,11.335333957072784,0.2073170731707317,0.5975609756097561,3.932926829268293,1.2378048780487805,0.7439024390243902,0.1402439024390244,0.07317073170731707,0.036585365853658534,0.0,0.006097560975609756,0,Literal
0.5976331360946746,28.166666666666668,5.9171597633136095,0.0,0.07692307692307693,13.9,13.63,0.0,0.0,0.0,3.7218934911242605,169.0,6.0,11.352924243950934,0.1242603550295858,0.5384615384615384,4.591715976331361,1.5680473372781065,0.5384615384615384,0.1834319526627219,0.14201183431952663,0.05917159763313609,0.01775147928994083,0.05917159763313609,1,Inferential
0.6616161616161617,22.0,5.05050505050505,0.0,0.045454545454545456,11.17,10.82,0.0,0.0,0.0,3.176767676767677,198.0,9.0,9.158413793331055,0.09595959595959595,0.5909090909090909,4.666666666666667,1.5404040404040404,0.7121212121212122,0.16161616161616163,0.050505050505050504,0.025252525252525252,0.0,0.045454545454545456,0,Literal
0.6102564102564103,32.5,8.717948717948717,0.0,0.09230769230769231,16.45,16.49,0.0,0.0,0.0,5.651282051282052,195.0,6.0,28.032223521432535,0.11282051282051282,0.5435897435897435,4.948717948717949,1.641025641025641,0.6256410256410256,0.11794871794871795,0.08205128205128205,0.06153846153846154,0.020512820512820513,0.07179487179487179,2,Evaluative
0.6176470588235294,85.0,1.1764705882352942,0.0,0.03529411764705882,32.83,34.47,0.0,0.0,0.0,5.094117647058823,170.0,2.0,0.5,0.09411764705882353,0.6352941176470588,3.9705882352941178,1.2941176470588236,0.7411764705882353,0.1588235294117647,0.03529411764705882,0.029411764705882353,0.0,0.03529411764705882,2,Evaluative
0.6842105263157895,13.571428571428571,1.0526315789473684,0.0,0.042105263157894736,5.54,5.85,0.0,0.0,0.0,3.6315789473684212,190.0,14.0,10.319389319061829,0.17894736842105263,0.6684210526315789,4.1421052631578945,1.3421052631578947,0.7157894736842105,0.11578947368421053,0.07894736842105263,0.042105263157894736,0.0,0.042105263157894736,0,Literal
0.5620915032679739,15.3,0.6535947712418301,0.0,0.0196078431372549,4.49,6.38,0.0,0.0,0.0,3.803921568627451,153.0,10.0,7.759510293826538,0.20261437908496732,0.6862745098039216,3.816993464052288,1.196078431372549,0.803921568627451,0.1503267973856209,0.0196078431372549,0.006535947712418301,0.0,0.0196078431372549,0,Literal
0.5851063829787234,23.5,6.382978723404255,0.0,0.0425531914893617,12.66,11.95,0.0,0.0,0.0,3.3031914893617023,188.0,8.0,9.150648884095597,0.10106382978723404,0.6063829787234043,4.824468085106383,1.6170212765957446,0.601063829787234,0.19680851063829788,0.11170212765957446,0.047872340425531915,0.0,0.0425531914893617,1,Inferential
0.5699481865284974,17.545454545454547,5.699481865284974,0.0,0.0051813471502590676,8.74,9.3,0.0,0.0,0.0,3.8238341968911915,193.0,11.0,8.85045640136127,0.20207253886010362,0.6217616580310881,4.487046632124352,1.4818652849740932,0.7409326424870466,0.17616580310880828,0.07253886010362694,0.0051813471502590676,0.0,0.0051813471502590676,0,Literal
0.6111111111111112,22.5,1.1111111111111112,0.0,0.022222222222222223,8.07,9.44,0.0,0.0,0.0,3.4833333333333334,180.0,8.0,7.873015622999868,0.1111111111111111,0.5944444444444444,4.133333333333334,1.261111111111111,0.7111111111111111,0.10555555555555556,0.08333333333333333,0.07777777777777778,0.0,0.022222222222222223,0,Literal
0.5738636363636364,22.0,5.681818181818182,0.0,0.11363636363636363,13.71,11.07,0.0,0.0,0.0,3.2954545454545454,176.0,8.0,9.394147114027968,0.13636363636363635,0.48863636363636365,5.1022727272727275,1.7556818181818181,0.4943181818181818,0.1875,0.14204545454545456,0.0625,0.011363636363636364,0.10227272727272728,1,Inferential
0.5918367346938775,24.5,7.142857142857142,0.0,0.00510204081632653,12.51,12.66,0.0,0.0,0.0,3.6989795918367347,196.0,8.0,7.327175444876422,0.12244897959183673,0.5153061224489796,4.969387755102041,1.5714285714285714,0.5816326530612245,0.17857142857142858,0.14795918367346939,0.08673469387755102,0.0,0.00510204081632653,1,Inferential
0.6602564102564102,26.0,3.8461538461538463,0.0,0.04487179487179487,13.23,11.94,0.0,0.0,0.0,3.8205128205128207,156.0,6.0,8.668269082630562,0.14102564102564102,0.5705128205128205,4.698717948717949,1.5833333333333333,0.6794871794871795,0.10256410256410256,0.10897435897435898,0.0641025641025641,0.019230769230769232,0.02564102564102564,1,Inferential
0.5555555555555556,18.0,2.2222222222222223,0.0,0.022222222222222223,8.67,8.09,0.0,0.0,0.0,3.2666666666666666,180.0,10.0,8.845337754998392,0.10555555555555556,0.5388888888888889,4.638888888888889,1.461111111111111,0.6944444444444444,0.18888888888888888,0.05555555555555555,0.03888888888888889,0.005555555555555556,0.016666666666666666,0,Literal
0.5329949238578681,8.208333333333334,0.0,0.0,0.015228426395939087,3.12,3.28,0.0,0.0,0.0,2.730964467005076,197.0,24.0,3.886407938787006,0.19289340101522842,0.5888324873096447,4.0,1.3147208121827412,0.7258883248730964,0.15228426395939088,0.04060913705583756,0.005076142131979695,0.0,0.015228426395939087,0,Literal
0.611764705882353,18.88888888888889,3.5294117647058822,0.0,0.047058823529411764,8.99,8.97,0.0,0.0,0.0,3.8823529411764706,170.0,9.0,6.087834458578989,0.17058823529411765,0.4588235294117647,4.5588235294117645,1.4588235294117646,0.5117647058823529,0.1588235294117647,0.22941176470588234,0.052941176470588235,0.011764705882352941,0.03529411764705882,0,Literal
0.6730769230769231,31.2,3.8461538461538463,0.0,0.08333333333333333,12.77,14.02,0.0,0.0,0.0,4.160256410256411,156.0,5.0,4.498888751680797,0.1794871794871795,0.5833333333333334,4.269230769230769,1.3717948717948718,0.6923076923076923,0.15384615384615385,0.04487179487179487,0.02564102564102564,0.01282051282051282,0.07051282051282051,1,Inferential
0.56,28.571428571428573,2.0,0.0,0.05,10.95,12.23,0.0,0.0,0.0,3.72,200.0,7.0,9.00566714998542,0.1,0.63,3.855,1.305,0.73,0.16,0.03,0.03,0.01,0.04,0,Literal
0.6270270270270271,37.0,3.2432432432432434,0.0,0.05945945945945946,16.83,16.1,0.0,0.0,0.0,5.064864864864865,185.0,5.0,16.044936896105263,0.10810810810810811,0.5297297297297298,4.572972972972973,1.5243243243243243,0.5837837837837838,0.21081081081081082,0.0918918918918919,0.05405405405405406,0.016216216216216217,0.043243243243243246,2,Evaluative
0.6480446927374302,14.916666666666666,3.35195530726257,0.0,0.061452513966480445,7.24,7.31,0.0,0.0,0.0,3.6759776536312847,179.0,12.0,5.916079783099616,0.22346368715083798,0.5698324022346368,4.430167597765363,1.441340782122905,0.6703910614525139,0.1564245810055866,0.08379888268156424,0.0223463687150838,0.01675977653631285,0.0446927374301676,0,Literal
0.6228571428571429,13.461538461538462,2.2857142857142856,0.0,0.045714285714285714,5.98,6.3,0.0,0.0,0.0,3.954285714285714,175.0,13.0,7.58931045195113,0.24571428571428572,0.5885714285714285,4.2628571428571425,1.3828571428571428,0.6857142857142857,0.18857142857142858,0.045714285714285714,0.03428571428571429,0.005714285714285714,0.04,0,Literal
0.4973821989528796,11.9375,2.094240837696335,0.0,0.05235602094240838,5.56,5.61,0.0,0.0,0.0,2.712041884816754,191.0,16.0,3.9126198064723847,0.13089005235602094,0.5445026178010471,4.104712041884817,1.3979057591623036,0.7382198952879581,0.16230366492146597,0.041884816753926704,0.005235602094240838,0.0,0.05235602094240838,0,Literal
0.6201117318435754,17.9,3.910614525139665,0.0,0.03910614525139665,8.46,8.72,0.0,0.0,0.0,3.441340782122905,179.0,10.0,11.373653766490344,0.12290502793296089,0.6145251396648045,4.391061452513966,1.446927374301676,0.6536312849162011,0.1787709497206704,0.0893854748603352,0.03910614525139665,0.0,0.03910614525139665,0,Literal
0.7083333333333334,28.8,1.3888888888888888,0.0,0.05555555555555555,12.19,12.08,0.0,0.0,0.0,4.284722222222222,144.0,5.0,7.704544113703289,0.14583333333333334,0.4861111111111111,4.534722222222222,1.4027777777777777,0.6458333333333334,0.18055555555555555,0.04861111111111111,0.06944444444444445,0.006944444444444444,0.04861111111111111,1,Inferential
0.5976331360946746,56.333333333333336,1.7751479289940828,0.0,0.01775147928994083,22.3,23.24,0.0,0.0,0.0,3.911242603550296,169.0,3.0,18.62495339293199,0.11834319526627218,0.6153846153846154,4.171597633136095,1.349112426035503,0.6804733727810651,0.1893491124260355,0.07100591715976332,0.04142011834319527,0.0,0.01775147928994083,2,Evaluative
0.6214689265536724,14.75,9.03954802259887,0.0,0.05084745762711865,11.7,9.52,0.0,0.0,0.0,2.7570621468926553,177.0,12.0,4.399337071271837,0.13559322033898305,0.4745762711864407,5.265536723163842,1.8248587570621468,0.5310734463276836,0.12994350282485875,0.1751412429378531,0.10734463276836158,0.01694915254237288,0.03389830508474576,0,Literal
0.6287128712871287,28.857142857142858,5.445544554455446,0.0,0.04455445544554455,15.35,13.72,0.0,0.0,0.0,5.0594059405940595,202.0,7.0,13.103979766249859,0.14356435643564355,0.5445544554455446,4.935643564356436,1.6683168316831682,0.5643564356435643,0.19306930693069307,0.12871287128712872,0.06930693069306931,0.01485148514851485,0.0297029702970297,2,Evaluative
0.56353591160221,22.625,0.5524861878453038,0.0,0.027624309392265192,9.66,9.27,0.0,0.0,0.0,3.541436464088398,181.0,8.0,11.201980851617272,0.09944751381215469,0.5469613259668509,4.248618784530387,1.3922651933701657,0.6629834254143646,0.17679558011049723,0.07734806629834254,0.055248618784530384,0.0,0.027624309392265192,0,Literal
0.6792452830188679,22.714285714285715,4.40251572327044,0.0,0.06289308176100629,11.23,10.85,0.0,0.0,0.0,4.012578616352202,159.0,7.0,13.211003453367875,0.16352201257861634,0.5786163522012578,4.446540880503145,1.5220125786163523,0.6729559748427673,0.1320754716981132,0.09433962264150944,0.025157232704402517,0.006289308176100629,0.05660377358490566,0,Literal
0.6054421768707483,18.375,0.6802721088435374,0.0,0.061224489795918366,5.62,7.62,0.0,0.0,0.0,4.4353741496598635,147.0,8.0,8.437268515343103,0.22448979591836735,0.5714285714285714,3.7142857142857144,1.1904761904761905,0.7142857142857143,0.17687074829931973,0.02040816326530612,0.027210884353741496,0.0,0.061224489795918366,0,Literal
0.6043956043956044,45.5,4.945054945054945,0.0,0.10989010989010989,20.57,20.18,0.0,0.0,0.0,4.774725274725275,182.0,4.0,29.667954091915405,0.15934065934065933,0.4835164835164835,4.752747252747253,1.5604395604395604,0.5164835164835165,0.1043956043956044,0.1813186813186813,0.08791208791208792,0.01098901098901099,0.0989010989010989,2,Evaluative
0.6333333333333333,18.0,5.0,0.0,0.06666666666666667,11.23,9.2,0.0,0.0,0.0,3.588888888888889,180.0,10.0,7.879720807236764,0.20555555555555555,0.4444444444444444,4.833333333333333,1.6777777777777778,0.5722222222222222,0.16111111111111112,0.11666666666666667,0.06666666666666667,0.011111111111111112,0.05555555555555555,0,Literal
0.5979381443298969,13.857142857142858,0.5154639175257731,0.0,0.015463917525773196,5.45,5.75,0.0,0.0,0.0,3.5618556701030926,194.0,14.0,6.801860489781379,0.15979381443298968,0.6649484536082474,4.030927835051546,1.324742268041237,0.7422680412371134,0.17525773195876287,0.04639175257731959,0.020618556701030927,0.0,0.015463917525773196,0,Literal
0.7043010752688172,26.571428571428573,1.6129032258064515,0.0,0.043010752688172046,10.57,11.27,0.0,0.0,0.0,3.9408602150537635,186.0,7.0,7.345691504104252,0.15053763440860216,0.489247311827957,4.360215053763441,1.3387096774193548,0.5645161290322581,0.1827956989247312,0.12365591397849462,0.08602150537634409,0.005376344086021506,0.03763440860215054,0,Literal
0.5846153846153846,19.5,4.102564102564102,0.0,0.03076923076923077,9.08,9.44,0.0,0.0,0.0,3.4461538461538463,195.0,10.0,6.925315877272314,0.15384615384615385,0.5333333333333333,4.37948717948718,1.4461538461538461,0.6820512820512821,0.13333333333333333,0.09743589743589744,0.05641025641025641,0.0,0.03076923076923077,0,Literal
0.5721925133689839,93.5,9.62566844919786,0.0,0.026737967914438502,40.88,41.25,0.0,0.0,0.0,5.598930481283422,187.0,2.0,54.0,0.11764705882352941,0.5133689839572193,5.208556149732621,1.695187165775401,0.5828877005347594,0.12299465240641712,0.16042780748663102,0.0962566844919786,0.016042780748663103,0.0106951871657754,2,Evaluative
0.6666666666666666,13.153846153846153,2.923976608187134,0.0,0.1111111111111111,6.65,6.43,0.0,0.0,0.0,3.573099415204678,171.0,13.0,6.157691106519846,0.22807017543859648,0.5555555555555556,4.356725146198831,1.4502923976608186,0.6549707602339181,0.12280701754385964,0.04678362573099415,0.06432748538011696,0.03508771929824561,0.07602339181286549,0,Literal
0.5163398692810458,8.5,1.9607843137254901,0.0,0.058823529411764705,3.0,4.18,0.0,0.0,0.0,3.823529411764706,153.0,18.0,2.9674156357941426,0.3202614379084967,0.5490196078431373,3.849673202614379,1.2941176470588236,0.7254901960784313,0.16993464052287582,0.026143790849673203,0.0196078431372549,0.0,0.058823529411764705,0,Literal
0.6482758620689655,29.0,6.206896551724138,0.0,0.027586206896551724,13.46,14.08,0.0,0.0,0.0,4.317241379310345,145.0,5.0,18.676188047886004,0.1103448275862069,0.6551724137931034,4.558620689655172,1.5034482758620689,0.696551724137931,0.2,0.06206896551724138,0.013793103448275862,0.006896551724137931,0.020689655172413793,1,Inferential
0.6054421768707483,29.4,4.761904761904762,0.0,0.006802721088435374,12.49,13.66,0.0,0.0,0.0,4.346938775510204,147.0,5.0,4.707440918375928,0.14965986394557823,0.6190476190476191,4.421768707482993,1.4081632653061225,0.7074829931972789,0.19047619047619047,0.06802721088435375,0.027210884353741496,0.0,0.006802721088435374,1,Inferential
0.6149425287356322,24.857142857142858,5.172413793103448,0.0,0.11494252873563218,13.36,12.01,0.0,0.0,0.0,3.3045977011494254,174.0,7.0,4.59813626840888,0.09195402298850575,0.5402298850574713,4.827586206896552,1.632183908045977,0.5344827586206896,0.21264367816091953,0.08620689655172414,0.05172413793103448,0.022988505747126436,0.09195402298850575,1,Inferential
0.5786516853932584,17.8,8.98876404494382,0.0,0.056179775280898875,10.51,10.72,0.0,0.0,0.0,2.898876404494382,178.0,10.0,9.818350166906862,0.07865168539325842,0.5280898876404494,4.921348314606742,1.6235955056179776,0.5449438202247191,0.19101123595505617,0.0898876404494382,0.08426966292134831,0.02247191011235955,0.033707865168539325,0,Literal
0.6530612244897959,32.666666666666664,2.0408163265306123,0.0,0.04081632653061224,13.59,13.88,0.0,0.0,0.0,3.9693877551020407,196.0,6.0,8.16496580927726,0.15816326530612246,0.5051020408163265,4.413265306122449,1.3928571428571428,0.6836734693877551,0.1377551020408163,0.061224489795918366,0.07653061224489796,0.0,0.04081632653061224,1,Inferential
0.5714285714285714,17.88888888888889,0.0,0.0,0.012422360248447204,5.31,7.16,0.0,0.0,0.0,4.254658385093168,161.0,9.0,9.708084959467902,0.22981366459627328,0.6211180124223602,3.546583850931677,1.1801242236024845,0.7577639751552795,0.16149068322981366,0.031055900621118012,0.006211180124223602,0.006211180124223602,0.006211180124223602,0,Literal
0.5189873417721519,17.555555555555557,8.227848101265822,0.0,0.0189873417721519,11.42,10.31,0.0,0.0,0.0,3.6392405063291138,158.0,9.0,6.378977819736589,0.1518987341772152,0.4936708860759494,5.2025316455696204,1.7088607594936709,0.5632911392405063,0.15822784810126583,0.13291139240506328,0.08860759493670886,0.0,0.0189873417721519,0,Literal
0.6571428571428571,17.5,6.2857142857142865,0.0,0.05714285714285714,10.52,9.51,0.0,0.0,0.0,3.8514285714285714,175.0,10.0,5.734980383575867,0.18857142857142858,0.49714285714285716,5.097142857142857,1.6342857142857143,0.52,0.26285714285714284,0.045714285714285714,0.07428571428571429,0.005714285714285714,0.05142857142857143,0,Literal
0.5405405405405406,18.5,2.1621621621621623,0.0,0.06486486486486487,7.44,8.26,0.0,0.0,0.0,3.1675675675675676,185.0,10.0,6.862215385719105,0.12972972972972974,0.5891891891891892,4.1891891891891895,1.3405405405405406,0.6756756756756757,0.2,0.05405405405405406,0.005405405405405406,0.0,0.06486486486486487,0,Literal
0.5898876404494382,16.181818181818183,1.1235955056179776,0.0,0.02247191011235955,5.04,6.92,0.0,0.0,0.0,3.1853932584269664,178.0,11.0,8.764126730905476,0.15730337078651685,0.5280898876404494,3.9269662921348316,1.2134831460674158,0.7808988764044944,0.12359550561797752,0.05056179775280899,0.02247191011235955,0.011235955056179775,0.011235955056179775,0,Literal
0.6493506493506493,12.833333333333334,1.2987012987012987,0.0,0.03896103896103896,4.51,5.65,0.0,0.0,0.0,3.6948051948051948,154.0,12.0,7.174414416676962,0.24025974025974026,0.5909090909090909,4.116883116883117,1.2792207792207793,0.7272727272727273,0.16233766233766234,0.032467532467532464,0.03896103896103896,0.012987012987012988,0.025974025974025976,0,Literal
0.6447368421052632,15.2,0.6578947368421052,0.0,0.02631578947368421,4.54,6.34,0.0,0.0,0.0,3.526315789473684,152.0,10.0,7.166589146867567,0.1513157894736842,0.618421052631579,3.9210526315789473,1.2039473684210527,0.75,0.1513157894736842,0.02631578947368421,0.046052631578947366,0.006578947368421052,0.019736842105263157,0,Literal
0.6225165562913907,16.77777777777778,0.0,0.0,0.026490066225165563,5.49,6.71,0.0,0.0,0.0,3.728476821192053,151.0,9.0,10.674765443978178,0.17218543046357615,0.6357615894039735,3.9139072847682117,1.2317880794701987,0.7417218543046358,0.16556291390728478,0.046357615894039736,0.006622516556291391,0.013245033112582781,0.013245033112582781,0,Literal
0.6733333333333333,30.0,2.666666666666667,0.0,0.09333333333333334,13.89,13.07,0.0,0.0,0.0,3.5866666666666664,150.0,5.0,21.320412753978285,0.17333333333333334,0.4533333333333333,4.8133333333333335,1.5066666666666666,0.5666666666666667,0.14666666666666667,0.14,0.05333333333333334,0.02,0.07333333333333333,1,Inferential
0.5485714285714286,19.444444444444443,2.2857142857142856,0.0,0.03428571428571429,9.66,8.69,0.0,0.0,0.0,3.36,175.0,9.0,6.273597428219158,0.14285714285714285,0.6057142857142858,4.394285714285714,1.497142857142857,0.6857142857142857,0.15428571428571428,0.11428571428571428,0.011428571428571429,0.005714285714285714,0.02857142857142857,0,Literal
0.6392405063291139,26.333333333333332,3.1645569620253164,0.0,0.08227848101265822,11.04,11.8,0.0,0.0,0.0,4.4113924050632916,158.0,6.0,23.730547589318054,0.20253164556962025,0.6075949367088608,4.272151898734177,1.3860759493670887,0.620253164556962,0.16455696202531644,0.056962025316455694,0.0759493670886076,0.0,0.08227848101265822,0,Literal
0.6701570680628273,23.875,5.2356020942408374,0.0,0.08900523560209424,10.34,11.64,0.0,0.0,0.0,4.2356020942408374,191.0,8.0,12.975337182516684,0.14136125654450263,0.5078534031413613,4.455497382198953,1.4083769633507854,0.6649214659685864,0.14659685863874344,0.041884816753926704,0.05759162303664921,0.02617801047120419,0.06282722513089005,0,Literal
0.5434782608695652,12.266666666666667,1.0869565217391304,0.0,0.07608695652173914,3.69,5.34,0.0,0.0,0.0,3.4402173913043477,184.0,15.0,5.188020388891658,0.21739130434782608,0.657608695652174,3.907608695652174,1.2282608695652173,0.75,0.09239130434782608,0.05434782608695652,0.02717391304347826,0.03804347826086957,0.03804347826086957,0,Literal
0.5722222222222222,25.714285714285715,0.0,0.0,0.07777777777777778,9.45,10.29,0.0,0.0,0.0,4.022222222222222,180.0,7.0,5.921251936017916,0.17777777777777778,0.5777777777777777,4.088888888888889,1.2722222222222221,0.7222222222222222,0.15,0.03333333333333333,0.016666666666666666,0.027777777777777776,0.05,0,Literal
0.643312101910828,26.166666666666668,0.6369426751592357,0.0,0.044585987261146494,10.47,10.72,0.0,0.0,0.0,4.070063694267516,157.0,6.0,15.137334272879386,0.17834394904458598,0.554140127388535,4.089171974522293,1.3439490445859872,0.7261146496815286,0.09554140127388536,0.08917197452229299,0.03821656050955414,0.012738853503184714,0.03184713375796178,0,Literal
0.6684782608695652,20.444444444444443,4.891304347826087,0.0,0.06521739130434782,9.63,10.13,0.0,0.0,0.0,3.4510869565217392,184.0,9.0,10.545609349070821,0.1793478260869565,0.532608695652174,4.646739130434782,1.4619565217391304,0.6413043478260869,0.17391304347826086,0.06521739130434782,0.04891304347826087,0.005434782608695652,0.059782608695652176,0,Literal
0.6459627329192547,40.25,6.211180124223603,0.0,0.031055900621118012,17.33,18.58,0.0,0.0,0.0,3.540372670807453,161.0,4.0,18.08832496390973,0.15527950310559005,0.6024844720496895,4.577639751552795,1.4596273291925466,0.6583850931677019,0.18012422360248448,0.062111801242236024,0.06832298136645963,0.006211180124223602,0.024844720496894408,2,Evaluative
0.55,12.857142857142858,0.5555555555555556,0.0,0.005555555555555556,5.29,5.37,0.0,0.0,0.0,3.0166666666666666,180.0,14.0,4.916133373591361,0.1,0.5333333333333333,4.372222222222222,1.3444444444444446,0.6555555555555556,0.17777777777777778,0.1388888888888889,0.022222222222222223,0.0,0.005555555555555556,0,Literal
0.5570469798657718,9.933333333333334,0.0,0.0,0.04697986577181208,0.72,3.97,0.0,0.0,0.0,3.912751677852349,149.0,15.0,6.974875546480302,0.31543624161073824,0.6912751677852349,3.38255033557047,1.0536912751677852,0.8053691275167785,0.10067114093959731,0.03355704697986577,0.013422818791946308,0.013422818791946308,0.03355704697986577,0,Literal
0.6608187134502924,42.75,0.0,0.0,0.04678362573099415,15.44,17.1,0.0,0.0,0.0,5.543859649122807,171.0,4.0,18.046814123273947,0.14619883040935672,0.5263157894736842,4.04093567251462,1.2163742690058479,0.6257309941520468,0.15789473684210525,0.1286549707602339,0.03508771929824561,0.011695906432748537,0.03508771929824561,2,Evaluative
0.5,26.571428571428573,0.0,0.0,0.08064516129032258,9.74,10.63,0.0,0.0,0.0,4.10752688172043,186.0,7.0,9.424241429983224,0.14516129032258066,0.5967741935483871,3.817204301075269,1.2688172043010753,0.6989247311827957,0.12365591397849462,0.010752688172043012,0.053763440860215055,0.0,0.08064516129032258,0,Literal
0.6149425287356322,14.5,5.747126436781609,0.0,0.05172413793103448,10.21,8.1,0.0,0.0,0.0,3.3908045977011496,174.0,12.0,4.6338129248192805,0.16091954022988506,0.5172413793103449,5.017241379310345,1.706896551724138,0.5919540229885057,0.20689655172413793,0.08620689655172414,0.05747126436781609,0.05172413793103448,0.0,0,Literal
0.5187165775401069,14.384615384615385,2.6737967914438503,0.0,0.016042780748663103,8.82,6.82,0.0,0.0,0.0,2.9411764705882355,187.0,13.0,6.0461734194241785,0.1443850267379679,0.5080213903743316,4.540106951871658,1.5935828877005347,0.5614973262032086,0.21390374331550802,0.1711229946524064,0.0374331550802139,0.0106951871657754,0.0053475935828877,0,Literal
0.554945054945055,16.545454545454547,2.7472527472527473,0.0,0.02197802197802198,10.18,7.72,0.0,0.0,0.0,3.2362637362637363,182.0,11.0,5.152228114656275,0.17032967032967034,0.5494505494505495,4.747252747252747,1.6373626373626373,0.7032967032967034,0.12087912087912088,0.09340659340659341,0.06043956043956044,0.0,0.02197802197802198,0,Literal
0.6459627329192547,20.125,6.211180124223603,0.0,0.049689440993788817,10.44,10.53,0.0,0.0,0.0,3.3975155279503104,161.0,8.0,13.444329659748751,0.14906832298136646,0.5279503105590062,4.770186335403727,1.5403726708074534,0.4968944099378882,0.20496894409937888,0.15527950310559005,0.09316770186335403,0.018633540372670808,0.031055900621118012,0,Literal
0.59375,27.428571428571427,2.604166666666667,0.0,0.08333333333333333,10.04,12.01,0.0,0.0,0.0,4.010416666666667,192.0,7.0,7.148569144683887,0.13020833333333334,0.6510416666666666,4.015625,1.265625,0.6927083333333334,0.14583333333333334,0.041666666666666664,0.036458333333333336,0.020833333333333332,0.0625,0,Literal
0.6956521739130435,26.833333333333332,5.590062111801243,0.0,0.055900621118012424,12.76,12.97,0.0,0.0,0.0,3.9937888198757765,161.0,6.0,8.591015979239915,0.15527950310559005,0.5527950310559007,4.6521739130434785,1.515527950310559,0.6335403726708074,0.13043478260869565,0.08695652173913043,0.07453416149068323,0.006211180124223602,0.049689440993788817,1,Inferential
0.574585635359116,22.625,6.629834254143646,0.0,0.022099447513812154,10.05,11.7,0.0,0.0,0.0,4.259668508287293,181.0,8.0,10.583005244258363,0.1270718232044199,0.6022099447513812,4.419889502762431,1.425414364640884,0.6685082872928176,0.20994475138121546,0.06629834254143646,0.027624309392265192,0.0,0.022099447513812154,0,Literal
0.625,32.0,10.0,0.0,0.05,17.47,16.8,0.0,0.0,0.0,3.15625,160.0,5.0,25.560907652115958,0.1,0.5625,5.025,1.74375,0.55625,0.2,0.1125,0.08125,0.025,0.025,2,Evaluative
0.6713286713286714,28.6,13.986013986013987,0.0,0.06293706293706294,18.83,17.03,0.0,0.0,0.0,4.2727272727272725,143.0,5.0,9.09945053286186,0.16083916083916083,0.4405594405594406,5.580419580419581,1.972027972027972,0.46153846153846156,0.20279720279720279,0.13986013986013987,0.13286713286713286,0.02097902097902098,0.04195804195804196,2,Evaluative
0.5117647058823529,8.095238095238095,0.0,0.0,0.0,2.98,3.24,0.0,0.0,0.0,2.6705882352941175,170.0,21.0,3.0999963426209134,0.17647058823529413,0.5764705882352941,3.958823529411765,1.3058823529411765,0.7411764705882353,0.16470588235294117,0.052941176470588235,0.0058823529411764705,0.0,0.0,0,Literal
0.6308724832214765,24.833333333333332,2.013422818791946,0.0,0.0738255033557047,10.41,10.74,0.0,0.0,0.0,3.785234899328859,149.0,6.0,7.1278015934477,0.087248322147651,0.5906040268456376,4.1879194630872485,1.3825503355704698,0.7181208053691275,0.1476510067114094,0.04697986577181208,0.013422818791946308,0.006711409395973154,0.06711409395973154,0,Literal
0.5,13.23076923076923,2.3255813953488373,0.0,0.08139534883720931,5.14,6.22,0.0,0.0,0.0,2.883720930232558,172.0,13.0,4.806307492865634,0.12209302325581395,0.5872093023255814,4.25,1.319767441860465,0.6337209302325582,0.12209302325581395,0.14534883720930233,0.01744186046511628,0.005813953488372093,0.0755813953488372,0,Literal
0.6643356643356644,20.428571428571427,9.090909090909092,0.0,0.08391608391608392,13.09,11.81,0.0,0.0,0.0,4.020979020979021,143.0,7.0,4.2378277069118075,0.16783216783216784,0.5244755244755245,5.125874125874126,1.7552447552447552,0.5874125874125874,0.15384615384615385,0.1048951048951049,0.06993006993006994,0.06293706293706294,0.02097902097902098,1,Inferential
0.6166666666666667,22.5,5.555555555555555,0.0,0.03333333333333333,10.49,11.22,0.0,0.0,0.0,3.15,180.0,8.0,11.905224693385673,0.08333333333333333,0.5722222222222222,4.738888888888889,1.4666666666666666,0.6222222222222222,0.16111111111111112,0.1111111111111111,0.06111111111111111,0.005555555555555556,0.027777777777777776,0,Literal
0.572289156626506,23.714285714285715,6.024096385542169,0.0,0.07228915662650602,12.14,11.9,0.0,0.0,0.0,3.8433734939759034,166.0,7.0,6.712765785411846,0.15060240963855423,0.5,4.789156626506024,1.5662650602409638,0.5481927710843374,0.25903614457831325,0.08433734939759036,0.030120481927710843,0.018072289156626505,0.05421686746987952,1,Inferential
0.65,16.363636363636363,1.6666666666666667,0.0,0.03888888888888889,5.94,7.21,0.0,0.0,0.0,3.6333333333333333,180.0,11.0,8.073013917924845,0.18888888888888888,0.5,4.2555555555555555,1.2833333333333334,0.7,0.15,0.07222222222222222,0.03888888888888889,0.0,0.03888888888888889,0,Literal
0.5806451612903226,19.375,3.225806451612903,0.0,0.06451612903225806,9.78,9.04,0.0,0.0,0.0,3.4838709677419355,155.0,8.0,6.163146517810525,0.13548387096774195,0.4645161290322581,4.877419354838709,1.5096774193548388,0.535483870967742,0.2129032258064516,0.10967741935483871,0.07741935483870968,0.012903225806451613,0.05161290322580645,0,Literal
0.6483516483516484,16.545454545454547,2.197802197802198,0.0,0.01098901098901099,7.91,7.5,0.0,0.0,0.0,4.071428571428571,182.0,11.0,13.04790917673393,0.21978021978021978,0.5494505494505495,4.28021978021978,1.445054945054945,0.7197802197802198,0.1813186813186813,0.03296703296703297,0.04395604395604396,0.005494505494505495,0.005494505494505495,0,Literal
0.39361702127659576,15.666666666666666,0.0,0.0,0.010638297872340425,3.89,6.27,0.0,0.0,0.0,5.0212765957446805,188.0,12.0,19.98958061924595,0.3191489361702128,0.6063829787234043,3.6808510638297873,1.1329787234042554,0.8191489361702128,0.1276595744680851,0.015957446808510637,0.026595744680851064,0.0,0.010638297872340425,0,Literal
0.580110497237569,30.166666666666668,0.5524861878453038,0.0,0.011049723756906077,10.71,12.29,0.0,0.0,0.0,3.6187845303867405,181.0,6.0,11.647603473104098,0.08839779005524862,0.6740331491712708,3.8784530386740332,1.2320441988950277,0.7292817679558011,0.17679558011049723,0.027624309392265192,0.055248618784530384,0.0,0.011049723756906077,0,Literal
0.6410256410256411,19.5,5.769230769230769,0.0,0.04487179487179487,10.55,10.11,0.0,0.0,0.0,3.9038461538461537,156.0,8.0,8.027297179001161,0.25,0.5384615384615384,4.743589743589744,1.5705128205128205,0.6730769230769231,0.14102564102564102,0.08333333333333333,0.03205128205128205,0.0,0.04487179487179487,0,Literal
0.6120218579234973,26.142857142857142,9.289617486338798,0.0,0.09836065573770492,14.79,14.17,0.0,0.0,0.0,3.6830601092896176,183.0,7.0,13.757372791432562,0.1366120218579235,0.5300546448087432,4.945355191256831,1.710382513661202,0.546448087431694,0.18032786885245902,0.10382513661202186,0.07103825136612021,0.0273224043715847,0.07103825136612021,1,Inferential
0.5384615384615384,10.263157894736842,0.0,0.0,0.020512820512820513,4.33,4.11,0.0,0.0,0.0,2.7794871794871794,195.0,19.0,4.030355730331926,0.13846153846153847,0.517948717948718,4.251282051282051,1.3487179487179488,0.6410256410256411,0.14871794871794872,0.03076923076923077,0.020512820512820513,0.0,0.020512820512820513,0,Literal
0.6739130434782609,23.0,4.891304347826087,0.0,0.11413043478260869,11.53,11.16,0.0,0.0,0.0,3.282608695652174,184.0,8.0,8.407585860400118,0.125,0.5108695652173914,4.717391304347826,1.5380434782608696,0.6032608695652174,0.14130434782608695,0.10326086956521739,0.03804347826086957,0.021739130434782608,0.09239130434782608,0,Literal
0.54,18.181818181818183,1.5,0.0,0.13,9.5,7.87,0.0,0.0,0.0,3.435,200.0,11.0,12.497272429687134,0.185,0.485,4.675,1.525,0.56,0.135,0.105,0.03,0.015,0.115,0,Literal
0.5986394557823129,18.375,6.122448979591836,0.0,0.04081632653061224,10.12,9.8,0.0,0.0,0.0,3.2789115646258504,147.0,8.0,8.71690168580557,0.1292517006802721,0.5374149659863946,4.809523809523809,1.5714285714285714,0.6122448979591837,0.1292517006802721,0.14965986394557823,0.06802721088435375,0.006802721088435374,0.034013605442176874,0,Literal
0.5526315789473685,11.875,1.5789473684210527,0.0,0.0,4.63,5.38,0.0,0.0,0.0,2.968421052631579,190.0,16.0,4.211220131980754,0.14736842105263157,0.5736842105263158,4.078947368421052,1.3210526315789475,0.8105263157894737,0.14210526315789473,0.010526315789473684,0.03684210526315789,0.0,0.0,0,Literal
0.5868263473053892,18.555555555555557,0.0,0.0,0.005988023952095809,5.99,7.42,0.0,0.0,0.0,3.7365269461077846,167.0,9.0,14.659931113307238,0.11976047904191617,0.6467065868263473,3.844311377245509,1.215568862275449,0.7005988023952096,0.2155688622754491,0.029940119760479042,0.04790419161676647,0.0,0.005988023952095809,0,Literal
0.6,23.75,1.5789473684210527,0.0,0.005263157894736842,8.89,10.13,0.0,0.0,0.0,4.331578947368421,190.0,8.0,19.338675626836498,0.17894736842105263,0.6947368421052632,3.931578947368421,1.2894736842105263,0.7315789473684211,0.19473684210526315,0.03684210526315789,0.031578947368421054,0.0,0.005263157894736842,0,Literal
0.580110497237569,25.857142857142858,4.41988950276243,0.0,0.027624309392265192,13.14,12.11,0.0,0.0,0.0,3.4861878453038675,181.0,7.0,12.866663141940233,0.11049723756906077,0.6077348066298343,4.56353591160221,1.580110497237569,0.6464088397790055,0.16574585635359115,0.10497237569060773,0.049723756906077346,0.0055248618784530384,0.022099447513812154,1,Inferential
0.6706586826347305,33.4,1.1976047904191618,0.0,0.05389221556886228,12.56,13.84,0.0,0.0,0.0,5.317365269461078,167.0,5.0,15.328405005087777,0.19760479041916168,0.47305389221556887,4.269461077844311,1.281437125748503,0.6646706586826348,0.15568862275449102,0.0718562874251497,0.05389221556886228,0.011976047904191617,0.041916167664670656,1,Inferential
0.5786802030456852,39.4,2.030456852791878,0.0,0.03553299492385787,16.49,16.57,0.0,0.0,0.0,4.0,197.0,5.0,15.791136754521506,0.1218274111675127,0.6548223350253807,4.426395939086294,1.416243654822335,0.6395939086294417,0.16243654822335024,0.1116751269035533,0.04060913705583756,0.015228426395939087,0.02030456852791878,2,Evaluative
0.6312849162011173,19.88888888888889,0.5586592178770949,0.0,0.0223463687150838,6.74,8.18,0.0,0.0,0.0,4.033519553072626,179.0,9.0,16.544739195941663,0.22346368715083798,0.6368715083798883,3.8547486033519553,1.23463687150838,0.7430167597765364,0.12290502793296089,0.0782122905027933,0.0335195530726257,0.0,0.0223463687150838,0,Literal
0.583756345177665,21.88888888888889,6.598984771573605,0.0,0.08121827411167512,11.1,11.4,0.0,0.0,0.0,3.7563451776649748,197.0,9.0,6.2182527020592095,0.15228426395939088,0.5025380710659898,4.807106598984771,1.5380710659898478,0.6395939086294417,0.15228426395939088,0.10152284263959391,0.025380710659898477,0.005076142131979695,0.07614213197969544,0,Literal
0.6217616580310881,24.125,10.362694300518134,0.0,0.03626943005181347,14.91,13.8,0.0,0.0,0.0,3.2072538860103625,193.0,8.0,10.145811943851513,0.09844559585492228,0.5129533678756477,5.295336787564767,1.7875647668393781,0.5284974093264249,0.19689119170984457,0.13471502590673576,0.08808290155440414,0.025906735751295335,0.010362694300518135,1,Inferential
0.6036585365853658,27.333333333333332,1.2195121951219512,0.0,0.03048780487804878,9.53,11.42,0.0,0.0,0.0,4.262195121951219,164.0,6.0,12.83766160776781,0.14634146341463414,0.6402439024390244,4.036585365853658,1.225609756097561,0.7012195121951219,0.21951219512195122,0.03048780487804878,0.018292682926829267,0.012195121951219513,0.018292682926829267,0,Literal
0.5915492957746479,10.923076923076923,0.7042253521126761,0.0,0.09154929577464789,3.38,4.65,0.0,0.0,0.0,4.014084507042254,142.0,13.0,7.634397400492003,0.2535211267605634,0.5492957746478874,3.711267605633803,1.2464788732394365,0.7183098591549296,0.09154929577464789,0.06338028169014084,0.035211267605633804,0.035211267605633804,0.056338028169014086,0,Literal
0.5351351351351351,14.23076923076923,5.405405405405405,0.0,0.021621621621621623,8.14,7.85,0.0,0.0,0.0,2.8756756756756756,185.0,13.0,4.559923180085825,0.12432432432432433,0.5351351351351351,4.805405405405406,1.5405405405405406,0.7081081081081081,0.16216216216216217,0.07567567567567568,0.02702702702702703,0.016216216216216217,0.005405405405405406,0,Literal
0.6778523489932886,18.625,3.3557046979865772,0.0,0.053691275167785234,8.23,8.79,0.0,0.0,0.0,3.2013422818791946,149.0,8.0,7.224091638399945,0.10738255033557047,0.5771812080536913,4.429530201342282,1.4026845637583893,0.6442953020134228,0.18120805369127516,0.04697986577181208,0.06711409395973154,0.006711409395973154,0.04697986577181208,0,Literal
0.5180722891566265,23.714285714285715,0.6024096385542169,0.0,0.024096385542168676,10.51,9.73,0.0,0.0,0.0,4.078313253012048,166.0,7.0,7.642523357197289,0.12650602409638553,0.4939759036144578,4.234939759036145,1.427710843373494,0.6385542168674698,0.18674698795180722,0.13253012048192772,0.018072289156626505,0.012048192771084338,0.012048192771084338,0,Literal
0.6288659793814433,19.4,1.5463917525773196,0.0,0.02577319587628866,7.49,8.38,0.0,0.0,0.0,4.211340206185567,194.0,10.0,14.938540758722052,0.211340206185567,0.6443298969072165,4.0,1.3144329896907216,0.7731958762886598,0.1134020618556701,0.04639175257731959,0.03608247422680412,0.005154639175257732,0.020618556701030927,0,Literal
0.5679012345679012,10.125,0.6172839506172839,0.0,0.006172839506172839,3.07,4.3,0.0,0.0,0.0,3.0,162.0,16.0,3.059309562630104,0.24691358024691357,0.6049382716049383,3.9074074074074074,1.2469135802469136,0.808641975308642,0.14814814814814814,0.037037037037037035,0.0,0.006172839506172839,0.0,0,Literal
0.5868263473053892,18.555555555555557,2.3952095808383236,0.0,0.005988023952095809,8.82,8.38,0.0,0.0,0.0,3.305389221556886,167.0,9.0,8.273115763993903,0.10179640718562874,0.6107784431137725,4.149700598802395,1.4550898203592815,0.6526946107784432,0.18562874251497005,0.10778443113772455,0.041916167664670656,0.0,0.005988023952095809,0,Literal
0.5714285714285714,17.181818181818183,0.5291005291005291,0.0,0.015873015873015872,4.97,7.08,0.0,0.0,0.0,3.888888888888889,189.0,11.0,9.745522387823561,0.14285714285714285,0.6666666666666666,3.613756613756614,1.1746031746031746,0.7407407407407407,0.18518518518518517,0.037037037037037035,0.021164021164021163,0.015873015873015872,0.0,0,Literal
0.4878048780487805,12.615384615384615,0.0,0.0,0.054878048780487805,3.72,5.05,0.0,0.0,0.0,3.176829268292683,164.0,13.0,7.742146240053004,0.2073170731707317,0.573170731707317,3.7804878048780486,1.2195121951219512,0.7195121951219512,0.16463414634146342,0.042682926829268296,0.012195121951219513,0.0,0.054878048780487805,0,Literal
0.6149732620320856,14.384615384615385,0.0,0.0,0.0481283422459893,3.59,5.75,0.0,0.0,0.0,3.839572192513369,187.0,13.0,7.188090083829949,0.2192513368983957,0.6096256684491979,3.6310160427807485,1.1497326203208555,0.7700534759358288,0.11229946524064172,0.0427807486631016,0.026737967914438502,0.0213903743315508,0.026737967914438502,0,Literal
0.5963855421686747,20.75,5.421686746987952,0.0,0.0783132530120482,11.91,10.47,0.0,0.0,0.0,3.253012048192771,166.0,8.0,7.258615570478987,0.12650602409638553,0.536144578313253,4.981927710843373,1.644578313253012,0.6024096385542169,0.1566265060240964,0.09036144578313253,0.06626506024096386,0.024096385542168676,0.05421686746987952,0,Literal
0.6368421052631579,21.11111111111111,2.1052631578947367,0.0,0.021052631578947368,8.48,9.29,0.0,0.0,0.0,3.731578947368421,190.0,9.0,16.950909513454825,0.15263157894736842,0.6578947368421053,4.2631578947368425,1.3421052631578947,0.7263157894736842,0.12105263157894737,0.042105263157894736,0.08421052631578947,0.0,0.021052631578947368,0,Literal
0.6494845360824743,19.4,5.670103092783505,0.0,0.061855670103092786,10.04,10.03,0.0,0.0,0.0,3.5412371134020617,194.0,10.0,5.642694391866353,0.14432989690721648,0.5360824742268041,4.829896907216495,1.5309278350515463,0.6134020618556701,0.14948453608247422,0.09278350515463918,0.08247422680412371,0.010309278350515464,0.05154639175257732,0,Literal
0.6521739130434783,20.125,1.2422360248447204,0.0,0.024844720496894408,7.72,8.55,0.0,0.0,0.0,3.248447204968944,161.0,8.0,13.195051155641648,0.11180124223602485,0.5900621118012422,4.279503105590062,1.31055900621118,0.6645962732919255,0.17391304347826086,0.08695652173913043,0.049689440993788817,0.0,0.024844720496894408,0,Literal
0.4517766497461929,12.3125,0.5076142131979695,0.0,0.04568527918781726,3.17,5.13,0.0,0.0,0.0,3.568527918781726,197.0,16.0,5.564606342770349,0.23857868020304568,0.649746192893401,3.6598984771573604,1.1827411167512691,0.7766497461928934,0.1116751269035533,0.04568527918781726,0.02030456852791878,0.0,0.04568527918781726,0,Literal
0.5955056179775281,16.181818181818183,1.6853932584269662,0.0,0.06741573033707865,6.7,7.15,0.0,0.0,0.0,3.544943820224719,178.0,11.0,7.435674562428557,0.1404494382022472,0.6348314606741573,4.078651685393258,1.353932584269663,0.6966292134831461,0.14606741573033707,0.06741573033707865,0.02247191011235955,0.028089887640449437,0.03932584269662921,0,Literal
0.54421768707483,21.0,7.482993197278912,0.0,0.0,11.79,11.39,0.0,0.0,0.0,3.1496598639455784,147.0,7.0,8.449127475783568,0.08843537414965986,0.42857142857142855,5.224489795918367,1.6258503401360545,0.6938775510204082,0.16326530612244897,0.1292517006802721,0.013605442176870748,0.0,0.0,0,Literal
0.5783132530120482,33.2,1.8072289156626504,0.0,0.030120481927710843,12.64,14.0,0.0,0.0,0.0,4.530120481927711,166.0,5.0,7.720103626247513,0.15060240963855423,0.5843373493975904,4.072289156626506,1.2951807228915662,0.6867469879518072,0.10843373493975904,0.0783132530120482,0.09036144578313253,0.0,0.030120481927710843,1,Inferential
0.5802469135802469,23.142857142857142,9.876543209876543,0.0,0.012345679012345678,12.23,13.21,0.0,0.0,0.0,3.425925925925926,162.0,7.0,10.58878883440367,0.1111111111111111,0.5308641975308642,4.993827160493828,1.5925925925925926,0.6296296296296297,0.21604938271604937,0.09876543209876543,0.012345679012345678,0.0,0.012345679012345678,1,Inferential
0.6111111111111112,23.142857142857142,12.962962962962962,0.0,0.06172839506172839,14.92,14.44,0.0,0.0,0.0,3.950617283950617,162.0,7.0,11.473127431577867,0.18518518518518517,0.48148148148148145,5.203703703703703,1.8209876543209877,0.5432098765432098,0.15432098765432098,0.17901234567901234,0.04938271604938271,0.024691358024691357,0.037037037037037035,1,Inferential
0.5699481865284974,16.083333333333332,0.5181347150259068,0.0,0.031088082901554404,5.78,6.64,0.0,0.0,0.0,3.3626943005181347,193.0,12.0,9.388231403671774,0.10880829015544041,0.6269430051813472,4.005181347150259,1.2797927461139897,0.7668393782383419,0.14507772020725387,0.031088082901554404,0.025906735751295335,0.0,0.031088082901554404,0,Literal
0.6190476190476191,21.0,0.5952380952380952,0.0,0.05952380952380952,8.12,8.64,0.0,0.0,0.0,4.017857142857143,168.0,8.0,11.947803145348521,0.16071428571428573,0.5952380952380952,4.0773809523809526,1.3154761904761905,0.7202380952380952,0.1488095238095238,0.047619047619047616,0.023809523809523808,0.023809523809523808,0.03571428571428571,0,Literal
0.6048780487804878,20.5,2.4390243902439024,0.0,0.03902439024390244,8.29,9.18,0.0,0.0,0.0,4.234146341463415,205.0,10.0,13.349157276772193,0.17073170731707318,0.5463414634146342,4.180487804878049,1.3463414634146342,0.6634146341463415,0.16097560975609757,0.06341463414634146,0.05853658536585366,0.00975609756097561,0.02926829268292683,0,Literal
0.5680473372781065,28.166666666666668,2.366863905325444,0.0,0.011834319526627219,10.48,12.21,0.0,0.0,0.0,4.455621301775148,169.0,6.0,5.5377492419453835,0.14201183431952663,0.6686390532544378,4.035502958579881,1.2781065088757397,0.6923076923076923,0.21301775147928995,0.047337278106508875,0.03550295857988166,0.0,0.011834319526627219,0,Literal
0.5432098765432098,18.0,1.2345679012345678,0.0,0.05555555555555555,6.58,7.69,0.0,0.0,0.0,3.697530864197531,162.0,9.0,10.252370999486466,0.14814814814814814,0.6049382716049383,4.098765432098766,1.2839506172839505,0.7283950617283951,0.13580246913580246,0.037037037037037035,0.043209876543209874,0.030864197530864196,0.024691358024691357,0,Literal
0.6526946107784432,20.875,4.191616766467066,0.0,0.10778443113772455,9.72,10.03,0.0,0.0,0.0,3.934131736526946,167.0,8.0,11.384611324063725,0.25748502994011974,0.5029940119760479,4.7604790419161676,1.4550898203592815,0.5868263473053892,0.11377245508982035,0.08383233532934131,0.08982035928143713,0.029940119760479042,0.07784431137724551,0,Literal
0.6,17.272727272727273,1.0526315789473684,0.0,0.05263157894736842,6.73,7.33,0.0,0.0,0.0,3.7,190.0,11.0,9.595970228595917,0.19473684210526315,0.5842105263157895,4.094736842105263,1.3210526315789475,0.6947368421052632,0.11578947368421053,0.06842105263157895,0.06315789473684211,0.021052631578947368,0.031578947368421054,0,Literal
0.6203208556149733,20.77777777777778,4.27807486631016,0.0,0.0374331550802139,8.98,10.02,0.0,0.0,0.0,3.481283422459893,187.0,9.0,11.586497036647742,0.1657754010695187,0.6096256684491979,4.176470588235294,1.3957219251336899,0.679144385026738,0.1711229946524064,0.0427807486631016,0.06951871657754011,0.0053475935828877,0.03208556149732621,0,Literal
0.6258064516129033,19.375,4.516129032258064,0.0,0.0,9.32,9.56,0.0,0.0,0.0,3.4193548387096775,155.0,8.0,6.519202405202649,0.1032258064516129,0.49032258064516127,4.748387096774193,1.4709677419354839,0.6387096774193548,0.18064516129032257,0.12903225806451613,0.05161290322580645,0.0,0.0,0,Literal
0.6227544910179641,18.555555555555557,6.58682634730539,0.0,0.08383233532934131,11.78,10.06,0.0,0.0,0.0,3.3473053892215567,167.0,9.0,7.7284147832352,0.17964071856287425,0.39520958083832336,5.2155688622754495,1.7065868263473054,0.40718562874251496,0.19760479041916168,0.18562874251497005,0.10179640718562874,0.005988023952095809,0.07784431137724551,0,Literal
0.6020942408376964,21.22222222222222,5.2356020942408374,0.0,0.03664921465968586,10.29,10.58,0.0,0.0,0.0,4.0890052356020945,191.0,9.0,12.047232149715379,0.1256544502617801,0.5759162303664922,4.486910994764398,1.4921465968586387,0.675392670157068,0.13089005235602094,0.08900523560209424,0.06282722513089005,0.010471204188481676,0.02617801047120419,0,Literal
0.5205479452054794,14.6,2.73972602739726,0.0,0.17123287671232876,8.77,6.94,0.0,0.0,0.0,3.2739726027397262,146.0,10.0,4.833218389437829,0.13013698630136986,0.4657534246575342,4.5,1.582191780821918,0.6095890410958904,0.0958904109589041,0.0821917808219178,0.03424657534246575,0.00684931506849315,0.1643835616438356,0,Literal
0.7397260273972602,24.333333333333332,2.73972602739726,0.0,0.04794520547945205,12.0,10.83,0.0,0.0,0.0,3.863013698630137,146.0,6.0,10.761298971571952,0.11643835616438356,0.5684931506849316,4.671232876712328,1.5342465753424657,0.6095890410958904,0.2054794520547945,0.07534246575342465,0.06164383561643835,0.0136986301369863,0.03424657534246575,1,Inferential
0.5882352941176471,21.857142857142858,9.15032679738562,0.0,0.13071895424836602,13.6,12.4,0.0,0.0,0.0,3.261437908496732,153.0,7.0,8.458783624621407,0.11764705882352941,0.5098039215686274,5.117647058823529,1.7516339869281046,0.5490196078431373,0.1830065359477124,0.10457516339869281,0.0196078431372549,0.0,0.13071895424836602,1,Inferential
0.5754189944134078,14.916666666666666,10.614525139664805,0.0,0.01675977653631285,12.57,10.21,0.0,0.0,0.0,3.0335195530726256,179.0,12.0,5.096294950473552,0.1340782122905028,0.49162011173184356,5.592178770949721,1.893854748603352,0.6201117318435754,0.20670391061452514,0.12290502793296089,0.0335195530726257,0.00558659217877095,0.0111731843575419,1,Inferential
0.7029702970297029,8.782608695652174,3.9603960396039604,0.0,0.039603960396039604,4.54,5.1,0.0,0.0,0.0,2.5346534653465347,202.0,23.0,4.162121023921502,0.17326732673267325,0.4801980198019802,4.688118811881188,1.4158415841584158,0.6386138613861386,0.15346534653465346,0.10891089108910891,0.04455445544554455,0.0049504950495049506,0.034653465346534656,0,Literal
0.6142131979695431,14.071428571428571,5.583756345177665,0.0,0.06091370558375635,6.61,7.86,0.0,0.0,0.0,3.010152284263959,197.0,14.0,8.03087155663591,0.15228426395939088,0.5888324873096447,4.5126903553299496,1.416243654822335,0.6446700507614214,0.17258883248730963,0.05583756345177665,0.03553299492385787,0.005076142131979695,0.05583756345177665,0,Literal
0.6413793103448275,24.166666666666668,2.7586206896551726,0.0,0.034482758620689655,9.87,10.77,0.0,0.0,0.0,3.5586206896551724,145.0,6.0,8.513061859414757,0.12413793103448276,0.5793103448275863,4.2827586206896555,1.3586206896551725,0.7379310344827587,0.1103448275862069,0.10344827586206896,0.013793103448275862,0.006896551724137931,0.027586206896551724,0,Literal
0.6993865030674846,32.6,4.9079754601226995,0.0,0.09202453987730061,14.93,15.0,0.0,0.0,0.0,4.282208588957055,163.0,5.0,12.690153663372245,0.12269938650306748,0.5766871165644172,4.625766871165644,1.50920245398773,0.6319018404907976,0.12883435582822086,0.06748466257668712,0.0736196319018405,0.018404907975460124,0.0736196319018405,1,Inferential
0.6428571428571429,22.75,2.197802197802198,0.0,0.07692307692307693,9.95,9.98,0.0,0.0,0.0,4.923076923076923,182.0,8.0,21.531590164221498,0.2087912087912088,0.5164835164835165,4.472527472527473,1.4120879120879122,0.6813186813186813,0.12087912087912088,0.06043956043956044,0.06043956043956044,0.016483516483516484,0.06043956043956044,0,Literal
0.6408839779005525,15.083333333333334,2.7624309392265194,0.0,0.055248618784530384,5.55,7.14,0.0,0.0,0.0,3.3646408839779007,181.0,12.0,9.01349297195907,0.1270718232044199,0.6408839779005525,4.138121546961326,1.292817679558011,0.6464088397790055,0.19337016574585636,0.07734806629834254,0.022099447513812154,0.0055248618784530384,0.049723756906077346,0,Literal
0.6133333333333333,50.0,0.0,0.0,0.013333333333333334,18.23,20.0,0.0,0.0,0.0,5.166666666666667,150.0,3.0,15.2825245151302,0.13333333333333333,0.66,3.74,1.2133333333333334,0.7666666666666667,0.14666666666666667,0.06666666666666667,0.006666666666666667,0.0,0.013333333333333334,2,Evaluative
0.6013513513513513,24.666666666666668,8.108108108108109,0.0,0.12162162162162163,12.69,13.11,0.0,0.0,0.0,3.141891891891892,148.0,6.0,7.951240294584376,0.16891891891891891,0.41216216216216217,4.912162162162162,1.5810810810810811,0.5337837837837838,0.18243243243243243,0.0945945945945946,0.06756756756756757,0.07432432432432433,0.0472972972972973,1,Inferential
0.5862068965517241,24.857142857142858,4.597701149425287,0.0,0.034482758620689655,11.4,11.78,0.0,0.0,0.0,4.091954022988506,174.0,7.0,10.265853841840961,0.13793103448275862,0.5804597701149425,4.402298850574713,1.4655172413793103,0.7183908045977011,0.06896551724137931,0.10344827586206896,0.07471264367816093,0.0,0.034482758620689655,0,Literal
0.5815217391304348,23.0,2.1739130434782608,0.0,0.005434782608695652,8.45,10.07,0.0,0.0,0.0,3.505434782608696,184.0,8.0,6.489173676208705,0.14130434782608695,0.6413043478260869,4.021739130434782,1.2771739130434783,0.7336956521739131,0.15217391304347827,0.06521739130434782,0.043478260869565216,0.0,0.005434782608695652,0,Literal
0.6168831168831169,17.11111111111111,1.948051948051948,0.0,0.025974025974025976,7.17,7.62,0.0,0.0,0.0,3.772727272727273,154.0,9.0,5.425135829214979,0.17532467532467533,0.5844155844155844,4.14935064935065,1.3636363636363635,0.6948051948051948,0.1038961038961039,0.07792207792207792,0.09740259740259741,0.006493506493506494,0.01948051948051948,0,Literal
0.6524064171122995,18.7,1.06951871657754,0.0,0.058823529411764705,8.11,7.91,0.0,0.0,0.0,3.27807486631016,187.0,10.0,7.631513611335566,0.1443850267379679,0.5240641711229946,4.331550802139038,1.3903743315508021,0.6898395721925134,0.1711229946524064,0.06417112299465241,0.016042780748663103,0.016042780748663103,0.0427807486631016,0,Literal
0.6059113300492611,11.941176470588236,6.896551724137931,0.0,0.054187192118226604,7.49,7.54,0.0,0.0,0.0,3.7142857142857144,203.0,17.0,6.193533853277586,0.24630541871921183,0.5172413793103449,4.83743842364532,1.561576354679803,0.5911330049261084,0.1477832512315271,0.09852216748768473,0.06896551724137931,0.0049261083743842365,0.04926108374384237,0,Literal
0.6923076923076923,19.5,6.153846153846154,0.0,0.041025641025641026,9.44,10.26,0.0,0.0,0.0,3.3025641025641024,195.0,10.0,11.480853626799707,0.1076923076923077,0.6,4.446153846153846,1.476923076923077,0.6717948717948717,0.1641025641025641,0.06666666666666667,0.05641025641025641,0.015384615384615385,0.02564102564102564,0,Literal
0.5989010989010989,20.22222222222222,6.043956043956044,0.0,0.12087912087912088,12.33,10.51,0.0,0.0,0.0,3.7032967032967035,182.0,9.0,8.672362800483493,0.13736263736263737,0.43956043956043955,5.032967032967033,1.6978021978021978,0.5054945054945055,0.18681318681318682,0.0989010989010989,0.07142857142857142,0.04395604395604396,0.07692307692307693,1,Inferential
0.6645161290322581,9.117647058823529,1.935483870967742,0.0,0.04516129032258064,3.8,4.42,0.0,0.0,0.0,3.1483870967741936,155.0,17.0,5.150335091728831,0.25806451612903225,0.6064516129032258,3.9806451612903224,1.3419354838709678,0.6774193548387096,0.17419354838709677,0.03870967741935484,0.06451612903225806,0.0,0.04516129032258064,0,Literal
0.5606060606060606,22.0,7.575757575757576,0.0,0.025252525252525252,12.18,11.83,0.0,0.0,0.0,3.297979797979798,198.0,9.0,7.817359599705717,0.1111111111111111,0.5858585858585859,4.954545454545454,1.6262626262626263,0.6060606060606061,0.23737373737373738,0.09595959595959595,0.03535353535353535,0.025252525252525252,0.0,1,Inferential
0.6473684210526316,31.666666666666668,3.684210526315789,0.0,0.05789473684210526,13.28,14.14,0.0,0.0,0.0,3.836842105263158,190.0,6.0,13.097921802925667,0.11578947368421053,0.5578947368421052,4.310526315789474,1.4,0.6684210526315789,0.11578947368421053,0.08421052631578947,0.05789473684210526,0.005263157894736842,0.05263157894736842,1,Inferential
0.5176470588235295,10.0,0.5882352941176471,0.0,0.0058823529411764705,3.51,4.24,0.0,0.0,0.0,2.911764705882353,170.0,17.0,3.804022638641116,0.23529411764705882,0.6294117647058823,3.929411764705882,1.2882352941176471,0.8117647058823529,0.12941176470588237,0.029411764705882353,0.023529411764705882,0.0,0.0058823529411764705,0,Literal
0.7172413793103448,29.0,6.206896551724138,0.0,0.08275862068965517,15.41,14.08,0.0,0.0,0.0,4.317241379310345,145.0,5.0,14.524462124292244,0.23448275862068965,0.4413793103448276,5.179310344827586,1.6689655172413793,0.5724137931034483,0.1793103448275862,0.06896551724137931,0.06896551724137931,0.013793103448275862,0.06896551724137931,2,Evaluative
0.5202020202020202,33.0,2.0202020202020203,0.0,0.005050505050505051,11.76,14.01,0.0,0.0,0.0,4.833333333333333,198.0,6.0,13.988090172238191,0.15151515151515152,0.6717171717171717,3.9797979797979797,1.2272727272727273,0.7777777777777778,0.18686868686868688,0.025252525252525252,0.005050505050505051,0.0,0.005050505050505051,0,Literal
0.6685714285714286,8.75,2.2857142857142856,0.0,0.05714285714285714,3.53,4.41,0.0,0.0,0.0,2.9257142857142857,175.0,20.0,4.398579316097415,0.21142857142857144,0.5828571428571429,3.994285714285714,1.3314285714285714,0.7028571428571428,0.13142857142857142,0.045714285714285714,0.017142857142857144,0.0,0.05714285714285714,0,Literal
0.6237113402061856,97.0,6.185567010309279,0.0,0.030927835051546393,40.37,41.27,0.0,0.0,0.0,5.917525773195877,194.0,2.0,18.5,0.15979381443298968,0.5670103092783505,4.5,1.5360824742268042,0.634020618556701,0.1958762886597938,0.08247422680412371,0.05670103092783505,0.010309278350515464,0.020618556701030927,2,Evaluative
0.6547619047619048,21.0,8.928571428571429,0.0,0.0,11.28,11.97,0.0,0.0,0.0,3.630952380952381,168.0,8.0,9.047617089598786,0.16071428571428573,0.5,4.994047619047619,1.5833333333333333,0.6726190476190477,0.16666666666666666,0.14285714285714285,0.017857142857142856,0.0,0.0,0,Literal
0.6474820143884892,23.166666666666668,0.7194244604316548,0.0,0.007194244604316547,8.81,9.55,0.0,0.0,0.0,4.316546762589928,139.0,6.0,18.273386841706895,0.17985611510791366,0.5827338129496403,4.028776978417266,1.3021582733812949,0.841726618705036,0.07913669064748201,0.04316546762589928,0.02877697841726619,0.007194244604316547,0.0,0,Literal
0.6438356164383562,24.333333333333332,4.10958904109589,0.0,0.02054794520547945,11.44,11.38,0.0,0.0,0.0,3.4794520547945207,146.0,6.0,11.841546445554407,0.1095890410958904,0.6164383561643836,4.582191780821918,1.4863013698630136,0.5958904109589042,0.18493150684931506,0.0958904109589041,0.10273972602739725,0.00684931506849315,0.0136986301369863,0,Literal
0.6363636363636364,22.0,2.0202020202020203,0.0,0.04040404040404041,8.54,9.61,0.0,0.0,0.0,3.803030303030303,198.0,9.0,10.012338067616719,0.16161616161616163,0.6464646464646465,3.9444444444444446,1.3181818181818181,0.7474747474747475,0.16666666666666666,0.030303030303030304,0.015151515151515152,0.015151515151515152,0.025252525252525252,0,Literal
0.6273291925465838,26.833333333333332,1.8633540372670807,0.0,0.07453416149068323,12.1,11.48,0.0,0.0,0.0,3.5093167701863353,161.0,6.0,10.126971687308874,0.11801242236024845,0.5900621118012422,4.472049689440993,1.4596273291925466,0.639751552795031,0.18012422360248448,0.062111801242236024,0.043478260869565216,0.012422360248447204,0.062111801242236024,1,Inferential
0.65,16.666666666666668,5.0,0.0,0.04,8.08,8.67,0.0,0.0,0.0,3.855,200.0,12.0,12.932248665856822,0.17,0.525,4.485,1.455,0.635,0.165,0.095,0.055,0.005,0.035,0,Literal
0.6419753086419753,23.142857142857142,3.0864197530864197,0.0,0.04938271604938271,10.04,10.49,0.0,0.0,0.0,3.4074074074074074,162.0,7.0,6.490180966628883,0.1111111111111111,0.5740740740740741,4.339506172839506,1.4074074074074074,0.6111111111111112,0.17901234567901234,0.09876543209876543,0.05555555555555555,0.0,0.04938271604938271,0,Literal
